:020000040800F2
:10000000B071012071020008852F0008EB2C000858
:10001000812F000865090008C13C000800000000AD
:10002000000000000000000000000000B101000816
:10003000930A0008000000000D020008E9330008E0
:100040008B0200088B0200088B0200088B0200085C
:100050008B0200088B0200088B0200088B0200084C
:10006000950A00088B0200088B0200088B0200082A
:100070008B0200088B0200088B0200088B0200082C
:100080008B0200088B0200088B02000800000000B1
:100090000000000000000000000000008B020008CB
:1000A0008B0200088B0200088B0200088B020008FC
:1000B000C93400088B0200088B0200088B0200087C
:1000C0008B0200088B0200088B0200088B020008DC
:1000D0008B020008B13C00088B0200080000000001
:1000E0008B0200088B0200088B0200080000000051
:1000F0000000000000000000000000008B0200086B
:10010000000000008B0200088B0200088B02000830
:1001100000000000000000000000000000000000DF
:100120008B0200088B020008690900088B02000896
:100130008B0200080000000000000000000000002A
:100140000000000000000000000000008B0200081A
:100150008B0200088B020008790900088B02000856
:100160008B0200088B020008000000000000000065
:10017000000000000000000000000000000000007F
:10018000000000008B0200080000000000000000DA
:100190008B0200088B020008DFF810D000F036FB5D
:1001A0000048004753B00208AFF30080B07101204F
:1001B0002C4B19680868B0E8F04F80F30988BFF34A
:1001C0006F8F4FF0000080F311887047000000002F
:1001D00008480068006880F308884FF0000080F34A
:1001E000148862B661B6BFF34F8FBFF36F8F00DF25
:1001F00000BF00BF08ED00E0DFF80C00016841F42B
:1002000070010160704700BF88ED00E0EFF30980E6
:10021000BFF36F8F134B1A681EF0100F08BF20ED4D
:10022000108A20E9F04F106009B44FF0500080F3BD
:100230001188BFF34F8FBFF36F8F3CF0B9F94FF0C8
:10024000000080F3118809BC19680868B0E8F04F15
:100250001EF0100F08BFB0EC108A80F30988BFF3BE
:100260006F8F704714000020EFF305807047000087
:100270000648804706480047FEE7FEE7FEE7FEE740
:10028000FEE7FEE7FEE7FEE7FEE7FEE7B53400081F
:10029000990100082DE9F05F0546002092469B4633
:1002A00088460646814640241BE02846414647468C
:1002B000224600F0E2F853465A46C01A914110D344
:1002C00011461846224600F0C9F82D1A67EB0108BE
:1002D0004F4622460120002100F0C0F817EB00092C
:1002E0004E41201EA4F10104DFDC484631462A4677
:1002F0004346BDE8F09F2DE9F0410024061B25464A
:1003000071F1000605DA01240027D0EB070067EB46
:100310000101161E73F1000605DA0027D2EB070271
:10032000012567EB0303FFF7B5FF86460E46174628
:100330009C46AC4204D00025D0EB050E65EB0106CF
:1003400024B10020D2EB000760EB030C704631466D
:100350003A466346BDE8F08140EA01039B0703D0BB
:1003600009E008C9121F08C0042AFAD203E011F8F4
:10037000013B00F8013B521EF9D27047D2B201E0B6
:1003800000F8012B491EFBD270470022F6E710B59A
:1003900013460A4604461946FFF7F0FF204610BDF3
:1003A00030B505462A460B4612F8010B13F8014BEF
:1003B00008B1A042F8D01CB1002802D06D1CF1E7B2
:1003C000284630BD421C10F8011B0029FBD1801AC1
:1003D000704730B504460020034600E05B1C9342A2
:1003E00003D2E05CCD5C401BF8D030BD30B5054693
:1003F0000020034600E05B1C934205D2EC5CC85C25
:10040000201A01D1002CF6D130BD00F0004230F0AE
:1004100000400AD0C10D01F56071C0F3160042EA38
:100420000151C20840071143704700200146704740
:1004300030B50B46014600202022012409E021FAB4
:1004400002F59D4205D303FA02F5491B04FA02F5B1
:100450002844151EA2F10102F1DC30BD202A04DB84
:10046000203A00FA02F1002070479140C2F12003C7
:1004700020FA03F3194390407047202A04DB203A06
:1004800021FA02F00021704721FA02F3D040C2F1B4
:10049000200291400843194670472DE9FE4F8046DF
:1004A00081EA0300C00F0C46009021F0004123F0C8
:1004B0000045B8EB0200A94105D2404621469046CE
:1004C0001C460B46024623F00040104347D0270D40
:1004D000C7F30A00C3F30A510290401A0190402862
:1004E0006BDAC3F3130040F4801B0098924620B1EE
:1004F0000023D2EB030A63EB0B0B01985946C0F1C2
:1005000040025046FFF7AAFF06460D4650465946A0
:10051000019A00F08DF910EB08006141002487EA90
:10052000115284EAE7731A4340D0009A62B3019AE9
:10053000012A4FEA075215DC001B61EB02014FF064
:10054000004202EA0752CDE90042001C41F5801149
:1005500032462B4600F08DF903B0BDE8F08F4046DF
:100560002146F9E7001B61EB0201001C41F58013F5
:1005700000185B412018A2F5001747EB030140EA81
:10058000D570B6196D4111E06D084FEA360645EA9F
:10059000C0754FEA0752001B61EB0201001C41F5D8
:1005A000801149084FEA30000019514132462B466C
:1005B00003B0BDE8F04F00F04DB9009801224000B3
:1005C0000023D0EB020263EBE073009821464FEA70
:1005D000E074B8EB000061EB0401E9E783F000434D
:1005E0005BE781F0004158E72DE9FE4F81EA030403
:1005F00004F0004421F0004100944FF0000B23F080
:10060000004350EA01045ED052EA03045BD0C3F316
:100610000A54C1F30A552C44A4F2F3340194A0FB0C
:100620000254C1F3130141F48011C3F3130343F4E3
:10063000801301FB024400FB034E840A970A44EA3C
:10064000815447EA8357A4FB076802958D0A05FB8E
:1006500007854FEA932C04FB0C542705029D4FEAB3
:10066000065847EA1637B5EB08056EEB070C870E00
:10067000920E47EA811742EA8312A7FB0201B6EB0A
:100680000B0164EB00042B0D43EA0C335E1844EBC2
:100690001C50DA465146E7FB0201C5F313044FEA4A
:1006A0000B3343EA14534FEA0432019C43EA060336
:1006B000A4F10C040294009CCDE900B400F0D9F838
:1006C00003B0BDE8F08F00200146F9E72DE9F04DB9
:1006D00081EA030404F0004B21F0004514464FF07A
:1006E000000A23F0004150EA050220D054EA01023A
:1006F0001DD0C5F30A570246C5F31303C1F3130017
:10070000C1F30A5640F4801543F48013A7EB0608A2
:10071000101BD64608F2FD3873EB050002D308F132
:10072000010801E092185B41B8F1000F03DA0020E4
:100730000146BDE8F08D00204FF480110646844646
:100740000EE0171B73EB050705D3121B63EB0503C4
:1007500006434CEA010C49084FEA300092185B410D
:1007600050EA0107EDD152EA030012D082EA0400F8
:1007700083EA0501084305D0101BAB4106D20122D4
:10078000002306E000224FF0004302E06FF0010278
:1007900053101AEB06004CEB085110EB0A0041EB2A
:1007A0000B01BDE8F04D00F055B8C1F30A52C1F39A
:1007B000130140F2FF3341F480119A4202DA002023
:1007C0000146704740F233439A42A2F2334202DCC0
:1007D0005242FFF752BEFFF741BE000030B5041E83
:1007E00071F1000404DB4FF00044404264EB01016E
:1007F000141E73F1000405DB1C464FF00043524207
:1008000063EB0403994208BF904230BD064C074D8C
:1008100006E0E06840F0010394E8070098471034D0
:10082000AC42F6D3FFF7BCFC88230508A8230508D3
:10083000202A06DBCB17203A41FA02F043EAE073A4
:1008400006E041FA02F3D040C2F120029140084391
:100850001946704710B5141E73F1000408DA401CE5
:1008600041F1000192185B411A4301D120F00100CF
:1008700010BD2DE9F04D92469B4611B1B1FA81F2BF
:1008800002E0B0FA80F220329046FFF7E7FD04461E
:100890000F4640EA0A0041EA0B0153465A46084314
:1008A00013D0114653EA010019D0C8F14002504656
:1008B000FFF7E3FD05460E46504659464246FFF710
:1008C000CDFD084305D0012004E020463946BDE8AF
:1008D000F08D0020054346EAE0762C4337430A9822
:1008E0006305E40AA0EB08000022FD0A44EA47542D
:1008F0000A3002D500200146E9E7010510196941D7
:10090000DDE9084500196941BDE8F04DA2E770B581
:100910008C1810F8015B15F0070301D110F8013BAA
:100920002A1106D110F8012B03E010F8016B01F831
:10093000016B5B1EF9D12B0705D40023521E0DD489
:1009400001F8013BFAE710F8013BCB1A921C03E0D7
:1009500013F8015B01F8015B521EF9D5A142D8D30F
:10096000002070BD00BFFEE710B5024800F040F95E
:1009700010BD00005802002010B5024800F038F900
:1009800010BD0000B8020020014608781038182376
:10099000B0FBF3F20848805CC865032A05D90868F3
:1009A0006FF30900001D886503E008686FF3090014
:1009B0008865886D704700008CDD030801460020C3
:1009C0008A6A8B69CBB932B1012A0DD0022A03D0D1
:1009D000032A10D10EE000BFCB6A03F08073B3F19D
:1009E000807F00D1012007E0CB6AB3F1C07F00D146
:1009F000012001E000E000BF34E08B69B3F5005F47
:100A00001AD132B1012A07D0022A03D0032A11D108
:100A10000AE000BF01200EE0CB6A03F08073B3F15F
:100A2000807F00D1012006E0CB6AB3F1C07F00D106
:100A3000012000E000BF15E032B1012A05D0022AF2
:100A400004D0032A0CD103E000BF00BF012008E05E
:100A5000CB6A03F08073B3F1807F00D1012000E006
:100A600000BF00BF704730B50468246824F48024B8
:100A700005682C60046863608468402C04D10468B5
:100A8000A2600468E16003E00468A1600468E260B9
:100A900030BD704710B5042000F030FB10BD72B6B9
:100AA00000BFFEE770B50446A56D00F027FC0646C2
:100AB00094F83500022808D08020606500BF00202F
:100AC00084F8340000BF012070BD2068006820F069
:100AD0001600216808602068406920F080002168C5
:100AE0004861206C08B9A06C28B12068006820F02B
:100AF0000800216808602068006820F00100216873
:100B0000086010E000F0FAFB801B05280BD92020BC
:100B10006065032084F8350000BF002084F83400AD
:100B200000BF0320D0E72068006800F00100002823
:100B3000E8D194F85C103F208840A860012084F838
:100B4000350000BF002084F8340000BF00BFBBE7C1
:100B5000014691F83500022803D080204865012025
:100B60007047052081F835000868006820F0010012
:100B70000A6810600020F3E770B504460CB9012044
:100B800070BD94F83500022800D1F9E720680068AC
:100B900020F00100216808600020216808602168B9
:100BA0004860216888602168C86021680861212048
:100BB000216848612046FFF7E7FE05460020E06314
:100BC00020646064A064E064206594F85C103F20B9
:100BD0008840A8600020606584F8350000BF84F874
:100BE000340000BF00BFCBE70146486D70470000EE
:100BF000F8B50446002000908C4800684FF4165168
:100C0000B0FBF1F7A56D2E6894F85C1008208840C1
:100C1000304098B12068006800F0040070B120688E
:100C2000006820F004002168086094F85C10082037
:100C30008840A860606D40F00100606594F85C1029
:100C400001208840304068B12068406900F0800091
:100C500040B194F85C1001208840A860606D40F0BD
:100C60000200606594F85C1004208840304068B150
:100C70002068006800F0020040B194F85C10042085
:100C80008840A860606D40F00400606594F85C10D6
:100C900010208840304078B32068006800F00800D9
:100CA00050B394F85C1010208840A8602068006859
:100CB00000F4802080B12068006800F4002028B98A
:100CC000206CC8B12046216C884715E0A06C98B113
:100CD0002046A16C88470FE02068006800F480700F
:100CE00028B92068006820F0080021680860206C9E
:100CF00010B12046216C884794F85C102020884071
:100D00003040002865D02068006800F010000028FE
:100D10005FD094F85C1020208840A86094F83500DB
:100D2000052828D12068006820F016002168086096
:100D30002068406920F0800021684861206C08B973
:100D4000A06C28B12068006820F0080021680860C5
:100D500094F85C103F208840A860012084F835009A
:100D600000BF002084F8340000BF206D10B1204681
:100D7000216D8847F8BD2068006800F4802080B1AC
:100D80002068006800F4002028B9606C10B120468B
:100D9000616C88471DE0E06BD8B12046E16B884765
:100DA00017E02068006800F4807068B92068006867
:100DB00020F0100021680860012084F8350000BF91
:100DC000002084F8340000BFE06B10B12046E16BD6
:100DD0008847606D38B3606D00F00100F0B1052008
:100DE00084F835002068006820F001002168086060
:100DF00000BF0098401C0090B84200D905E0206870
:100E0000006800F001000028F3D100BF012084F841
:100E1000350000BF002084F8340000BFE06C10B142
:100E20002046E16C884700BFA4E7000010000020C6
:100E30002DE9F0410446002500F060FA074614B998
:100E40000120BDE8F081606A00B100BF022084F893
:100E5000350000BF002084F8340000BF206800681F
:100E600020F00100216808600AE000F047FAC01B8A
:100E7000052805D920206065032084F83500E0E7C7
:100E80002068006800F001000028EED120680568A5
:100E900021480540D4E901010843E168084321697C
:100EA000084361690843A1690843E1690843216A6D
:100EB00008430543606A042803D1D4E90B010843C1
:100EC0000543206805602068456925F00705606ACC
:100ED0000543606A04280DD1A06A0543E06A48B161
:100EE0002046FFF76BFD28B140206065012084F8A3
:100EF0003500A6E7206845612046FFF745FD064618
:100F000094F85C103F208840B060002060650120AC
:100F100084F83500002094E73F8010F02DE9F04779
:100F200004460D4616461F464FF00008D4F8589068
:100F300000BF94F83400012802D10220BDE8F087F8
:100F4000012084F8340000BF94F83500012825D131
:100F5000022084F83500002060653B463246294671
:100F60002046FFF780FD94F85C103F208840C9F8C8
:100F700008002068006840F0160021680860206CB6
:100F800028B12068006840F00800216808602068E7
:100F9000006840F001002168086006E000BF002002
:100FA00084F8340000BF4FF002084046C6E7000056
:100FB000F0B50C46002500220023002183E0012625
:100FC00006FA01F504EA0502AA427BD1404E8F08D9
:100FD00056F827308E07370F0F26BE4033403D4E60
:100FE000B04201D1002614E03B4EB04201D10126AF
:100FF0000FE03A4EB04201D102260AE0384EB0422C
:1010000001D1032605E0374EB04201D1042600E0AD
:1010100007268F073F0FBE409E4224D1324E3668CE
:101020009643314F3E603E1D366896433F1D3E60FD
:101030002D4E0C36366896432B4F0C373E603E1FC4
:10104000366896433F1F3E608E07370F0F2606FA1D
:1010500007F31F4E8F0856F827609E431C4F4FEA38
:10106000910C47F82C6006684FEA410C032707FAF9
:101070000CF7BE430660CF0800F1200656F8276043
:101080004F074FEAD76C0F2707FA0CF7BE434FEA1A
:10109000D10C00F1200747F82C60C6684FEA410CDC
:1010A000032707FA0CF7BE43C660466801278F4046
:1010B000BE43466086684FEA410C032707FA0CF7E7
:1010C000BE438660491C1029FFF479AFF0BD0000D3
:1010D00008380140000002400004024000080240BD
:1010E000000C024000100240003C014010B50446D4
:1010F000042C01D107F0E2FA10BD000010B504463F
:1011000004480068204020B1024804602046FFF7F0
:10111000EDFF10BD143C0140F8B502460B4600251A
:10112000002400200021C7E0012606FA01F51E6810
:1011300006EA0504AC4274D11E7906F00306012EBE
:1011400004D01E7906F00306022E13D190684F00DA
:101150000326BE40B0434F00DE68BE40304390607F
:10116000506801268E40B0431E79C6F300168E40AB
:10117000304350601E7906F00306032E09D0D06874
:101180004F000326BE40B0434F009E68BE40304330
:10119000D0601E7906F00306022E13D1CF0802F1AB
:1011A000200656F827004E07F70E0F26BE40B04324
:1011B0004F07FF0E1E69BE403043CF0802F12006E4
:1011C00046F8270010684F000326BE40B0431E7942
:1011D00006F003064F00BE40304310605E6806F420
:1011E0004036002E67D000BF00260096344E366889
:1011F00046F48046324F3E603E46366806F48046EE
:10120000009600BF00BF2F4E8F0856F827008E07AC
:10121000370F0F26BE40B0432B4EB24202D10026FC
:1012200015E048E0294EB24201D101260FE0284ED8
:10123000B24201D102260AE0264EB24201D1032673
:1012400005E0254EB24201D1042600E007268F07B3
:101250003F0FBE4030431B4E8F0846F827001F4EFD
:101260003068A0435E6806F4801606B120431B4E2A
:101270003060361D3068A0435E6806F4001606B183
:101280002043164E361D3060144E361F3068A04382
:101290005E6806F4003606B12043104E361F3060FB
:1012A000361F3068A0435E6806F4803606B12043DE
:1012B0000A4E083E3060491C1029FFF435AFF8BDD6
:1012C0004438024008380140000002400004024057
:1012D00000080240000C024000100240083C01409F
:1012E000024613690B400BB1012000E0002070475B
:1012F0000AB1816101E00B04836170470148006815
:101300007047000004000020034800680349097882
:101310000844014908607047040000200C000020C8
:1013200010B50D48006840F400700B49086008468D
:10133000006840F4806008600846006840F48070EF
:101340000860032000F0FEF80F2000F007F800F01E
:101350005FF8002010BD0000003C02402DE9F04184
:1013600088B004460027B84600BF002001902448FA
:10137000006840F00100224908600846006800F05B
:101380000100019000BF00BF02A903A800F0B0F95E
:10139000069F1FB900F0D4F9054602E000F0D0F92D
:1013A00045001848B5FBF0F0A0F101084FF080406F
:1013B0001549086040F2E7311348C160C0F8048065
:1013C000002101618160816100F005FE064696B949
:1013D0000D4800F035FE06466EB91C2000F064F89A
:1013E000102C07D2002221461C2000F06DF807487F
:1013F000046000E00126304608B0BDE8F08100003E
:101400004038024040420F0018030020080000202E
:1014100008B500BF002000901148006840F48040EB
:101420000F4908600846006800F48040009000BF43
:1014300000BF00BF00200090081F006840F08050EF
:10144000091F08600846006800F08050009000BF47
:1014500000BF00220F21901E00F036F808BD0000EA
:101460004438024010B501460846002817DB00F05A
:101470001F0301229A400B4B440943F8242000BF6C
:1014800000BF00BFBFF34F8F00BF00BF00BF00BF52
:1014900000BF00BFBFF36F8F00BF00BF00BF00BF22
:1014A00010BD000080E100E001460846002809DB8D
:1014B00000F01F0301229A4043099B0003F1E0233F
:1014C000C3F8002100BF70472DE9F05F80460D464C
:1014D0001646002702F0E6FD074639462A463346FF
:1014E00001F00700C0F1070ABAF1040F02D94FF06A
:1014F000040A01E0C0F1070AD14600F1040ABAF17A
:10150000070F02D24FF0000A01E0A0F1030AD4460F
:101510004FF0010A0AFA09FAAAF1010A0AEA020AD4
:101520000AFA0CFA4FF0010B0BFA0CFBABF1010BB2
:101530000BEA030B4AEA0B042146404602F0BAFDCF
:10154000BDE8F09F00BF00F00702064B19684FF698
:10155000FF031940044B0B4343EA0221014B19607E
:1015600000BF70470CED00E00000FA0570B50446BE
:101570000D460CB9012070BD5848006800F0070006
:10158000A84209D255490D700846006800F00700CE
:10159000A84201D00120EEE7207800F002000228E6
:1015A0001DD1207800F00400042805D14C480068C3
:1015B00040F4E0504A490860207800F0080008280C
:1015C00005D14748006840F46040454908604448F8
:1015D000006820F0F000A1680843414908602078C5
:1015E00000F00100A8B36068012807D13C48083822
:1015F0000068C0F34040B8B90120BCE76068022829
:1016000002D06068032807D1354808380068C0F365
:10161000406048B90120AEE7314808380068C0F39F
:10162000400008B90120A6E72D48006820F003001B
:10163000616808432A490860FFF760FE064609E032
:10164000FFF75CFE801B41F28831884202D90320FB
:1016500091E707E02248006800F00C006168B0EBF9
:10166000810FEDD11D48006800F00700A84209D99C
:101670001A490D700846006800F00700A84201D022
:10168000012078E7207800F00400042807D11448EE
:10169000006820F4E050E1680843114908602078B0
:1016A00000F00800082808D10D48006820F46040C8
:1016B000216940EAC1000A49086000F061F8084960
:1016C0000968C1F30311074A515CC8400649086024
:1016D00006480068FFF742FE00204CE7003C02404D
:1016E0000838024094DD03081000002008000020A4
:1016F0000F2202600D4A126802F0030242600B4A98
:10170000126802F0F0028260084A126802F4E052A5
:10171000C260064A126802F46042D2080261044ABA
:10172000126802F007020A607047000008380240A1
:10173000003C024001480068704700001000002093
:1017400000B5FFF7F7FF04490968C1F38221034A96
:10175000515CC84000BD000008380240A4DD030809
:1017600000B5FFF7E7FF04490968C1F34231034AB6
:10177000515CC84000BD000008380240A4DD0308E9
:101780002DE9F047002400250026A14625480068E1
:1017900000F00C0020B1042805D008283AD105E05B
:1017A000DFF8849039E0DFF8849036E01D48001FB0
:1017B000006800F03F041B48001F006800F4800030
:1017C00078B11A481749091F0968C1F38811A0FBAD
:1017D00001700146224600233846FEF75BFD0546B0
:1017E0000EE011480F49091F0968C1F38811A0FBD9
:1017F00001700146224600233846FEF74BFD0546A0
:101800000848001F0068C0F30140401C4600B5FBBB
:10181000F6F902E0DFF8109000BF00BF4846BDE8CF
:10182000F0870000083802400024F40040787D0171
:10183000F8B504460CB90120F8BD207800F001008D
:10184000002874D0F948006800F00C0004280DD07E
:10185000F648006800F00C00082813D1F348001F78
:10186000006800F48000B0F5800F0BD1EF48083815
:101870000068C0F34040002859D06068002856D165
:101880000120D9E700BF6068B0F5803F08D1E74884
:101890000838006840F48030E449083908601EE0E8
:1018A0006068B0F5A02F0DD1E0480838006840F41A
:1018B0008020DE49083908600846006840F480301E
:1018C00008600CE0D9480838006820F48030D74917
:1018D000083908600846006820F48020086000BFCE
:1018E000606890B1FFF70AFD054606E0FFF706FDC8
:1018F000401B642801D903209EE7CC4808380068C3
:10190000C0F340400028F1D011E0FFF7F7FC054696
:1019100006E0FFF7F3FC401B642801D903208BE7A6
:10192000C24808380068C0F340400028F1D1207850
:1019300000F0020002285FD1BC48006800F00C00F3
:1019400058B1BA48006800F00C0008281CD1B7480C
:10195000001F006800F48000B0B9B448083800687F
:10196000C0F3400020B1E068012801D0012063E706
:10197000AE480838006820F0F800216940EAC1004C
:10198000AA490839086037E0E06800B30120A84997
:101990000860FFF7B3FC054606E0FFF7AFFC401B0D
:1019A000022801D9032047E7A04808380068C0F39F
:1019B00040000028F1D09D480838006820F0F80069
:1019C000216940EAC10099490839086014E0002003
:1019D00097490860FFF792FC054606E0FFF78EFC8A
:1019E000401B022801D9032026E7904808380068E8
:1019F000C0F340000028F1D1207800F0080008284A
:101A00002CD16069A8B101208A490860FFF776FCF3
:101A1000054606E0FFF772FC401B022801D90320AF
:101A20000AE782486C300068C0F340000028F1D01B
:101A300014E000207F490860FFF760FC054606E0DF
:101A4000FFF75CFC401B022801D90320F4E677482D
:101A50006C300068C0F340000028F1D1207800F01D
:101A60000400042870D1002770483830006800F066
:101A7000805090B900BF002000906C48383000685A
:101A800040F080506949383108600846006800F02D
:101A90008050009000BF00BF01276748006800F435
:101AA0008070B0B96448006840F480706249086092
:101AB000FFF724FC054606E0FFF720FC401B022848
:101AC00001D90320B8E65C48006800F48070002863
:101AD000F2D000BFA068012808D1544868300068DF
:101AE00040F001005149683108601DE0A0680528F8
:101AF0000DD14E486830006840F004004B49683111
:101B000008600846006840F0010008600CE04748A3
:101B10006830006820F001004449683108600846D8
:101B2000006820F00400086000BFA068A8B1FFF7BB
:101B3000E5FB054609E0FFF7E1FB401B41F2883178
:101B4000884202D9032077E626E0384868300068EA
:101B5000C0F340000028EED013E0FFF7CFFB0546AE
:101B600008E0FFF7CBFB401B41F28831884201D9E6
:101B7000032061E62D4868300068C0F3400000286B
:101B8000EFD1012F07D129483830006820F080506C
:101B900026493831086000BFA069002845D0234895
:101BA000006800F00C0008285DD0A069022845D12B
:101BB00000201F490866FFF7A1FB054606E0FFF776
:101BC0009DFB401B022801D9032035E61748083841
:101BD0000068C0F340600028F1D1D4E90701084350
:101BE000616A40EA81110122A06AC2EB500041EA19
:101BF00000412C20005D41EA00600C49091F08608B
:101C000001200B490866FFF779FB054606E0FFF760
:101C100075FB401B022801D903200DE60348083854
:101C20000068C0F340600028F1D049E00838024065
:101C300000004742800E47420070004000202149CA
:101C40000866FFF75BFB054606E0FFF757FB401B06
:101C5000022801D90320EFE51B480068C0F340606B
:101C60000028F2D12CE0A069012800D1E4E5164853
:101C7000001D0668A069012820D006F48001E069F3
:101C800081421BD106F03F01206A814216D147F6FE
:101C9000C0703040616AB0EB811F0FD106F4403153
:101CA0000122A06AC2EB5000B1EB004F06D106F052
:101CB00070612C20005DB1EB006F01D00120BBE50D
:101CC0000020B9E50000474200380240014691F883
:101CD0005100704710B504460CB9012010BD606A70
:101CE00038B96068B0F5827F00D105E00021E1617C
:101CF00002E00021216161610021A16294F851009C
:101D000028B9002084F85000204600F047F802204F
:101D100084F851002068006820F0400021680860C5
:101D2000A08800F48270218901F404410843A1894C
:101D300001F400610843217C01F002010843217D88
:101D400001F001010843218B01F400710843217F58
:101D500001F0380108432021095D01F080010843AA
:101D6000218D01F400510843216808600421A06915
:101D700001EA104094F8241001F010010843216892
:101D800048602068C06920F400602168C8610020B4
:101D90006065012084F8510000209FE710B586B0EF
:101DA0000446142101A8FEF7F0FA1B492068884276
:101DB0002FD100BF002000901848006840F48050E8
:101DC000164908600846006800F48050009000BF83
:101DD00000BF00BF0020009010481438006840F099
:101DE00001000E49143908600846006800F001003F
:101DF000009000BF00BFA0200190022002900020B0
:101E00000390032004900520059001A90448FFF7E2
:101E100083F906B010BD0000003001404438024094
:101E2000000002402DE9F84F0446884616461D463C
:101E30004FF0000A00BF94F85000012802D10220A0
:101E4000BDE8F88F012084F8500000BFFFF756FA74
:101E50000746B14694F85100012802D04FF0020A1B
:101E6000ADE0B8F1000F00D016B94FF0010AA6E0BE
:101E7000032084F8510000206065C4F83080A686F5
:101E8000E686A063A087E08760642064A068B0F560
:101E9000004F0BD12068006820F0400021680860E6
:101EA0002068006840F4804021680860206800686D
:101EB00000F04000402805D02068006840F0400055
:101EC00021680860E068B0F5006F2FD1606810B13C
:101ED000B9F1010F09D1206B00882168C860206B1F
:101EE000801C2063E08E401EE0861BE02068806836
:101EF00000F0020002280AD1206B00882168C86027
:101F0000206B801C2063E08E401EE0860AE0FFF715
:101F1000F5F9C01BA84201D3681C00B915B94FF0F0
:101F2000030A4CE0E08E0028E0D12EE0606810B19A
:101F3000B9F1010F09D1206B007821680873206B7B
:101F4000401C2063E08E401EE0861BE02068806815
:101F500000F0020002280AD1206B00782168087383
:101F6000206B401C2063E08E401EE0860AE0FFF7F5
:101F7000C5F9C01BA84201D3681C00B915B94FF0C0
:101F8000030A1CE0E08E0028E0D13A4629462046AC
:101F900001F086F908B120206065A06850B900BF43
:101FA000002000902068C068009020688068009041
:101FB00000BF00BF606D08B14FF0010A00BF0120F3
:101FC00084F8510000BF002084F8500000BF504644
:101FD00036E77047704710B504460CB9012010BDB4
:101FE00094F83D0028B9002084F83C00204600F019
:101FF00025F8022084F83D00211D206801F06CFACC
:10200000012084F8460000BF84F83E0001213F20F3
:102010000155402001554120015500BF00BF01205E
:1020200084F84200432001554420015545200155C4
:1020300000BF012084F83D000020D0E77047000079
:10204000014691F83D00012801D00120704702208F
:1020500081F83D000868C06840F001000B68D86056
:10206000164B0868984213D00868B0F1804F0FD023
:10207000134B086898420BD0124B0868984207D05F
:10208000114B0868984203D0104B086898420CD155
:102090000868806800F00702062A0CD0086800680B
:1020A00040F001000B68186005E00868006840F027
:1020B00001000B6818600020C8E700000000014024
:1020C0000004004000080040000C004000400140B7
:1020D000704710B5044620680069C0F34000D8B1CD
:1020E0002068C068C0F34000B0B16FF00200216802
:1020F0000861012020772068806900F0030018B192
:102100002046FFF7E5FF05E0204600F0ADF8204649
:1021100000F0ABF80020207720680069C0F3800051
:10212000D8B12068C068C0F38000B0B16FF004007F
:1021300021680861022020772068806900F44070DF
:1021400018B12046FFF7C4FF05E0204600F08CF8E8
:10215000204600F08AF80020207720680069C0F34C
:10216000C000D8B12068C068C0F3C000B0B16FF043
:10217000080021680861042020772068C06900F009
:10218000030018B12046FFF7A3FF05E0204600F04A
:102190006BF8204600F069F800202077206800697D
:1021A000C0F30010D8B12068C068C0F30010B0B10F
:1021B0006FF0100021680861082020772068C0694E
:1021C00000F4407018B12046FFF782FF05E020467A
:1021D00000F04AF8204600F048F8002020772068F8
:1021E000006900F0010058B12068C06800F00100EB
:1021F00030B16FF0010021680861204600F036F828
:1022000020680069C0F3C01058B12068C068C0F3EE
:10221000C01030B16FF08000216808612046FFF7E0
:10222000D8FE20680069C0F3801058B12068C068EB
:10223000C0F3801030B16FF0400021680861204683
:1022400000F01DF820680069C0F3401058B1206804
:10225000C068C0F3401030B16FF020002168086101
:102260002046FFF7B7FE10BD7047704710B5044613
:102270002068B0F1804F01D1FFF746F810BD7047DC
:10228000F8B504460E46174694F83E00202836D18D
:1022900006B10FB90120F8BD00BF94F83C00012839
:1022A00001D10220F7E7012084F83C0000BF206341
:1022B0003A463146204601F019FC0546EDB9206B3F
:1022C000012819D100BF002000902068006800900C
:1022D00020684068009000BF00BF00BF00BF2168B9
:1022E0000C3151E8001F41F0100021680C3141E829
:1022F0000002002AF3D100E001252846CBE70220A6
:10230000C9E7000070B504460D4604480068A042C5
:1023100003D12946014836F075FA70BDFC00002053
:1023200010B5044600BF00BF21680C3151E8001F02
:1023300021F4907021680C3141E80002002AF3D1A9
:1023400000BF00BF00BF2168143151E8001F21F019
:1023500001002168143141E80002002AF3D100BFD6
:10236000206B01280ED100BF00BF21680C3151E85D
:10237000001F21F0100021680C3141E80002002A02
:10238000F3D100BF2068406900F04000402820D110
:1023900000BF00BF2168143151E8001F21F0400048
:1023A0002168143141E80002002AF3D100BFA06B7C
:1023B00078B10020A16B0865A06BFEF773FB40B1FC
:1023C000A06BFEF711FC202803D11020206403200D
:1023D00010BD0020E085202084F83E00002020630E
:1023E00000BFF5E710B5044600BF00BF21680C31FF
:1023F00051E8001F21F0C00021680C3141E80002C3
:10240000002AF3D100BF2068406900F080008028D6
:1024100020D100BF00BF2168143151E8001F21F016
:1024200080002168143141E80002002AF3D100BF86
:10243000606B78B10020616B0865606BFEF732FB62
:1024400040B1606BFEF7D0FB202803D11020206440
:10245000032010BD0020E084202084F83D000020EF
:10246000F7E710B504460CB9012010BD242084F80C
:102470003D002068C06820F400502168C8602046F4
:1024800000F026FA0020206484F83D0084F83E0025
:10249000206300BF84F83C0000BF00BFE5E70000F8
:1024A0007FB5044634480068A04202D132484068F3
:1024B00000B97FBD3048007D012825D12E4890F815
:1024C0002000012820D1206C00F00F00E0B9206C22
:1024D00000F01000C0B1206C36F027F90546264800
:1024E00035F0D4FF244835F0D8FF02208DF80000E5
:1024F0008DF8010000200190029003951E49486864
:1025000069462BF08AFED4E71B48007D012816D1CE
:10251000206C36F00AF90546174835F0B7FF02205F
:102520008DF8000001208DF801000020019002903C
:1025300003951149486869462BF06FFEB9E70E48CC
:1025400090F82000012814D1206C36F0EEF80546F2
:10255000094835F0A2FF02208DF8000000208DF818
:1025600001000190029003950349486869462BF0E9
:1025700054FE00BF9DE70000FC0000202DE9F84F4D
:102580000446206805682068C668206847694FF0DF
:102590000009CA4605F00F09B9F1000F0AD105F08C
:1025A000200038B106F0200020B1204601F00CF9DF
:1025B000BDE8F88FB9F1000F7CD007F0010018B921
:1025C00006F49070002875D005F0010030B106F4D3
:1025D000807018B1206C40F00100206405F0040008
:1025E00030B107F0010018B1206C40F00200206407
:1025F00005F0020030B107F0010018B1206C40F086
:102600000400206405F0080048B106F0200010B96D
:1026100007F0010018B1206C40F008002064206C25
:10262000002846D005F0200028B106F0200010B1A7
:10263000204601F0C9F820684069C0F3801A206C78
:1026400000F0080010B9BAF1000F2DD0204601F0BB
:1026500062F82068406900F04000402820D100BFA7
:1026600000BF2168143151E8001F21F040002168AB
:10267000143141E80002002AF3D100BFA06B50B131
:102680007548A16B0865A06BFEF762FA88B1A06B74
:10269000016D88470DE02046FFF702FF09E009E0E1
:1026A0002046FFF7FDFE04E02046FFF7F9FE00207C
:1026B00020647DE7206B012876D105F0100000280A
:1026C00072D006F010000028FAD000BF0020009061
:1026D00020680068009020684068009000BF00BF3C
:1026E0002068406900F0400040285ED1A06B00687F
:1026F00040681FFA80F8B8F1000F54D0A08D404513
:1027000051DDA4F82E80A06BC069B0F5807F43D066
:1027100000BF00BF21680C3151E8001F21F4807018
:1027200021680C3141E80002002AF3D100BF00BF4C
:1027300000BF2168143151E8001F21F00100216819
:10274000143141E80002002AF3D100BF00BF00BFEE
:102750002168143151E8001F21F040002168143134
:1027600041E80002002AF3D100BF202084F83E0097
:102770000020206300BF00BF21680C3151E8001F1A
:1027800021F0100021680C3141E80002002AF3D149
:1027900000BFA06BFEF786F9A08DE28D801A81B292
:1027A0002046FFF7AFFD03E740E0A08DE18D401A22
:1027B0001FFA80F8E08DC0B3B8F1000F35D000BF2C
:1027C00000BF21680C3151E8001F21F4907021688E
:1027D0000C3141E80002002AF3D100BF00BF00BF66
:1027E0002168143151E8001F21F0010021681431E3
:1027F00041E80002002AF3D100BF202084F83E0007
:102800000020206300BF00BF21680C3151E8001F89
:1028100021F0100021680C3141E80002002AF3D1B8
:1028200000BF41462046FFF76DFDC1E605F0800080
:1028300030B106F0800018B1204601F0BFF9B7E6CC
:1028400005F0400030B106F0400018B1204600F01D
:1028500098FFADE600BFABE67D35000810B5044635
:102860000CB9012010BDA06900B100E000BF94F8D0
:102870003D0028B9002084F83C00204600F04AF8CA
:10288000242084F83D002068C06820F400502168AE
:10289000C860204601F014F82068006920F49040D8
:1028A000216808612068406920F02A002168486199
:1028B0002068C06840F400502168C860002020648F
:1028C000202084F83D0084F83E000020CAE7000084
:1028D00010B504460C492068884213D10B480068A3
:1028E00020F01000094908604FF4C0610848FEF765
:1028F0005FFBA06BFEF740F9606BFEF73DF925200A
:10290000FEF7B0FD10BD0000001001404438024049
:102910000000024010B586B00446142101A8FDF75E
:1029200034FD3F492068884278D100BF00200090E4
:102930003C48006840F010003A49086008460068CA
:1029400000F01000009000BF00BF00BF002000900A
:1029500034481438006840F00100324914390860E6
:102960000846006800F00100009000BF00BF4FF46F
:10297000C060019002200290002003900320049088
:102980000720059001A92848FEF7C6FB27482849DB
:1029900008604FF000604860002125488160C160F8
:1029A0004FF4806101610021416181614FF48071C8
:1029B000C1610902016200214162FEF739FA08B1E2
:1029C000FEF76DF800BF1A48A063846300BF174884
:1029D0007830184908604FF0006048604021154881
:1029E00081600021C1604FF480610161002141617B
:1029F0008161C16101624162FEF71AFA08B1FEF716
:102A00004EF800BF0B486063846300BF00220521BD
:102A10002520FEF759FD2520FEF746FD06B010BD26
:102A2000001001404438024000000240406402406F
:102A300058020020B80200202DE9F84F04460E4647
:102A4000174699464FF0000A94F83E0020285FD1BF
:102A500006B117B90120BDE8F88F00BF94F83C001B
:102A6000012801D10220F6E7012084F83C0000BFD4
:102A700000202064222084F83E0000202063FEF71E
:102A80003DFC8246A785E785A068B0F5805F04D14C
:102A9000206910B90025B04602E035464FF0000825
:102AA00000BF002084F83C0000BF29E0534600220C
:102AB00020212046CDF8009001F0B0F808B10320A5
:102AC000C9E745B920684068C0F30800A8F80000CD
:102AD00008F1020811E0A068B0F5805F03D0A0689B
:102AE00028B9206918B920684068287004E0206877
:102AF000406800F07F0028706D1CE08D401EE0856E
:102B0000E08D0028D2D1202084F83E000020A2E7EA
:102B10000220A0E7704770472DE9F84F04460E46A3
:102B2000174699464FF0000A94F83D0020285AD1E4
:102B300006B117B90120BDE8F88F00BF94F83C003A
:102B4000012801D10220F6E7012084F83C0000BFF3
:102B500000202064212084F83D00FEF7CFFB824650
:102B6000A784E784A068B0F5805F04D1206910B91C
:102B70000025B04602E035464FF0000800BF0020B7
:102B800084F83C0000BF1BE0534600228021204611
:102B9000CDF8009001F042F808B10320CBE745B929
:102BA000B8F80000C0F308002168486008F1020886
:102BB00003E02878216848606D1CE08C401EE084AA
:102BC000E08C0028E0D15346002240212046CDF879
:102BD000009001F023F808B10320ACE7202084F82E
:102BE0003D000020A7E70220A5E70000F7B5044656
:102BF000154694F83D00202846D1019800B10DB942
:102C00000120FEBD00BF94F83C00012801D1022044
:102C1000F7E7012084F83C0000BF01982062A584FA
:102C2000E58400202064212084F83D001748616B72
:102C3000C8631748616B08641648616BC86400205C
:102C4000616B086501AE23681A1D31682B46606B05
:102C5000FEF764F96FF040002168086000BF0020B3
:102C600084F83C0000BF00BF00BF2168143151E868
:102C7000001F41F080002168143141E80002002A61
:102C8000F3D100BF0020BCE70220BAE7B13600084C
:102C900009370008913500087FB504460025002655
:102CA00010480068A04207D10E4890F82000012883
:102CB00002D10C48406800B97FBD0A488569C669E1
:102CC00035F0EBFB00208DF800008DF80100019538
:102CD000029603900349486869462BF09EFA00BFAC
:102CE000EAE70000FC000020704700BFFEE700009C
:102CF00008B500BF002000900E48006840F4800036
:102D00000C4908600846006800F48000009000BF8D
:102D100000BF002205213A20FEF7D6FB3A20FEF73D
:102D2000C3FB002205214620FEF7CEFB4620FEF71E
:102D3000BBFB08BD3038024010B532F06FFB0446D3
:102D40000CB1FDF7ACFE05F049F904460CB1FDF7F6
:102D5000A6FE044A0021044828F0EBFE034908605F
:102D600010BD000068DD0308E53300080000002006
:102D700000B587B0142102A8FDF707FB00BF0020B3
:102D800001905B48006840F004005949086008461B
:102D9000006800F00400019000BF00BF00BF0020E9
:102DA00001900846006840F080000860084600680E
:102DB00000F08000019000BF00BF00BF0020019024
:102DC0000846006840F0010008600846006800F00E
:102DD0000100019000BF00BF00BF00200190084625
:102DE000006840F0020008600846006800F0020039
:102DF000019000BF00BF012251033E48FEF778FA60
:102E0000002202213C48FEF773FA012248F25011D9
:102E10003948FEF76DFA01224FF49A613748FEF700
:102E200067FA4FF4005002900120039000200490B4
:102E3000059002A92F48FEF76FF9012002900020AB
:102E400003900120049002A92B48FEF765F948F28F
:102E5000020002900120039000200490059002A936
:102E60002548FEF759F950200290012003900020D8
:102E700004900220059002A91F48FEF74DF9042096
:102E800002904FF4041003900120049002A91B4803
:102E9000FEF742F94FF48060029001200390002079
:102EA0000490059002A91548FEF736F94FF480709A
:102EB00002901120039000200490059002A90E4872
:102EC000FEF72AF9D02002901120039000200490F0
:102ED000059002A90948FEF71FF9002206210820E3
:102EE000FEF7F2FA0820FEF7DFFA07B000BD000097
:102EF0003038024000080240000002400004024056
:102F000010B50F480F4908604FF4827048600021E7
:102F10000C488160C16002210161012141614902C7
:102F200081611021C16100210162416281620A2137
:102F3000C162FEF7CFFE08B1FDF7B1FD10BD000084
:102F400000300140BC01002010B50B480B4908605F
:102F50004FF4E1304860002108488160C1600161A0
:102F60000C21416100218161C161FFF777FC08B14B
:102F7000FDF795FD10BD0000001001401402002077
:102F800000BFFEE700BFFEE72DE9F04104460D4615
:102F9000164600BF0E4F3878532801D000F092FE3D
:102FA00000BFEFF311800746202080F3118800BF97
:102FB00000BF32462946204600F00CF88046F8B2A1
:102FC00080F3118800BF00BF4046BDE8F0810000DB
:102FD000F8B100202DE9F047074688461646C2465C
:102FE00007EB47011B4800EBC109D9F8140020B1D9
:102FF000012811D0022826D11EE0484600F09AFE92
:103000000546B54201D2002405E034463246514619
:10301000484600F0E6FF18E0484600F08BFE054603
:10302000B54201D2284600E03046044622465146C9
:10303000484600F0D6FF08E032465146484600F0C8
:1030400095FF044601E0002400BF00BF2046BDE814
:10305000F087000010B2002070B505460C462046EF
:10306000FDF7B0F90646324621462846FFF78CFFA9
:1030700070BD0FB438B5044606A800906A462046D5
:10308000059900F007F8054600200090284638BC56
:103090005DF814FB2DE9F04F99B082460D461446B9
:1030A00003A814904020159000201690CDF860A041
:1030B000179000BF2E786D1C06B9DDE0252E79D162
:1030C00000274FF0010900BF2E78232E12D02B2E9F
:1030D0000CD02D2E02D0302E10D103E047F0010786
:1030E0006D1C0EE047F002076D1C0AE047F0040774
:1030F0006D1C06E047F008076D1C02E04FF0000968
:1031000000BF00BFB9F1000FDED14FF0000800BFD3
:103110002E78302E01DB392E00DD07E06D1CA6F184
:10312000300008EB880100EB4108F1E700BF002008
:1031300013902E782E2E12D16D1C00BF2E78302EBB
:1031400001DB392E00DD09E06D1CA6F1300013997A
:1031500001EB810100EB41001390EFE700BF2E78F7
:1031600000BF6C2E01D0682E02D16D1C2E7800E0BD
:1031700000E0F6E700BF702E5DD008DC252E6AD097
:10318000582E35D0632E09D0642E69D113E0732EEA
:103190003CD0752E1DD0782E62D128E02168081D04
:1031A0002060D1F8009009F0FF0B594614A800F0F8
:1031B000BBFE56E058E02168081D2060D1F8009061
:1031C000CDE900870A22494614A8139B00F0C0FDF0
:1031D00047E02168081D2060D1F80090CDE9008704
:1031E0000A22494614A8139B00F028FE39E000BFCC
:1031F0002168081D2060D1F80090CDE900871022D9
:10320000494614A8139B00F019FE2AE02168081D06
:103210002060D1F800B000BF9BF800600BF1010BFB
:1032200006B906E0314614A800F07EFE1798002883
:10323000F2DA00BF15E02168081D2060D1F8009087
:10324000002008210B461022CDE90010494614A8A1
:1032500000F0F4FD05E0252114A800F065FE00E073
:1032600000BF00BF6D1C03E0314614A800F05CFEF7
:1032700017980028BFF61EAF00BF179800280ADD78
:10328000169820B103A95046169AFFF77DFEDDE996
:10329000161008441790179819B0BDE8F08F000079
:1032A0007CB504460D461646164800681821B0FB4A
:1032B000F1F01549B0FBF1F04FF47A7148430190F9
:1032C0006068B0F5827F0DD12B4600228021204618
:1032D000009600F01BF898B1606D40F0200060652A
:1032E00003207CBD00BF019800B908E00198401E92
:1032F000019020688068C0F3C0100028F3D100BF9F
:103300000020EEE71000002040420F002DE9F84FAA
:1033100004460D4690461E46DDF82890FDF7EEFF68
:10332000A0EB0900371AFDF7E9FF82462C48006838
:10333000C0F3CB307843009045E0701C002842D0A9
:10334000FDF7DCFFA0EB0A00B84200D2A7BB206863
:10335000406820F0E000216848606068B0F5827F36
:103360000DD1A068B0F5004F03D0A068B0F5806F14
:1033700005D12068006820F0400021680860A06A3C
:10338000B0F5005F0DD100BF2068006820F4005048
:10339000216808602068006840F4005021680860D7
:1033A00000BF012084F8510000BF002084F85000C5
:1033B00000BF0320BDE8F88FFFE7009800B90027A1
:1033C0000098401E0090206880682840A84201D1E3
:1033D000012000E000204045AFD10020EAE70000D6
:1033E0001000002028F0DAFA10B54FF0E020006954
:1033F0003AF0B8F9012801D039F004FA10BD000004
:1034000000B593B0302107A8FCF7BFFF142102A834
:10341000FCF7BBFF00BF002001902448006840F08B
:103420008050224908600846006800F080500190F2
:1034300000BF00BF00BF002001901D48006840F49D
:1034400040401B4908600846006800F44040019075
:1034500000BF00BF0220079001200A9010200B90AF
:1034600002200D9000210E9108210F9164211091EE
:10347000022111910421129107A8FEF7D9F908B190
:10348000FDF70DFB0F200290022003900020049016
:103490004FF48050059000200690032102A8FEF70B
:1034A00065F808B1FDF7FBFA13B000BD40380240E3
:1034B000007000400348006840F470000149086053
:1034C0007047000088ED00E010B50248FEF701FEED
:1034D00010BD00001803002010B50268204B984270
:1034E0000BD0B0F1804F08D01E4B984205D01E4B38
:1034F000984202D01D4B984203D122F070024B68D3
:103500001A43174B984214D0B0F1804F11D0154B8D
:1035100098420ED0144B98420BD0144B984208D0CE
:10352000134B984205D0134B984202D0124B98424D
:1035300003D122F44072CB681A4322F080034C6915
:1035400043EA040202608B68C3620B688362044B27
:10355000984201D10B6903630123436110BD000050
:10356000000001400004004000080040000C004042
:1035700000400140004401400048014070B505464C
:10358000AC6B0020E085E0842046FEF789FF70BD2B
:1035900070B506460025B46B20684069C0F3C015BD
:1035A00094F83D00212805D125B10020E084204673
:1035B00000F0F7F820684069C0F3801594F83E00E9
:1035C000222805D125B10020E085204600F0A3F88F
:1035D000206C40F0100020642046FEF761FF70BDB3
:1035E00070B50546AC6B2868006800F48070002850
:1035F00042D1E08500BF00BF21680C3151E8001FB7
:1036000021F4807021680C3141E80002002AF3D1D6
:1036100000BF00BF00BF2168143151E8001F21F036
:1036200001002168143141E80002002AF3D100BFF3
:1036300000BF00BF2168143151E8001F21F0400095
:103640002168143141E80002002AF3D100BF202094
:1036500084F83E00206B01280ED100BF00BF216816
:103660000C3151E8001F21F0100021680C3141E8B5
:103670000002002AF3D100BF206B012804D1A18DE4
:103680002046FEF73FFE02E02046FFF743FA70BDFA
:1036900070B50546AC6B206B012805D1A08D4108A3
:1036A0002046FEF72FFE02E02046FFF734FA70BDF9
:1036B00070B50546AC6B2868006800F48070F8B9F6
:1036C0000020E08400BF00BF2168143151E8001FD2
:1036D00021F080002168143141E80002002AF3D172
:1036E00000BF00BF00BF21680C3151E8001F41F04E
:1036F000400021680C3141E80002002AF3D102E0C9
:103700002046FFF7C9FA70BD70B50446A56B284680
:10371000FFF7EAFA70BD00BF00BF02680C3252E842
:10372000002F22F4907102680C3242E80013002B43
:10373000F3D100BF00BF00BF0268143252E8002F6F
:1037400022F001010268143242E80013002BF3D189
:1037500000BF016B01290ED100BF00BF02680C320F
:1037600052E8002F22F0100102680C3242E80013E8
:10377000002BF3D100BF202180F83E10002101630F
:10378000704710B504462068C06820F040002168EA
:10379000C860202084F83D002046FFF77DFA002015
:1037A00010BD00BF00BF02680C3252E8002F22F0AB
:1037B000C00102680C3242E80013002BF3D100BFB5
:1037C000202180F83D107047F8B5044694F83E007B
:1037D000222873D1A068B0F5805F0CD1206950B960
:1037E0000025A66A20684068C0F308003080A06AFF
:1037F000801CA06215E0A56A0026A068B0F5805F75
:1038000003D0A06828B9206918B9206840682870DA
:1038100004E02068406800F07F002870A06A401C27
:10382000A062E08D401E80B2E085002844D120686F
:10383000C06820F020002168C8602068C06820F4BB
:1038400080702168C8602068406920F0010021680C
:103850004861202084F83E00206B012826D10020FA
:10386000206300BF00BF21680C3151E8001F21F028
:10387000100021680C3141E80002002AF3D100BF9A
:103880002068006800F0100010280AD100BF002056
:10389000009020680068009020684068009000BF99
:1038A00000BFA18D2046FEF72DFD02E02046FFF768
:1038B00031F90020F8BD01E00020FBE70220F9E724
:1038C0002DE9F84F04462068006920F44050E16873
:1038D0000843216808612169A068084361690843B9
:1038E000E169084300902068C06849F20C61884390
:1038F000009908432168C8602068406920F440703E
:10390000A16908432168486176492068884203D04C
:1039100075492068884203D1FDF722FF814602E005
:10392000FDF70EFF8146E069B0F5004F6CD1022033
:103930006168A0FB015003461920A9FB00700146F5
:103940002A463846FCF7A6FC6421B0FBF1F04FEAAA
:10395000001A02206168A0FB01510B461920A9FB47
:1039600000712A463846FCF795FC834602206168C0
:10397000A0FB015003461920A9FB00712A463846D6
:10398000FCF788FC6421B0FBF1F000EBC00101EB17
:103990000010ABEB8000322101EBC0006421B0FBD2
:1039A000F1F000F0F8000AEB400A02206168A0FB89
:1039B000015003461920A9FB007001462A463846EB
:1039C000FCF768FC834602206168A0FB01500346B7
:1039D0001920A9FB00712A463846FCF75BFC6421DC
:1039E000B0FBF1F000EBC00101EB0010ABEB80008D
:1039F000322101EBC0006421B0FBF1F000F00700C0
:103A00005044216888606AE004206168A0FB01508E
:103A100003461920A9FB007001462A463846FCF7E8
:103A200039FC824604206168A0FB0150034619203E
:103A3000A9FB007001462A463846FCF72BFC64219E
:103A4000B0FBF1F000EBC00101EB0010AAEB80002D
:103A5000322101EB00106421B0FBF1F000F0F00A1C
:103A600004206168A0FB017003461920A9FB0051E6
:103A70003A462846FCF70EFC6421B0FBF1F00AEB55
:103A8000001A04206168A0FB01510B461920A9FB14
:103A900000712A463846FCF7FDFB83460420616826
:103AA000A0FB015003461920A9FB007001462A46DD
:103AB0003846FCF7EFFB6421B0FBF1F000EBC001EE
:103AC00001EB0010ABEB8000322101EB0010642110
:103AD000B0FBF1F000F00F00504421688860BDE8B1
:103AE000F88F0000001001400014014077B581B04C
:103AF000044615460298A062A58500202064222075
:103B000084F83E002A48A16BC8632A48A16B086468
:103B10002948A16BC8640020A16B086502AE326819
:103B20002368191D2B46A06BFDF7F8F900BF002094
:103B3000009020680068009020684068009000BFF6
:103B400000BF00BF002084F83C0000BF206970B1B6
:103B500000BF00BF21680C3151E8001F41F48070A4
:103B600021680C3141E80002002AF3D100BF00BFF8
:103B700000BF2168143151E8001F41F001002168A5
:103B8000143141E80002002AF3D100BF00BF00BF9A
:103B90002168143151E8001F41F0400021681431C0
:103BA00041E80002002AF3D100BF002004B070BD3C
:103BB000E13500089136000891350008014691F87A
:103BC0003D00212828D18868B0F5805F0BD10869B5
:103BD00048B90A6A1088C0F308000B685860086A80
:103BE000801C086205E00B6A581C086218780B6894
:103BF0005860C88C401E80B2C88458B90868C06834
:103C000020F080000B68D8600868C06840F0400071
:103C10000B68D860002070470220FCE72DE9F041D6
:103C200004460D4617469846069E34E0701C88B33D
:103C30002EB1FDF763FBA0EB0800B0422BD900BF0B
:103C400000BF21680C3151E8001F21F4D0702168B9
:103C50000C3141E80002002AF3D100BF00BF00BFD1
:103C60002168143151E8001F21F00100216814314E
:103C700041E80002002AF3D100BF202084F83D0073
:103C800084F83E0000BF002084F83C0000BF032001
:103C9000BDE8F081FFE7206800682840A84201D114
:103CA000012000E00020B842C0D00020F0E7000072
:103CB00010B50248FEF762FC10BD0000140200209F
:103CC00000BFFEE770B5144CA8212046FCF75DFB51
:103CD00003202061606111A0A0611349E1614FF4EC
:103CE000806121620021A1626162E1620BA0206615
:103CF0000E4961661021A16600212167E1666167B6
:103D0000002505E0C5F10F000949085C60556D1CF0
:103D1000102DF7D370BD0000F8B100205465726D0E
:103D2000696E616C00000000A0B20020A0B6002007
:103D300098E4030810B501460A69CB689A4204D892
:103D40008C68641EE41AA01801E0D41A601E10BD2D
:103D50002DE9FC5F06460F4692469846DDE90C4584
:103D6000002F01DA784200E0384683464FF001091F
:103D700003E09BFBFAFB09F10109D345F9DAC845D9
:103D800000D9C14634B1002F03DB05F0040004283C
:103D900000D1641E05F0020010B1B8F1000F11D07F
:103DA00005F0010070B96CB108E0641E20213046B6
:103DB00000F0BAF8F068002800DA02E00CB1A14582
:103DC000F3D300BFF068002836DB002F05DA7F420E
:103DD0002D21304600F0A8F807E005F00400042883
:103DE00003D12B21304600F09FF8F068002823DB38
:103DF00005F00200022814D105F0010088B9B8F1DD
:103E0000000F0ED16CB108E0641E3021304600F086
:103E10008BF8F068002800DA02E00CB1A145F3D37A
:103E200000BFF068002807DB43465246394630465B
:103E3000CDE9004500F002F8BDE8FC9F2DE9FC5FEC
:103E40008046894615461E460C9CCDF804900127F5
:103E5000BB4605E00198B0FBF5F001900BF1010BBA
:103E60000198A842F6D25E4500D9B3460D9800F0FD
:103E70000100D0B9CCB10D9800F00200022803D1A6
:103E800016B93020009001E02020009009E0641E67
:103E90004046009900F048F8D8F80C00002800DAF5
:103EA00002E00CB1A345F2D300BFD8F80C00002803
:103EB00035DB09E0012E01D9761E04E0B9FBF7FAE3
:103EC000AA4500D201E06F43F4E700BF00BFB9FB91
:103ED000F7FA0AFB1799134810F80A10404600F049
:103EE00023F8D8F80C00002800DA03E0B7FBF5F758
:103EF000002FECD100BF0D9800F0010078B174B133
:103F000009E0641E2021404600F00EF8D8F80C00AD
:103F1000002800DA02E00CB1A345F2D300BFBDE8EF
:103F2000FC9F0000A9E4030870B504460E46A5688E
:103F3000681C6168814206D320684655681CA060F1
:103F4000E068401CE060D4E9011088420DD1A2680D
:103F500021682069FFF718F8A168884203D04FF064
:103F6000FF30E06001E00020A06070BD2DE9F05F4F
:103F70000446894617464FF0000AE56800BFD4F8AA
:103F80001080A84503D9A8EB0500461E04E0A5EB68
:103F90000800401CA1680E1AA068401BB04201D95D
:103FA000304601E0A068401B0646BE4201D23046C2
:103FB00000E038460646606800EB050B324649468D
:103FC0005846FCF7C9F9B244B144BF1B3544A06858
:103FD000A84200D10025E560002FD0D15046BDE8B1
:103FE000F09F2DE9F047044689461546E668A0682B
:103FF000871BAF420AD9606800EB060A2A46494689
:104000005046FCF7A9F97019E06014E0B846606802
:1040100000EB060A424649465046FCF79DF9A5EBDF
:104020000708D4F804A009EB070142465046FCF704
:1040300093F9C4F80C80BDE8F08700000FB47CB59C
:104040000C0009AD01D0611E00E00021CDE90001A6
:10405000064B6A462946089800F044F9002C02D025
:10406000009A002111707CBC5DF814FBEB4900083C
:104070007CB50C001D461646014601D0601E00E0CE
:104080000020CDE90010064B6A462946304600F074
:1040900029F9002C02D0009A002111707CBD00008B
:1040A000EB49000802480068C0F302207047000096
:1040B0000CED00E010B5002804DB0A07130E054ADA
:1040C000135406E00A07140E034A00F00F031B1FE7
:1040D000D45410BD00E400E018ED00E0EFF30580DB
:1040E000704702E008C8121F08C1002AFAD17047C1
:1040F0007047002001E001C1121F002AFBD1704768
:104100002DE9F04180460F4614461D4625B921464B
:10411000404615F00FFD054605FB07F6142C03D1AC
:10412000680800FB076617E0072C15DB0A2C13DC78
:10413000072C01D102200DE0082C01D1042009E058
:10414000092C01D1102005E00A2C02D14FF4807017
:1041500000E0002006EB80063046BDE8F08100005C
:104160002DE9FF5F82B00021DDE90430020DDDF8AA
:1041700040B0034318D044F61050A2F2FF3242433D
:104180001514119801281FD0A5EB0B00401C5FEA05
:10419000000A4FF000064E4FDFF83891B046504607
:1041A00015D5CAF1000413E0119801244AA301288F
:1041B00001D16FEA0B010298119AC0E90031C0E900
:1041C000024206B0BDE8F09FCBF10000DFE70446F5
:1041D0000021404A491842EB0450CDE9001012E09A
:1041E000E00707D032463B4640464946FCF7FCF91B
:1041F0008046894632463B4610461946FCF7F4F99C
:1042000006460F466410002CEAD1DDE90401DDE921
:104210000023BAF1000F06DAFCF7E6F942464B46F6
:10422000FCF7E2F905E0FCF751FA42464B46FCF791
:104230004DFA04460E460022284BFCF7CFFA03D86D
:104240004FF0FF30014607E00022254B2046314663
:10425000FCF723F9FCF7A9FA102409E0002C0ADB8B
:104260000A220023FCF716F8039B30321A55641E0D
:1042700050EA0102F2D1641C039AC4F11103144400
:10428000119A012A03D0012208430DD10AE0084304
:1042900004D000204FF0110B119072E7A3EB0B0537
:1042A0006D1E0DE05B4504DD4FF0000205F10105D8
:1042B00004E003DA4FF00002A5F10105002AECD07A
:1042C00002981199C0E90231C0E9004579E7000080
:1042D000000014400000F03F300000000000F043F8
:1042E0000000E03F2DE9FF4F95B09A46884606460C
:1042F0000025EEE1252877D100242746F94A01213F
:10430000039400E0044316F8013F203B01FA03F058
:104310001042F7D130782A2811D06FF02F0330786F
:10432000A0F13002092A16D8039A44F0020402EBE5
:10433000820203EB42021044761C0390EFE758F828
:10434000042B0392002A03DA504244F400540390F1
:1043500044F00204761C30782E2816D116F8010F8E
:1043600044F004042A280DD06FF02F023078A0F119
:104370003003092B09D807EB870302EB4303C71867
:10438000761CF3E758F8047B761C30786C280FD045
:1043900006DC4C2817D068280DD06A2814D104E018
:1043A000742810D07A280FD10DE044F400140AE0EC
:1043B00044F4801401E044F440147278824202D143
:1043C00004F58014761C761C307866280BD013DC3C
:1043D000582877D009DC002875D04528F6D0462823
:1043E000F4D047281AD193E118E0632835D0642827
:1043F00079D0652812D18BE1702873D008DC67284A
:10440000F1D069286FD06E280DD06F2806D1ACE0AE
:1044100073282CD0752874D0782853D05246179919
:1044200090476D1C54E1C4F30250022809D00328C0
:104430000DD0D8F8001004280DD00D6008F1040844
:1044400046E1D8F80010EA17C1E90052F6E7D8F8BB
:1044500000100D80F2E70D70F0E718F8041B8DF8DE
:10446000001000208DF80100EB46012003E058F811
:1044700004BB4FF0FF3061074FF0000102D40DE0A4
:1044800009F101018946B9420FDA8145F8DB1BF8D1
:1044900009100029F4D108E009F10101894681429F
:1044A000FADB1BF809100029F6D103985346A0EB5C
:1044B000090721463846179A00F080FA284400EB95
:1044C000090507E044E008E10DE01BF8010B524646
:1044D00017999047B9F10109F7D25346214638465A
:1044E000179AF2E039E00A21C4F302524FF0000BB0
:1044F0000091022A06D058F8040BC117032A09D0EC
:104500000AE023E008F1070020F00702F2E80201C8
:10451000904605E000B2C117042A01D140B2C1178C
:10452000002906DA0A460021404261EB02012D22F1
:1045300002E0220504D52B228DF80420012203E09D
:10454000E20701D02022F7E7914657E00A2100E078
:1045500010214FF0000B00910BE010214FF0000BE9
:1045600044F004040827009103E008204FF0000BFA
:104570000090C4F30252022A05D058F8040B00211F
:10458000032A08D008E008F1070020F00702F2E84B
:104590000201904603E080B2042A00D1C0B24FF07D
:1045A000000922072AD53278702A07D0DDF800C02A
:1045B0008CF0100C5CEA0B0C05D00EE040228DF85C
:1045C0000420012208E050EA010306D030238DF8D0
:1045D00004308DF8052002229146009B83F00803E9
:1045E00053EA0B030AD150EA010201D1620705D553
:1045F00030228DF804204FF001097F1E3278582AAE
:1046000004D039A20C920CAA02920BE03BA2F9E76B
:104610005B46009AFBF73EFE0C9B9B5C029A521E87
:104620000292137050EA0102F2D1029804A9081A0A
:1046300000F1200B600702D524F4803400E001274C
:104640005F4502DDA7EB0B0000E0002000EB0B0153
:10465000009003984944401A0390E00306D453465F
:104660002146179A039800F0A9F90544002706E0AF
:1046700001A85246C05D179990476D1C7F1C4F459D
:10468000F6DBE0030CD553462146179A039800F059
:1046900095F9054404E030205246179990476D1C67
:1046A0000099481E00900029F5DC08E00298029964
:1046B00052460078491C0291179990476D1CBBF136
:1046C0000001ABF1010BF1DC5BE100F065F90544A1
:1046D000761C307800287FF40DAE19B02846BDE86E
:1046E000F08F00000928010030313233343536377D
:1046F000383961626364656600000000303132332E
:1047000034353637383941424344454600000000CD
:10471000600700D4062708F1070020F00700F0E842
:104720000223804603F0004C5FEA0C0001D097A002
:1047300009E0200501D596A005E0E00701D095A08D
:1047400001E0AFF24C001390307823F0004365286D
:104750000CD006DC452809D046281DD047287FD13B
:104760003BE0662818D067287AD136E00021112F67
:1047700001DB112000E0781CCDE9000104A90CA8A0
:10478000FFF7EEFCDDE90D010C9A4FF0000B07F18D
:104790000109109200914EE04FF000400097CDE9E2
:1047A000011004A90CA8FFF7DBFCDDE90D020C9B4E
:1047B0000F994FF0000B91461093009211B9791C9C
:1047C00000EB0109B7EB090003D4C0F1FF3B07F18F
:1047D0000109A9EB0700019042E0012F00DA01274F
:1047E0000021112F01DD112000E03846CDE9000144
:1047F00004A90CA8FFF7B4FCDDE90D010C9A0091A7
:104800004FF0000BB946109221070FD4009A4A4589
:1048100003DA914601E0A9F10109B9F1010F05DDC3
:10482000109AA9F10101515C3029F4D0B84202DAA2
:1048300010F1040F03DA0121CDE9011010E0002886
:1048400003DC8344A9EB000102E0411C494500DD83
:104850008946A0EB0B00401C01904FF000400290F5
:10486000200705D40198484502DB4FF0FF30019046
:1048700000208DF84B0002980DF14B07B0F1004F6E
:1048800025D002200C902B200D90029800280CDAE5
:10489000404202902D200D9007E00A210298FBF77C
:1048A000C7FD3031029007F8011D0C99481E0C908D
:1048B0000029F2DC02980028EFD1791E0D980870CB
:1048C000307800F0200040F0450007F8020D11A8F4
:1048D000C01BC01D02901398007800B1012000EBAE
:1048E0000901019801EBE071029801440398401A14
:1048F000401E0390E00306D453462146179A0398BE
:1049000000F05CF805441398007818B152461799E6
:1049100090476D1CE00323D553462146179A039810
:1049200000F04CF805441BE0BBF1000F07DB0098DA
:10493000584504DD1098179910F80B0001E01799FD
:1049400030205246904701980BF1010B401E05F1B3
:104950000105019004D12E205246179990476D1CF5
:10496000B9F10001A9F10109DEDC05E017F8010B3E
:104970005246179990476D1C0299481E02900029D3
:10498000F4DC53462146179A03989EE62D0000005A
:104990002B000000200000002DE9F0410446002516
:1049A0001E461746880404D405E039462020B04747
:1049B0006D1C641EF9D52846BDE8F0812DE9F04153
:1049C000044600251E469046C80301D5302700E066
:1049D0002027880404D505E041463846B0476D1CC1
:1049E000641EF9D52846BDE8F0814A68002A06D041
:1049F0000A68531C0B6010704868401E486070477E
:104A00002DE9F04704460D469046264600BF1EB9E4
:104A100000BF00BF00BFFEE700BF00BF1DB900BF61
:104A200000BF00BFFEE700BF06B115B90020BDE81A
:104A3000F08742462946304601F040FB07460FB951
:104A40000020F4E76168386912F0D6FE81462846F6
:104A5000F16B8847E1680844E0604846E7E72DE9E4
:104A6000FF5F07460E461546984632462946684679
:104A700011F0D4FF20B301986968411A0E9800FB29
:104A8000017900982968401A8144009840443168AF
:104A9000A0EB010A684611F0AEFF834600240CE04B
:104AA0001AF8041019F804208818FF2801D9FF21EA
:104AB00000E001460AF80410641C5C45F0D300BF16
:104AC000BDE8FF9F2DE9F04104460E46002774B172
:104AD0003146204601F0C9FA0546B5F5004F05D22A
:104AE0000C2D01D9284600E00C20074600BF3846AF
:104AF000BDE8F0812DE9F04F87B00646D6F804B046
:104B0000B068069096F82180D6F80090F06805907D
:104B1000D6F818A0F069049037697069039001A86D
:104B200013F0F8FC96F8220000287BD10FBBB8F1F7
:104B3000FD0F1EDB002518E0002409E009EB44010D
:104B40000AEB4400008801AA009012F0D3FF641C15
:104B50005C45F3DB484605990AF06EF881465046FD
:104B600004990AF069F882466D1C06988542E3DBD9
:104B7000C2E04FBBB8F1FD0F26DA002520E000248B
:104B800011E00AEB4400008800909DF8010000FB52
:104B900008F000128DF8010009EB440101AA009809
:104BA00012F0A8FF641C5C45EBDB484605990AF04F
:104BB00043F88146504604990AF03EF882466D1C3F
:104BC00006988542DBDB97E06FB3B8F1FD0F2BDB76
:104BD000002523E0002412E00AEB44000088009046
:104BE0009DF80100395D10FB01F000128DF8010005
:104BF00009EB440101AA009812F07CFF641C5C459B
:104C0000EADB484605990AF017F8814650460499B0
:104C10000AF012F88246039807446D1C06988542F4
:104C2000D8DB69E031E0FFE7002F65D0B8F1FD0F78
:104C300062DA002525E0002414E00AEB4400008835
:104C400000909DF80100395D10FB01F000FB08F0B9
:104C500000148DF8010009EB440101AA009812F03C
:104C600049FF641C5C45E8DB4846059909F0E4FF10
:104C700081465046049909F0DFFF824603980744B5
:104C80006D1C06988542D6DB36E0002531E0002415
:104C90001FE00AEB4400008800903FB99DF8010036
:104CA00000FB08F000128DF8010009E09DF80100FA
:104CB000395D10FB01F000FB08F000148DF80100D5
:104CC00096F8222009EB440001AB009906F03EFE65
:104CD000641C5C45DDDB0FB1039807444846059929
:104CE00009F0AAFF81465046049909F0A5FF8246C3
:104CF0006D1C06988542CADB07B0BDE8F08F2DE930
:104D0000F04F8BB0074678680A90B868099097F81A
:104D100021A0D7F800B0F8680890BE69F86907903C
:104D2000D7F810807869069097F8220000287ED185
:104D3000B8F1000F26D1BAF1FD0F23DB00251DE0ED
:104D40004FF0000900240BE006EB44035A780BEB0C
:104D5000890116F8140013F0C6F909F10109641C61
:104D60000A988442F0DB5846089909F06BFF8346A5
:104D70003046079909F066FF06466D1C0998854282
:104D8000DEDBE1E0B8F1000F29D1BAF1FD0F26DA40
:104D9000002520E04FF0000900240EE006EB44035C
:104DA0005B7803FB0AF31A120BEB890116F8140067
:104DB00013F099F909F10109641C0A988442EDDBAA
:104DC0005846089909F03EFF83463046079909F096
:104DD00039FF06466D1C09988542DBDBB4E0B8F16B
:104DE000000F2FD0BAF1FD0F2CDB002526E04FF08D
:104DF0000009002410E006EB44035B7818F804C0B7
:104E000013FB0CF31A120BEB890116F8140013F0C4
:104E10006AF909F10109641C0A988442EBDB5846DF
:104E2000089909F00FFF83463046079900E03CE0FF
:104E300009F008FF0646069880446D1C09988542D3
:104E4000D5DB81E0B8F1000F7ED0BAF1FD0F7BDA3F
:104E5000002526E04FF00009002412E006EB440391
:104E60005B7818F804C013FB0CF303FB0AF31A1465
:104E70000BEB890116F8140013F035F909F101095B
:104E8000641C0A988442E9DB5846089909F0DAFE66
:104E900083463046079909F0D5FE064606988044B9
:104EA0006D1C09988542D5DB4EE001A813F057FB35
:104EB000002545E04FF0000900242EE016F814000C
:104EC0008DF8160016F814008DF8150016F8140069
:104ED0008DF81400B8F1000F08D106EB44004078BB
:104EE00000FB0AF000128DF817000BE006EB4400FF
:104EF000407818F8091010FB01F000FB0AF00014CC
:104F00008DF8170097F822200BEB890001AB05996B
:104F100006F076FD09F10109641C0A988442CDDB94
:104F2000B8F1000F01D0069880445846089909F05E
:104F300089FE83463046079909F084FE06466D1CBB
:104F400009988542B6DB00BF0BB0BDE8F08F2DE9B4
:104F5000F04F87B08046D8F804000690D8F80800D3
:104F6000059098F821B0D8F800000490D8F80C000B
:104F70000390D8F81870D8F81C000290D8F810A048
:104F8000D8F814000190D8F82400C11700EB517133
:104F9000C910A0EBC10998F8220000287DD1BAF110
:104FA000000F3BD1BBF1FD0F38DB002632E00025BE
:104FB000002421E005EB090104980BF026FAC0EB70
:104FC0000020C0B2009007EB44014A7817F81400A3
:104FD000694613F0ADF89DF800007F2805DD05EB6C
:104FE0000901049830F01BFF04E005EB0901049867
:104FF00008F018F96D1C641C06988442DADBDDE9C0
:10500000031009F022FE04903846029909F01DFEB3
:105010000746761C05988642C9DB1BE1BAF1000FF2
:1050200040D1BBF1FD0F3DDA002635E0002500241C
:1050300024E005EB090104980BF0E7F9C0EB002030
:10504000C0B2009007EB4401497801FB0BF10A1252
:1050500017F81400694613F06BF89DF800007F28DC
:1050600005DD05EB0901049830F0D9FE04E005EBFD
:105070000901049808F0D6F86D1C641C0698844257
:10508000D7DBDDE9031009F0E0FD04903846029912
:1050900009F0DBFD0746761C00E091E005988642AA
:1050A000C4DBD7E0BAF1000F42D0BBF1FD0F3FDB0C
:1050B000002639E00025002426E005EB09010498CC
:1050C0000BF0A3F9C0EB0020C0B2009007EB440145
:1050D00049781AF8043011FB03F10A1217F814008A
:1050E000694613F025F89DF800007F2805DD05EBE3
:1050F0000901049830F093FE04E005EB09010498DF
:1051000008F090F86D1C641C06988442D5DBDDE93C
:10511000031009F09AFD04903846029909F095FDB4
:10512000074601988244761C05988642C2DB91E0CE
:10513000BAF1000FB5D0BBF1FD0FB2DA00263BE0AB
:105140000025002428E005EB090104980BF05DF927
:10515000C0EB0020C0B2009007EB440149781AF878
:10516000043011FB03F101FB0BF10A1417F81400D2
:10517000694612F0DDFF9DF800007F2805DD05EB94
:105180000901049830F04BFE04E005EB0901049896
:1051900008F048F86D1C641C06988442D3DBDDE9F6
:1051A000031009F052FD04903846029909F04DFDB4
:1051B000074601988244761C05988642C0DB49E088
:1051C000002643E0002500242DE017F814008DF898
:1051D000020017F814008DF8010017F814008DF87C
:1051E0000000BAF1000F08D107EB4400407800FB43
:1051F0000BF000128DF803000BE007EB4400407841
:105200001AF8041010FB01F000FB0BF000148DF8ED
:10521000030098F8223005EB0901009A049806F083
:10522000BEFC6D1C641C06988442CEDBBAF1000FF4
:1052300001D001988244DDE9031009F006FD0490D5
:105240003846029909F001FD0746761C059886420A
:10525000B8DB00BF07B0BDE8F08F2DE9F04F87B095
:10526000064670680690B068059096F821A0D6F8BA
:1052700000B0F0680490B769F0690390D6F8108028
:105280007069029096F8220000287ED1B8F1000FD4
:1052900026D1BAF1FD0F23DB00251DE04FF00009F8
:1052A00000240BE007EB44035A780BEB090117F8D5
:1052B000140012F050FF09F10109641C06988442A1
:1052C000F0DB5846049909F0C3FC8346384603993D
:1052D00009F0BEFC07466D1C05988542DEDBD2E076
:1052E000B8F1000F29D1BAF1FD0F26DA002520E030
:1052F0004FF0000900240EE007EB44035B7803FB4A
:105300000AF31A120BEB090117F8140012F023FF2D
:1053100009F10109641C06988442EDDB58460499A2
:1053200009F096FC83463846039909F091FC07463C
:105330006D1C05988542DBDBA5E0B8F1000F2FD08E
:10534000BAF1FD0F2CDB002526E04FF00009002408
:1053500010E007EB44035B7818F804C013FB0CF370
:105360001A120BEB090117F8140012F0F4FE09F100
:105370000109641C06988442EBDB5846049909F045
:1053800067FC83463846039900E03CE009F060FC86
:105390000746029880446D1C05988542D5DB72E073
:1053A000B8F1000F6FD0BAF1FD0F6CDA002526E0DE
:1053B0004FF00009002412E007EB44035B7818F873
:1053C00004C013FB0CF303FB0AF31A140BEB0901E3
:1053D00017F8140012F0BFFE09F10109641C0698C9
:1053E0008442E9DB5846049909F032FC834638468A
:1053F000039909F02DFC0746029880446D1C05981E
:105400008542D5DB3FE0002539E04FF0000900245C
:1054100022E017F814008DF8060017F814008DF834
:10542000050017F814008DF80400B8F1000F02D140
:105430008DF807A006E018F8090000FB0AF000123A
:105440008DF8070096F822200BEB0900019906F071
:1054500008FC09F10109641C06988442D9DBB8F103
:10546000000F01D0029880445846049909F0F0FBDF
:1054700083463846039909F0EBFB07466D1C0598F7
:105480008542C2DB00BF07B0BDE8F08F2DE9F14FC8
:105490008AB00A98406809900A98806808900A982B
:1054A00090F8210007900A9806680A98C06806904C
:1054B0000A98D0F818A00A98C06905900A98D0F800
:1054C00010B00A98406904900A9890F822000028C9
:1054D00071D1BBF1000F2FD10798FD282CDB4FF0C5
:1054E000000925E00024002713E036F8140013F02B
:1054F000B8F880460AEB47014A781AF81700414687
:1055000012F06AFD054613F0ACF826F81400641C8E
:105510007F1C09988442E8DB3046069909F09BFB22
:1055200006465046059909F096FB824609F10109A5
:1055300008988145D6DB1DE2BBF1000F32D10798F8
:10554000FD282FDA4FF0000928E00024002716E09C
:1055500036F8140013F085F880460AEB47014978C5
:10556000079B59430A121AF81700414612F034FDFE
:10557000054613F076F826F81400641C7F1C099881
:105580008442E5DB3046069909F065FB0646504645
:10559000059909F060FB824609F1010908988145E7
:1055A000D3DBE7E1BBF1000F37D00798FD2834DBF0
:1055B0004FF000092DE06CE00024002718E036F8D9
:1055C000140013F04EF880460AEB470149781BF8A7
:1055D000043011FB03F10A121AF81700414612F0C9
:1055E000FBFC054613F03DF826F81400641C7F1CF4
:1055F00009988442E3DB3046069909F02CFB064605
:105600005046059909F027FB82460498834409F126
:10561000010908988145CFDBACE1BBF1000F8AD0CE
:105620000798FD2887DA4FF000092EE000240027B4
:105630001AE036F8140013F014F880460AEB47011C
:1056400049781BF8043011FB03F1079B59430A14F6
:105650001AF81700414612F0BFFC054613F001F896
:1056600026F81400641C7F1C09988442E1DB304654
:10567000069909F0F0FA06465046059909F0EBFA4A
:1056800082460498834409F1010908988145CDDBDD
:1056900070E100200390814667E135463046099964
:1056A00019F087FD002400274AE11AF817004FEA95
:1056B000E0081AF81700801002900A9890F822006B
:1056C000012806D002283DD0032878D004286FD1C5
:1056D00098E035F8140008EBD0201F2804DA35F8DC
:1056E000140008EBD02000E01F204FF6FF7101EA04
:1056F000C020039035F81400C0F345110298084407
:105700003F2806DA35F81400C0F345110298084422
:1057100000E03F20039901EB401080B2039015F8A0
:10572000140000F01F0040441F2805DA15F814008B
:1057300000F01F00404400E01F200399084480B29D
:105740000390ACE035F81400C8EBD020002804DD4D
:1057500035F81400C8EBD02000E000204FF6FF71B0
:1057600001EAC020039035F81400C0F345110298F7
:10577000081A002806DD35F81400C0F34511029818
:10578000081A00E00020039901EB401080B203905A
:1057900015F8140000F01F00A0EB0800002808DD39
:1057A00015F8140000F01F00A0EB080002E006E06E
:1057B00070E000200399084480B203906FE035F850
:1057C0001400C00A00FB08F040114FF6FF7101EA17
:1057D000C020039035F81400C0F3451002994843E7
:1057E0008111039800EB411080B2039015F814006A
:1057F00000F01F0000FB08F0039901EB601080B27D
:1058000003904CE035F81400C8EBD020002804DDEC
:1058100035F81400C8EBD02003E035F81400A8EBED
:10582000D0204FF6FF7101EAC020039035F8140034
:10583000C0F345110298081A002806DD35F8140057
:10584000C0F345110298081A05E035F81400C0F3BA
:1058500045110298401A039901EB401080B2039061
:1058600015F8140000F01F00A0EB0800002806DD6A
:1058700015F8140000F01F00A0EB080005E015F873
:10588000140000F01F00A8EB00000399084480B248
:10589000039004E000BF00BF0BB0BDE8F08F00BF75
:1058A000BBF1000F10D10798FD280DDB0AEB470074
:1058B000427836F81410039812F0F6F8019012F0BE
:1058C000D0FE26F8140039E0BBF1000F13D1079881
:1058D000FD2810DA0AEB47004078079B5843021274
:1058E00036F81410039812F0DFF8019012F0B9FEA8
:1058F00026F8140022E00798FD280CDB1BF8042092
:1059000036F81410039812F0CFF8019012F0A9FEA7
:1059100026F8140012E01BF80400079B58430AEB1A
:1059200047035B785843021436F81410039812F0BA
:10593000BBF8019012F095FE26F81400641C3F1D80
:1059400009988442FFF6B1AE3046069909F083F912
:1059500006465046059909F07EF98246BBF1000FD4
:1059600001D00498834409F1010908988145FFF6A4
:1059700094AE00BF00BF8FE72DE9F14F88B00898C3
:1059800040680790089880680690089890F8210071
:105990000590089806680898C06804900898D0F8A0
:1059A00018A00898C06903900898D0F810B008981B
:1059B00040690290089890F8220000287ED1BBF13F
:1059C000000F28D10598FD2825DB4FF000091EE0C7
:1059D000002400270CE00AEB47035A7836F814102D
:1059E0001AF8170012F02AFB26F81400641C7F1C1A
:1059F00007988442EFDB3046049909F02FF90646F8
:105A00005046039909F02AF9824609F101090698DE
:105A10008145DDDBF9E1BBF1000F2BD10598FD28B5
:105A200028DA4FF0000921E0002400270FE00AEBFC
:105A300047035B78059D6B431A1236F814101AF869
:105A4000170012F0FBFA26F81400641C7F1C07985C
:105A50008442ECDB3046049909F000F906465046D2
:105A6000039909F0FBF8824609F10109069881457E
:105A7000DADBCAE1BBF1000F31D00598FD282EDB3F
:105A80004FF0000927E00024002711E00AEB47034C
:105A90005B781BF8045013FB05F31A1236F8141048
:105AA0001AF8170012F0CAFA26F81400641C7F1CBA
:105AB00007988442EADB3046049900E044E009F0AC
:105AC000CDF806465046039909F0C8F88246029878
:105AD000834409F1010906988145D4DB95E1BBF1C6
:105AE000000F97D00598FD2894DA4FF0000927E0C1
:105AF0000024002713E00AEB47035B781BF80450EF
:105B000013FB05F3059D6B431A1436F814101AF8AD
:105B1000170012F093FA26F81400641C7F1C0798F3
:105B20008442E8DB3046049909F098F8064650466E
:105B3000039909F093F882460298834409F1010918
:105B400006988145D4DB60E100200190814657E151
:105B50003546002400273EE11AF817004FEAE00816
:105B60001AF8170080100090089890F82200012879
:105B700006D002283DD0032878D004286FD198E0C1
:105B800035F8140008EBD0201F2804DA35F814008B
:105B900008EBD02000E01F204FF6FF7101EAC02083
:105BA000019035F81400C0F34511009808443F28CF
:105BB00006DA35F81400C0F345110098084400E0F7
:105BC0003F20019901EB401080B2019015F81400BC
:105BD00000F01F0040441F2805DA15F8140000F0FB
:105BE0001F00404400E01F200199084480B201904A
:105BF000ACE035F81400C8EBD020002804DD35F8FF
:105C00001400C8EBD02000E000204FF6FF7101EA3D
:105C1000C020019035F81400C0F345110098081A0F
:105C2000002806DD35F81400C0F345110098081A65
:105C300000E00020019901EB401080B2019015F8BE
:105C4000140000F01F00A0EB0800002808DD15F884
:105C5000140000F01F00A0EB080002E006E070E076
:105C600000200199084480B201906FE035F81400DB
:105C7000C00A00FB08F040114FF6FF7101EAC02096
:105C8000019035F81400C0F3451000994843811184
:105C9000019800EB411080B2019015F8140000F05B
:105CA0001F0000FB08F0019901EB601080B2019029
:105CB0004CE035F81400C8EBD020002804DD35F89E
:105CC0001400C8EBD02003E035F81400A8EBD02076
:105CD0004FF6FF7101EAC020019035F81400C0F3BF
:105CE00045110098081A002806DD35F81400C0F3A5
:105CF00045110098081A05E035F81400C0F3451165
:105D00000098401A019901EB401080B2019015F8FB
:105D1000140000F01F00A0EB0800002806DD15F8B5
:105D2000140000F01F00A0EB080005E015F81400B7
:105D300000F01F00A8EB00000199084480B2019018
:105D400004E000BF00BF09B0BDE8F08F00BFBBF1A9
:105D5000000F0DD10598FD280ADB0AEB47004278B9
:105D600036F81410019811F09FFE26F8140030E068
:105D7000BBF1000F10D10598FD280DDA0AEB4700A2
:105D80004078059B5843021236F81410019811F020
:105D90008BFE26F814001CE00598FD2809DB1BF893
:105DA000042036F81410019811F07EFE26F8140035
:105DB0000FE01BF80400059B58430AEB47035B7890
:105DC0005843021436F81410019811F06DFE26F8AD
:105DD0001400641C3F1D07988442FFF6BDAE304698
:105DE000049908F03BFF06465046039908F036FF39
:105DF0008246BBF1000F01D00298834409F10109EA
:105E000006988145FFF6A4AE00BF00BF9BE72DE9D1
:105E1000F34F87B0064670680690B068059096F814
:105E200021B0D6F800A0F0680490B769F06903903B
:105E3000D6F810807069029096F8220000287ED172
:105E4000B8F1000F23D1BBF1FD0F20DB00251AE0D4
:105E50004FF0000900240BE007EB44035A780AEBEB
:105E6000090117F8140012F01BF908988144641C0A
:105E700006988442F0DB049882443846039908F07F
:105E8000F0FE07466D1C05988542E1DBCBE0B8F1DA
:105E9000000F26D1BBF1FD0F23DA00251DE04FF0E6
:105EA000000900240EE007EB44035B7803FB0BF3CF
:105EB0001A120AEB090117F8140012F0F1F8089809
:105EC0008144641C06988442EDDB04988244384681
:105ED000039908F0C6FE07466D1C05988542DEDB77
:105EE000A1E0B8F1000F2BD0BBF1FD0F28DB00259E
:105EF00021E04FF00009002410E007EB44035B7839
:105F000018F804C013FB0CF31A120AEB090117F876
:105F1000140012F0C5F808988144641C0698844265
:105F2000EBDB049882443846039908F09AFE074652
:105F3000029880446D1C05988542DADB73E02FE0FF
:105F4000B8F1000F6FD0BBF1FD0F6CDA002523E034
:105F50004FF00009002412E007EB44035B7818F8C7
:105F600004C013FB0CF303FB0BF31A140AEB090137
:105F700017F8140012F094F808988144641C0698ED
:105F80008442E9DB049882443846039908F069FEAC
:105F90000746029880446D1C05988542D8DB42E094
:105FA00000253DE04FF00009002429E017F8140017
:105FB0008DF804008DF805008DF80600B8F1000F8B
:105FC00008D107EB4400407800FB0BF000128DF87D
:105FD00007000BE007EB4400407818F8091010FBAD
:105FE00001F000FB0BF000148DF8070096F822205A
:105FF0000AEB0900019905F074FE08988144641CBD
:1060000006988442D2DBB8F1000F01D00298804498
:10601000049882443846039908F023FE07466D1C15
:1060200005988542BEDB09B0BDE8F08F024600BF8F
:10603000481E084018B100BF00BF00BFFEE700BF08
:10604000481E1040101A704710B502464B1E1344EC
:106050004C1E23EA040000BF4B1E0B401BB100BFC7
:1060600000BF00BFFEE700BF10BD024600BF481ED4
:10607000084018B100BF00BF00BFFEE700BF481EC8
:1060800010444B1E9843704770B540201DF034F902
:10609000044600BF1CB900BF00BF00BFFEE700BF41
:1060A0001CB900BF00BF002070BD40252A4600215A
:1060B00020461DF02BFB00BF2046F5E72DE9FC47ED
:1060C00004460D46904600BF1CB900BF00BF00BF8C
:1060D000FEE700BF00BF1DB900BF00BF00BFFEE765
:1060E00000BF04B115B90020BDE8FC87294604F1C2
:1060F000240022F044FE0190019800B92FE001989D
:1061000006693046616811F077FB0746294630463C
:1061100062681DF08FF904F130001CF0E8FF009078
:10612000009800B913E0042201A900981DF082F93B
:10613000204601990AF00BFD8146042269461DF0B4
:1061400079F921463846626811F079FB07E004F1DD
:106150002400019922F0A9FD0020019000BF0198C0
:10616000C2E72DE9F047074688469146F87A00F0E5
:106170000F0006280BD2DFE800F00A08030405062A
:1061800000BF00BF00BF454603E04D4601E040258B
:1061900000BF00BF05EB4500C01C20F003000C3021
:1061A000E91C21F0030100EB010A50461DF0A4F8A0
:1061B000044600BF1CB900BF00BF00BFFEE700BF20
:1061C00014B90020BDE8F0872646344606F10C00DD
:1061D000306005EB4500C01C20F0030106F10C0007
:1061E00008447060A5602046ECE77CB505460C4687
:1061F00005F11401204610F092FC08B901207CBD85
:1062000000208DF8000001946A461A21284621F0EA
:1062100041FE9DF8000008B90020F0E70120EEE7FC
:1062200010B5044694F85C00C0F3400038B9606CC7
:1062300028B1606C401C10B1606C401E6064606CE2
:10624000D0B9E06B20B194F85C00C0F3400098B185
:10625000214621481DF006F800F040F8206910B1F1
:10626000204621698847606910B1204661698847E6
:1062700020461AF085FA2EE0002194F85C0020F008
:10628000080084F85C00D4E90C20904202DDD4E9D7
:106290000C20811A206C081A6063E06BD0B194F86E
:1062A0005C20C2F3400212B9A26B5242626394F8BE
:1062B0005C205208D24394F85C3062F3410384F8C6
:1062C0005C30606AE26A6262E062206BE26B2263C9
:1062D000E06300BF00BF10BD680C012010B50120B5
:1062E0001C4981F8A80001F1B0001CF0CDFEB8B93E
:1062F0001848D0F8AC0028B11649D1F8AC0024F009
:10630000BDFC10BD134890F8AA0040B1002212490C
:10631000104612F0EBFE00210E4880F8AA10F0E7BC
:106320000C48D0F8AC0028B10A49D1F8AC0024F0F0
:10633000BFFCE6E7074890F8AA0040B900220649EA
:10634000104612F06FFD0121024880F8AA1000BF2C
:10635000D7E70000B80B0120196500082DE9F047C8
:1063600081466C4890F8A90008B9012100E000219D
:10637000684880F8A910B0301CF086FE0446C4E0DE
:10638000206D24F01AFB074694F85C0000F0010031
:1063900040B3606D24F011FB0546A06D401C20B198
:1063A000A06DA84201D8012000E000200646C6B139
:1063B000A16D681A94F85C1021F0010184F85C105A
:1063C000616B01446163534991F8A91009B9012136
:1063D00000E0002194F85C2061F3820284F85C20E4
:1063E00000BF02E0606B3844606324F0EFFA206580
:1063F0000020484981F8A80094F85C0000F00100F2
:10640000002871D194F85C00C0F38001414890F8F5
:10641000A900814268D03F4890F8A91014F85C0F99
:1064200061F38200207014F85C09C0F3C00030BB37
:10643000606B002823DB94F85C00C0F3001060B9A7
:10644000A06950B12046A16988470546606A284482
:106450006062E06A2844E06200BF20462AF0B0F89B
:10646000E06810B12046E168884794F85C0020F0AD
:106470000800083084F85C00204629F09FFF606B1C
:10648000002831DBD4F83480D4E90C10884201DDD7
:10649000206B6063666B2046216A88470546A16AC7
:1064A000A94210D0A562606818B12946D4E900025B
:1064B0009047184890F8A80028B9A06818B1294654
:1064C0002046A2689047134890F8A80058B9606B1E
:1064D000B04201D1C4F83480D4E90C10884202DB08
:1064E0002046FFF79DFE00BF0A4890F8A80028B19B
:1064F0000848B0301CF0C8FD044605E021460548B8
:10650000B0301CF0D9FD044600BF002C7FF438AF3A
:10651000BDE8F087B80B012010B504460020FFF756
:106520001DFF10BDF8B5044600200090684627F016
:1065300002FE06460EB13046F8BD207C012801D08F
:106540000020F9E76169009800F04AF8012801D0BD
:106550000020F1E760690099081A4FF4FA61B0FB76
:10656000F1F0451C05EB4501C1EBC511606900EB7D
:1065700001116161A06B4119A1630020DCE7F8B54E
:1065800005460E46032000900020307000BF002218
:106590006946686827F04EF804460A2C01D0022CA0
:1065A00001D10020F8BD0CB12046FBE79DF80000AA
:1065B0000128ECD100202874012030700020F1E780
:1065C00070B505460C46142221462846F9F7C4FE4C
:1065D000242204F1140105F11400F9F7BDFE70BD89
:1065E0000246501AC017401C704770B58EB0044662
:1065F00038216846F9F7C9FE206A401C20626946C6
:1066000020682EF073FD064646B1606A401C606249
:106610003146204600F01CF90EB070BD6946204698
:1066200000F0A2F8054615B9E06A401CE0620021BE
:10663000204600F00DF9EFE770B59EB00446382112
:1066400010A8F9F7A2FE00200F90E069401CE0615D
:1066500010A920682EF04AFD054615B1606A401C5D
:1066600060620FA92046FFF78AFF064616B1304642
:106670001EB070BD9DF83C00012805D115B9606BB6
:10668000401C60630020F3E76DB13C220B49684673
:10669000F9F762FE019500236A462046A16800F0E2
:1066A000E9F80020E4E710A9204600F05DF806466E
:1066B00016B9A06A401CA0620020D9E79CE003083C
:1066C00070B504460D46164625B1012D10D0022D99
:1066D0001AD110E0207C012801D1002070BD0120DA
:1066E000207406F5FA6060612046FFF7A5FFF5E724
:1066F00000202074F2E7207C012801D10520EDE77D
:106700002046FFF772FFE9E70320E7E730B50246CE
:1067100042B139B1086828B1486818B1886808B131
:10672000C86808B9042030BD107E012801D10D20B1
:10673000F9E7086890F82400012808D14868006843
:1067400028B18868006810B1C868006808B90C20D2
:10675000E9E791E8390082E839000020107401234C
:10676000137600BFDFE7000030B58FB004460D465A
:106770003C2208496846F9F7EFFD294601A8FFF7D2
:106780001FFF00236A462046A16800F073F80FB08F
:1067900030BD000060E003087CB504460320019092
:1067A00000200090461E0CB904207CBD207E0128EC
:1067B00001D00C20F9E7684627F0BDFC05460DB175
:1067C0002846F2E7207C01280BD161690098FFF789
:1067D00007FF012801D1002002E060690099401AFA
:1067E0000646324601A9606826F024FF054635B901
:1067F0009DF804102046009AFFF762FFD5E7022DAE
:1068000003D00A2D01D02846CFE7207C012801D0F3
:106810000020CAE7684627F08EFC05460DB12846E1
:10682000C3E761690098FFF7DBFE012801D0002073
:10683000BBE7606900F5FA6060612046FFF7FCFE87
:1068400005460DB12846B0E72046FFF76BFEACE7E2
:106850007CB504460D46064903C9CDE90001019502
:106860004FF0FF336A462046E16800F003F87CBD34
:1068700058E003082DE9F04104460D4616461F4630
:106880003A463146284626F0F8FE8046B8F1000F19
:1068900002D0206B401C20634046BDE8F0810446D6
:1068A00025462DB900BF4FF47A7027F031FCFAE786
:1068B00000BF2846FFF770FF0028FAD04FF47A7027
:1068C00027F026FCF5E7000070B504460D460021D0
:1068D000E16384F84010012184F84110E06D401C10
:1068E000E065012D07D1206E401C2066162202496A
:1068F000204600F06AFA70BDFDDE030838B5044694
:10690000002000900CB9032038BD207D022801D062
:106910000520F9E7206908B90C20F5E700BF00223F
:106920006946206926F086FE05460A2D01D0022D13
:1069300001D10020E8E70DB12846E5E7606F401C73
:1069400060679DF80010204600F020FAE7E770B578
:10695000A2B00446802102A8F9F717FD0025002007
:106960000190002600BF01AB802202A960682FF0D1
:106970007FF805460A2D02D1002022B070BD0DB16E
:106980002846FAE7606C401C6064A06C01990144E1
:10699000A164002605E002A8815D204600F005F80C
:1069A000761C01988642DED2F5E770B504460D46A6
:1069B00094F84100012819D194F8400001280FD122
:1069C0000A2D05D1002184F8401084F841100CE014
:1069D0000D2D01D1012100E0002184F8401004E0D8
:1069E0000D2D02D1012184F8401070BD94F84000B3
:1069F000012818D10A2D0CD1002184F8401004F18F
:106A00001C00E26B8154204600F07EF90021E16316
:106A100008E000212046FFF757FF0D2D02D101218C
:106A200084F84010E1E70D2D03D1012184F84010D6
:106A3000DBE70A2D04D100212046FFF745FFD4E70C
:106A4000E06B1F2804D301212046FFF73DFFCCE770
:106A500004F11C00E16B4554E06B401CE06300BF97
:106A6000C3E700000346092B3CD2DFE803F0050B27
:106A700011171D23292F35001B4808600A201060BC
:106A80000020704719480860092010600020F8E7CE
:106A900017480860092010600020F2E715480860D8
:106AA000152010600020ECE71348086015201060E6
:106AB0000020E6E7114808600A2010600020E0E7A7
:106AC0000F480860182010600020DAE70D480860C1
:106AD000102010600020D4E70B48086010201060E0
:106AE0000020CEE70320CCE714DF03081FDF0308F4
:106AF00029DF030833DF030849DF03085FDF0308EA
:106B00006ADF030883DF030894DF030830B58FB022
:106B100004460D4624B11DB1286808B1686810B953
:106B200003200FB030BD207D08B10D20F9E71422FD
:106B300029462046F9F710FC012020750021A161AB
:106B40003C216846F9F721FC3C2206496846F9F7E2
:106B500003FC3C22694604F14400F9F7FDFB0020E8
:106B6000DFE70000A8DF030870B505460C46052CDA
:106B700007D1224618A12846F9F72BFC08B90120B5
:106B800070BD042C07D1224615A12846F9F721FC37
:106B900008B90220F4E7042C07D1224612A12846A6
:106BA000F9F717FC08B90320EAE7062C07D12246BB
:106BB0000FA12846F9F70DFC08B90420E0E7042CE2
:106BC00007D122460CA12846F9F703FC08B9052095
:106BD000D6E70020D4E7000053544152540000008F
:106BE00053544F50000000004F4E4345000000003A
:106BF000535441545553000048454C500000000088
:106C00007FB504460E4600250020039000900190B9
:106C1000029014B9032004B070BD207D08B90C2087
:106C2000F9E7207D022801D00520F4E703AA3146C8
:106C300060682FF001F80546022D01D10020EAE737
:106C400025B12946204600F0D8F8E4E7039800F083
:106C5000010048B12046FFF77AFE054625B12946D6
:106C6000204600F0CAF8D6E7039800F00400C8B147
:106C7000694660682EF01DFD054625B1294620466F
:106C800000F0BBF8C7E760682EF04FFF054625B15E
:106C90002946204600F0B1F8BDE7206D401C206574
:106CA0000020B8E7039800F0020010B360682EF0EF
:106CB00077FF054675B1694660682EF0FAFC054617
:106CC0001DB99DF80000042804D02946204600F094
:106CD00094F8A0E760682EF028FF054625B1294604
:106CE000204600F08AF896E7E06C401CE064002043
:106CF00091E7039800F0080020B11321204600F02E
:106D00007CF888E7002086E770B504460025E06B34
:106D100000B970BD04F11C00E16BFFF725FF0546CB
:106D200045B9E06D401CE06515221649204600F08B
:106D30004CF8EEE7A06D401CA065062D1ED2DFE8E2
:106D400005F01D03080D12170021204600F0EAF897
:106D500015E00121204600F0E5F810E00221204670
:106D600000F0E0F80BE00321204600F0DBF806E03D
:106D700022220549204600F028F800E000BF00BFAD
:106D800000BFC6E7E7DE0308C4DE03087CB504469F
:106D90000E460020019000906A4601A93046FFF798
:106DA00061FE05463DB94FF47A736068DDE9002164
:106DB0002EF0FCFF05461DB9A06F401CA06702E045
:106DC000E06F401CE06728467CBD2DE9F041044699
:106DD0000D46164600274FF47A73324629466068FE
:106DE0002EF0E4FF07461FB9E06E401CE06602E0AB
:106DF000206F401C2067BDE8F0810246032010751B
:106E00009161506D401C5065084670477CB5044642
:106E100000250CB903207CBD207D08B90C20FAE7C1
:106E2000207D012801D00520F5E7206880B1606849
:106E300070B12068406A58B12068406A006838B173
:106E40002068406A406818B12068406AC06808B984
:106E50000520E0E72068426A1168884705463DB191
:106E600003202075A561606D401C60652846D2E74F
:106E70002068426A5168884705463DB10320207565
:106E8000A561606D401C60652846C4E760682EF00F
:106E90004CFE05465DB12068426AD16888470320F0
:106EA0002075A561606D401C60652846B3E702202F
:106EB00020750021A16107A04FF4F471CDE9001005
:106EC00026F00EF906460B4B0BA213A10320B04788
:106ED0000020A0E7636F6D6D756E69636174696F03
:106EE0006E2072756E74696D65207374617274655D
:106EF00064000000E4DF03082E2E5C30315F415057
:106F0000505C6170705F636F6D6D756E6963617405
:106F1000696F6E2E630000006170705F636F6D6D4E
:106F20000000000070B504460E460025A06898B920
:106F3000A06E401CA0664FF47A730A22164960685E
:106F40002EF034FF05461DB9A06F401CA06702E07B
:106F5000E06F401CE06770BD3146D4E902209047E5
:106F600005461DB9606E401C606612E0A06E401CB4
:106F7000A0664FF47A730A22074960682EF016FF64
:106F800005461DB9A06F401CA06702E0E06F401CE1
:106F9000E06700BFDFE700005FDF03080EB50446CF
:106FA000254600262DB900BF4FF47A7027F0B0F8BF
:106FB000FAE72846FFF72AFF06460EE02846FFF7C5
:106FC0009DFC064626B914212846FFF719FE064601
:106FD0001EB92846FFF792FC0646002EEED00AA105
:106FE00040F27322A869CDE90021029026F078F8DA
:106FF00007460D4B0DA215A10120B84700BF4FF465
:107000007A7027F085F8FAE7636F6D6D756E6963C6
:107010006174696F6E20666174616C206572726F55
:10702000723A202564000000FCDF03082E2E5C303D
:10703000315F4150505C6170705F636F6D6D756E54
:1070400069636174696F6E2E630000006170705F28
:10705000636F6D6D000000000246501AC017401C9F
:10706000704770B504460D4625B9E06B401CE063DF
:10707000002070BD05222946204600F09AFAF8E764
:107080002DE9F04104460D46607F012802D005201D
:10709000BDE8F081A67F002161772DB1062231463F
:1070A000204600F086FAF3E70221204600F067FA56
:1070B000074602223146204600F07BFA80464146D0
:1070C000384600F00AF9E3E7F8B504460E46607F5B
:1070D000012804D131462046FFF7C3FFF8BD207FC9
:1070E000012805D103223146204600F062FAF5E777
:1070F00001216177A6770221204600F038FA054683
:107100000DB10021617700950DB1012000E0002054
:10711000024609233146204600F054F92846DDE7AF
:10712000F8B504460E46607F012804D1314620465A
:10713000FFF797FFF8BD207F012805D103223146D4
:10714000204600F036FAF5E70021204600F00FFA5D
:10715000054645B10923012231462046009500F03D
:1071600031F92846E6E7012020770121204600F08A
:1071700006FA0546204600F014F900223146204662
:1071800000F017FA07463946284600F0A6F80546EB
:107190002846CFE770B504460D460826207F012813
:1071A00000D1072632462946204600F002FA70BD7B
:1071B000F8B504460E46607F012804D131462046CA
:1071C000FFF74FFFF8BD207F28B904223146204643
:1071D00000F0EFF9F6E70121204600F0C8F9054676
:1071E00045B10923012231462046009500F0EAF816
:1071F0002846E7E7002020770021204600F0BFF96D
:107200000546204600F0CDF801223146204600F028
:10721000D0F907463946284600F05FF8054628466B
:10722000D0E7F8B505460C460020009075B16CB16A
:10723000206858B1606848B1A06838B1E06828B1EA
:10724000206918B1606908B1A06908B90420F8BDC7
:107250002420405D012801D10D20F8E72068807DC1
:10726000012812D16068407C01280ED1A068006816
:1072700058B1E068006840B12069006828B16069D1
:10728000006810B1A069006808B90C20DFE7684603
:1072900026F051FF06460EB13046D8E71C222146A3
:1072A0002846F9F759F80020287700216977A9774F
:1072B00000980A3028620121242041550021252010
:1072C00041550020C3E7014619B1012901D0022927
:1072D00001D1012070470020FCE702460AB90846A8
:1072E00070471046FCE770B504460D4616460CB9CB
:1072F000042070BD2420005D012801D00C20F8E797
:10730000042D04DA3046FFF7DEFF012801D0032008
:10731000EFE7A06A401CA06235B1012D09D0022D13
:107320000CD0032D14D10EE031462046FFF7F8FEB5
:10733000DFE731462046FFF73BFFDAE731462046DC
:10734000FFF7C2FED5E731462046FFF723FFD0E71F
:107350000320CEE770B505460C4605B10CB90420F4
:1073600070BD2420405D012801D00C20F8E7207872
:10737000022801DB0320F3E7E86A401CE86220787A
:1073800010B101280BD105E0627921792846FFF779
:10739000AAFFE5E728466168FFF772FEE0E70320F1
:1073A000DEE710B590B004463C2101A8F8F7EDFFE8
:1073B000207F8DF8080001AA2046616900F0E7F8F7
:1073C00010B010BD2DE9F04190B004460D461646B0
:1073D0001F46DDF858803C220C4901A8F8F7BCFF95
:1073E000207F8DF80800617F8DF809108DF80A6004
:1073F0008DF80B708DF80C50CDF8108001AA204646
:10740000616900F0C4F810B0BDE8F0811CE0030829
:10741000FEB5044600200190029000900CB90420B3
:10742000FEBD2420005D012801D00C20F8E72520B6
:10743000005D012805D02046FFF7B3FF012125207C
:107440000155684626F077FE05460DB12846E7E768
:10745000216A0098FFF700FE012801D1002002E018
:10746000206A0099401A07463A4601A9A06826F00A
:10747000E1F805463DB901A92046FFF76BFF054637
:107480003DB12846CCE7022D03D00A2D01D0284675
:10749000C6E7684626F04FFE05460DB12846BFE711
:1074A000216A0098FFF7D8FD012801D00020B7E736
:1074B0002046009900F010F80546206A0099081A45
:1074C0000A21B0FBF1F0461C06EB8601206A00EBB6
:1074D000410121622846A3E77CB504460E46002000
:1074E000019000900CB904207CBD2420005D01288F
:1074F00001D00C20F8E701A9206824F0A6FD05467C
:1075000025B1606B401C60632846EDE76B46324650
:107510009DF8041060682DF0B4FE054625B1A06BFF
:10752000401CA0632846DFE79DF8000030B1012829
:1075300006D002280AD0032814D10DE00020D3E79A
:10754000002211462046FFF7CEFECDE700220221A1
:107550002046FFF7C8FEC7E7002201212046FFF7BB
:10756000C2FEC1E7A06B401CA0630320BCE713B5BB
:10757000044601AA2046E16800F009F81CBD13B5D5
:10758000044601AA2046A16900F001F81CBD2DE9BE
:10759000F04104460D46164600223146284626F0A4
:1075A0006CF8074617B1206B401C20633846BDE8D5
:1075B000F08137B582B005460C4600200090022CC1
:1075C00007D09DF81000022803D09DF8100006286F
:1075D00001D1012000E0002002469DF81030214634
:1075E0002846FFF7EFFE012C02D0002005B030BD89
:1075F00004AA28462969FFF7CAFFF7E7044625468B
:107600002DB900BF4FF47A7026F082FDFAE700BF73
:107610002846FFF7FDFE0028FAD04FF47A7026F0D6
:1076200077FDF5E7FEB504460D46206826F017FA0B
:10763000206890F88101012802D1206826F06EFAB6
:10764000002184F89210A0200059401CA02108516C
:1076500006A0C821CDE90105009125F041FD0646AF
:10766000094B0AA20FA10120B047FEBD64697370E7
:107670006C61792073746172747570206661696CD5
:1076800065643A2025640000E8E003082E2E5C3093
:10769000315F4150505C6170705F646973706C6100
:1076A000792E63006170705F646973706C6179003A
:1076B000F0B58FB004460E46002722E0002269464E
:1076C000A06825F0B7FF05460A2D01D0022D02D192
:1076D00000200FB0F0BD0DB12846FAE769462046FC
:1076E00000F063FB05460DB12846F2E7D4F8980098
:1076F000401CC4F898009C200059401C9C21085153
:107700007F1CB742DAD30020E3E770B505460C468C
:10771000A5B19CB1206888B1606878B1A06868B1F3
:10772000E06858B1206948B1606938B1A06928B1F2
:10773000E06918B1206A08B1606A08B9042070BD18
:1077400095F89100012801D10D20F8E7A0680068A4
:1077500010B1E068006808B90C20F0E72822214643
:107760002846F8F7F9FD002085F82800002185F863
:1077700064106967012185F89110002185F8921045
:1077800000BFDCE770B58AB004460020089009907D
:10779000E16F0691B4F88000ADF81C0008A92069DB
:1077A00024F0F8FC054600200590BDB18420005966
:1077B000A8420CD039A0D321CDE90105009125F0D4
:1077C0008FFC06463B4B3CA241A10220B047002063
:1077D0008DF82000ADF82200ADF82400842005517A
:1077E00004F128000899E167BDF82410A4F880107E
:1077F00005A826F0A0FC08B10AB070BD9DF82000D5
:107800009DF8181088421CD0BDF82400BDF8221045
:107810009DF820200AB131A200E032A232A3CDE9C6
:107820000132CDE90310DF20009025F059FC064617
:10783000204B21A226A10320B0478C20059901519D
:107840002AE09DF82000012826D1BDF82200BDF8CD
:107850001A10884205D1BDF82400BDF81C108842DA
:107860001AD08C2000590599081A642814D3BDF841
:107870002400BDF8221021A2E523CDE90032CDE994
:10788000021025F02DFC06460A4B0BA210A1032086
:10789000B0478C200599015100BFADE7746F756347
:1078A000682072656164206661696C65643A2025B0
:1078B00064000000FCE003082E2E5C30315F415074
:1078C000505C6170705F646973706C61792E6300E5
:1078D0006170705F646973706C617900444F574EDA
:1078E0000000000055500000746F75636820257318
:1078F00020783D257520793D25750000746F7563EE
:1079000068204D4F564520783D257520793D2575D9
:1079100000000000F0B593B0044614B9042013B081
:10792000F0BD94F89100012801D00C20F7E7052262
:1079300004A9A06825F07EFE054685B904A9204665
:1079400000F033FA05467DB9D4F89800401CC4F81D
:10795000980003212046FFF7ABFE054604E0022D08
:1079600001D00A2D00D10025204600F04BF80DB1C2
:107970002846D4E794F89200012820D1204600F050
:10798000A5F924F00DFF0646B6B1A4200059401C0D
:10799000A421085188200059B0420DD009A04FF40D
:1079A000C371CDE90106009125F09AFB07460B4B08
:1079B0000BA211A10220B8478820065100BF002069
:1079C000ADE7000067756920666C757368206661B5
:1079D000696C65643A2025640000000045E10308F5
:1079E0002E2E5C30315F4150505C6170705F646975
:1079F00073706C61792E63006170705F646973707D
:107A00006C6179007FB504460020039003A8002331
:107A1000012219460090104625F074FD05460A2DF6
:107A200001D0022D00D17FBD002D1BD0002184F894
:107A30007C10A4F87E10A4F8801084200059A8427D
:107A40000DD00FA040F20D11CDE90105009125F0F8
:107A500047FB0646104B11A216A10220B047842016
:107A60000551E0E7039800F0010030B194F8900070
:107A7000012802D12046FFF785FE00BFD3E70000B2
:107A8000746F756368206E6F7469667920666169CA
:107A90006C65643A202564002BE103082E2E5C30CF
:107AA000315F4150505C6170705F646973706C61EC
:107AB000792E63006170705F646973706C61790026
:107AC00070B504460CB9042070BD94F891000128EB
:107AD00001D00C20F8E7204600F048F8D4E9000176
:107AE00026F0A0F805462DB129462046FFF79AFD5D
:107AF0000020E9E704F17C01206824F0F1FD05464F
:107B000025B92146184833F027FE05461DB92068DF
:107B100025F0B9FF05462DB129462046FFF782FD25
:107B20000020D1E7012184F8921004F1740026F0BE
:107B300002FB04212046FFF7BBFD054694F89400A4
:107B4000012803D104F12C0033F0BCFF204600F0E3
:107B5000AEF994F87B00012801D133F09DFE204658
:107B600000F0B4F82846AFE75D7C00087FB5044616
:107B70001DA1D4E90623606924F0FCFE05462DB959
:107B8000226AD4E9040124F0A3FA054684200551B1
:107B90000DB9012100E0002184F890106DB116A00C
:107BA000F621CDE90105009125F09AFA0646194B18
:107BB00019A21FA10220B0477FBD2069407A216928
:107BC000097A1EA2F923CDE90032CDE9021025F091
:107BD00087FA06460F4B10A215A10320B047204696
:107BE000FFF7D0FD00BFE7E7746F7563685F736FE1
:107BF00066745F6932630000746F75636820737424
:107C00006172747570206661696C65643A202564E0
:107C10000000000013E103082E2E5C30315F41505C
:107C2000505C6170705F646973706C61792E630081
:107C30006170705F646973706C617900746F7563F3
:107C4000682072656164792069643D30782530323E
:107C5000582066773D30782530325800FEB506460C
:107C60000F463446184903C9CDE901018DF8087063
:107C700094F87800012803D094F86500012801D118
:107C80000820FEBD684626F056FA05462DB90022AA
:107C900001A9E06825F0F1FC05461DB133F0ECFDCB
:107CA0002846EEE7012184F87810002184F87A1044
:107CB000009800F57A70206784F86610204600F07E
:107CC000F6F80020DDE70000D8E003083EB50446E2
:107CD0001C4903C9CDE90101684626F02CFA00B120
:107CE0003EBD94F8780001280FD1206F0099081A42
:107CF00000D5F5E794F87A00012806D0012184F830
:107D00007A100099616733F0B7FD606F0099081A27
:107D100000D5E5E7002201A9E06825F0AEFC0546A4
:107D20003DB994F87800012803D094F8790001282F
:107D300001D0FA2001E04FF47A70009901446167A4
:107D400000BFCDE7E0E00308044625462DB900BF9B
:107D50004FF47A7026F0DCF9FAE72846FFF7B0FE18
:107D600000BF2846FFF7D6FD0028FAD04FF47A70FE
:107D700026F0CEF9F5E770B5044644B194F89100C9
:107D8000012804D1606A10B1606A006800B970BD52
:107D90000121606A25F0AEFB054625B1A8200059F7
:107DA000401CA821085100BFF1E770B504460D46FC
:107DB000287830B101281AD002282ED0032874D197
:107DC00067E02879022801DB032070BD94F8790070
:107DD000012801D10020F8E7287984F828002979C2
:107DE00084F86410012184F893100020EDE7382214
:107DF000291D04F12C00F8F7AFFA012184F8941042
:107E0000002184F87B1094F89200012803D104F13A
:107E10002C0033F057FE0020D7E72879022801DB39
:107E20000320D2E7291D0EC9C4E91A236166012186
:107E300084F87910287984F8280084F89310A879B8
:107E4000012815D1287A022812D194F87800012847
:107E500009D194F87A00012805D0E879072807D0DD
:107E6000E879082804D0002184F8781084F87A1082
:107E7000A879012805D1E879062802D1012184F8E2
:107E80007B10204600F013F8002184F866100020D3
:107E90009BE7012184F87B1094F89200012801D11E
:107EA00033F0FAFC002090E7FFE703208DE710B5E0
:107EB000044694F8920001280FD194F87800012824
:107EC00003D094F87900012801D0012000E00020BF
:107ED000014604F1640033F0EFFC10BD024622B10C
:107EE00019B1086808B1486808B904207047107CC7
:107EF000012801D10D20F9E708680079012802D195
:107F00004868006808B90C20F0E7D1E90003C2E92D
:107F10000003012010740020E8E7024622B1012A84
:107F200005D0022A0BD106E000200870704701201E
:107F300008700020FAE7022008700020F6E703200E
:107F4000F4E77CB5044603200190002000900CB9B2
:107F500004207CBD207C012801D00C20F9E74FF0E3
:107F6000FF3201A9606825F065FB054625B1E06890
:107F7000401CE0602846ECE769469DF80400FFF7E6
:107F8000CCFF054625B1E068401CE0602846E0E7EC
:107F90009DF8001020682DF0DBF9054625B1E0685A
:107FA000401CE0602846D4E7A068401CA060002088
:107FB000CFE7044625462DB900BF4FF47A7026F06E
:107FC000A7F8FAE700BF2846FFF7BBFF0028FAD062
:107FD0004FF47A7026F09CF8F5E700002DE9F04F99
:107FE000BFB01822B54939A8F8F7B6F9B348183028
:107FF00003C8CDE937011422B049203132A8F8F77F
:10800000ABF91C22AD4934312BA8F8F7A5F9AB4BDD
:1080100050330FCB27AC0FC4A849603103C9CDE959
:1080200025012822A54968311BA8F8F795F91422E3
:10803000A249903116A8F8F78FF914229F49A4316C
:1080400011A8F8F789F914229C49B8310CA8F8F75F
:1080500083F914229949CC3107A8F8F77DF9142245
:108060009649E03102A8F8F777F9002500260027A5
:10807000A846A946AA4692480078012803D10D20B7
:108080003FB0BDE8F08F8F498F4823F085FF04464D
:1080900004B109E18D4823F009FF044604B103E16E
:1080A0008B4823F0FBFD044604B1FDE0894823F032
:1080B0005FFE044604B1F7E0874823F071FE0446F2
:1080C00004B1F1E0854823F0AFFE044604B1EBE0D3
:1080D000834823F0BFFE044604B1E5E0814823F065
:1080E0008DFE044604B1DFE07F4823F0EBFE04463A
:1080F00004B1D9E07D4823F0F9FE044604B1D3E091
:10810000794825F022FB044604B1CDE04FF0010987
:10811000754825F02FFB044604B1C5E04FF0010A75
:108120006D4B6C4A72A1764824F024FC044604B1DD
:10813000BAE07349734824F003F9044604B1B3E08C
:1081400068226F49704825F057F8044604B1ABE047
:108150005E4824F05AFF044604B1A5E05C4823F0D1
:108160004BFF044604B19FE039A968482DF06EFB2F
:10817000044604B198E0012565482DF06DF80446E9
:1081800004B191E00126514962482DF015F90446E9
:1081900004B189E0012737A95F482CF082FF04462B
:1081A00004B181E04FF00108082211465B4825F038
:1081B00013FA044604B177E001220421584825F05F
:1081C0000BFA044604B16FE001220821554825F05E
:1081D00003FA044604B167E001220421524825F065
:1081E000FBF9044604B15FE03C2204214F4825F02E
:1081F000F3F9044604B157E02BA94D48FFF711F8F5
:10820000044604B150E027A94A48FEF77FFA044625
:1082100004B149E032A94848FEF778FC044604B1AD
:1082200042E025A94548FFF759FE044604B13BE06A
:108230001BA94348FFF769FA044604B134E016A9C4
:10824000404825F01FFF044604B12DE011A93E4827
:1082500025F018FF044604B126E00CA93B4825F0A0
:1082600011FF044604B11FE007A9394825F00AFFB1
:10827000044604B118E002A9364825F003FF04467D
:1082800004B111E001200E49087033A040F207212B
:10829000CDE9001024F024FF8346374B37A23DA1DF
:1082A0000320D8470020EBE643463A4631462846AD
:1082B000CDE9009A00F034F92046E1E6D0DD03086C
:1082C000D4000020ACDD030834800020788000203A
:1082D00090800020A8800020BC8000209882002090
:1082E000AC820020C0820020E080002014810020A9
:1082F0007368617265645F736F66745F693263008F
:10830000D0800020940000209C000020F0820020FB
:1083100068830020A40000207C830020AC000020A3
:10832000B0000020B4000020B8000020BC000020F5
:108330002484002064840020A4830020A0840020E2
:10834000B4840020C0000020C4000020C800002029
:10835000CC000020D000002073797374656D206319
:108360006F6D706F736974696F6E20696E6974697F
:10837000616C697A65640000C0DD03082E2E5C30F4
:10838000315F4150505C6170705F73797374656DDB
:108390002E6300006170705F73797374656D000007
:1083A00010B544213C48F7F7F0FF18213B48F7F798
:1083B000ECFF18213A48F7F7E8FF14213948F7F79E
:1083C000E4FF14213848F7F7E0FF38480021016046
:1083D00041608160C160364801604160354801609C
:1083E000416034213448F7F7D0FF4FF4C27133486D
:1083F000F7F7CBFF14213248F7F7C7FF14213148B4
:10840000F7F7C3FF14213048F7F7BFFF2F480021CB
:10841000016041608160C1602D4801604160816000
:1084200078212C48F7F7B1FF14212B48F7F7ADFF5F
:108430002A4800210160416028212948F7F7A5FF5B
:108440002848002101602848016028480160284828
:1084500001602848016080212748F7F796FF4021F6
:108460002648F7F792FF3C212548F7F78EFF1421A5
:108470002448F7F78AFFAC212348F7F786FF234803
:108480000021016022480160224801602248016009
:108490002248016010BD0000348000207880002058
:1084A00090800020A8800020BC800020D080002088
:1084B000940000209C000020E08000201481002017
:1084C00098820020AC820020C0820020D48200204C
:1084D000E4820020F082002068830020A4000020B5
:1084E0007C830020AC000020B0000020B4000020FD
:1084F000B8000020BC000020A483002024840020B9
:1085000064840020A0840020B4840020C0000020E7
:10851000C4000020C8000020CC000020D0000020B3
:108520002DE9F04704460D4616461F46DDE9088949
:108530004248006810B1414825F0D5FD4048006828
:1085400010B13F4825F0CFFD3E48006810B13D48CE
:1085500025F0C9FD3C48006810B13B4825F0C3FD3B
:108560003A48006810B1394825F0BDFD3848006828
:1085700010B1374825F049F83648006810B1354841
:1085800025F043F83448006810B1334825F03DF831
:108590003248006810B1314825F037F8304800689B
:1085A00010B12F4825F031F8012F02D12D482CF0C1
:1085B00067FD012E02D12C482CF0BCFE012D02D10A
:1085C0002A482CF0D7FD012C02D129482CF0A4FF19
:1085D0002848807D012802D1264823F0F9FC26484E
:1085E000407D012802D1244824F0F5FC234840793D
:1085F000012802D1214824F0F1FD21480079012809
:1086000002D11F4823F08FFE1E48007B012802D1B3
:108610001C4824F079F9B9F1010F02D11A4825F06C
:10862000BEF8B8F1010F02D1174825F079F8FFF72D
:10863000B7FE002015490870BDE8F087D000002083
:10864000CC000020C8000020C4000020C000002092
:10865000BC000020B8000020B4000020B0000020C2
:10866000AC0000207C830020A40000206883002050
:10867000F082002090800020788000209C00002064
:1086800094000020D0800020E0800020D400002052
:108690007CB504460D462646074903C9CDE90001CD
:1086A0008DF804500EB904207CBD00226946304686
:1086B00024F0E3FFF8E70000B8DD030810B5054833
:1086C0000078012800D010BD0348FFF754FB00BF1D
:1086D000F9E70000D4000020B48400202DE9F04F19
:1086E000A7B00546EC6920682690002213A8E96E21
:1086F00018F0BCFE0E900E98012801D11E9858B9B2
:108700000E98012802D113A818F034FE00BF00BF54
:10871000012027B0BDE8F08F1E980088C0F3072025
:108720000E280CD01E980088C0F30720062806D01B
:1087300013A818F01FFE00BF00BF0120E9E71E9E2E
:1087400030891FFA80FB05F15C000FC80AAF0FC724
:1087500001217068C1EB10400090B08880B2431EC8
:10876000002211460FA80EF008FB00200346092244
:108770000FA900900AA80DF0B9FED4E90713D4E9B7
:108780000502CDE90C13CDE90A020AAA0FA906A831
:108790000EF044F920B913A818F0ECFD0020B8E75A
:1087A000002002900390049005902068808880B299
:1087B000401E04900798401E0B99401A059002A98C
:1087C000206810F012FE0998401C0B99401A039083
:1087D000206840680121C1EB1040059002A9206883
:1087E00010F003FE0020039002900698401E0A99A4
:1087F000401A049002A9206810F0F7FD0898401C68
:108800000A99401A02902068808880B2401E049025
:1088100002A9206810F0E9FD0B9B0798C21A0A9B79
:108820000698C11A269811F02CF80746DDF840C0CA
:10883000079BA3EB0C02DDF83CC0069BA3EB0C01ED
:108840001E9811F01EF8804606A80EF0C1F801909F
:1088500006A80EF0D0F881464FF0000A18E000207C
:108860000DE018F80010032202EB8002BA5C11FB45
:1088700002F10912032202EB8002B954401C484560
:10888000EFDB2168098989B20F44D8440AF1010A53
:1088900001988245E3DB13A818F06CFD012038E74E
:1088A00070B504460D46606818B129466068FFF748
:1088B000F7FF206818B1294620462268904770BD0E
:1088C00070B505460C4626682068006858B12068D7
:1088D000006AC0F3005030B1206800682060214673
:1088E0002846FFF7EDFF266021462846FFF7D8FF10
:1088F00070BD2DE9F04F89B00646D6F804B0B068D7
:10890000089096F82190D6F800A0F0680790D6F865
:108910001880F069069037697069059003A80FF018
:10892000F9FD96F8220000287DD15FBBB9F1FD0F5B
:1089300028DB002522E0002413E008EB8400006817
:1089400001900FF091F88DF8080008EB8400C078D2
:108950008DF809000AEB440103AA02980FF0CAF847
:10896000641C5C45E9DB5046079906F065F98246D0
:108970004046069906F060F980466D1C08988542CD
:10898000D9DBDCE077BBB9F1FD0F2CDA002525E05F
:10899000002416E008EB8400006801900FF064F8F2
:1089A0008DF8080008EB8400C07800FB09F0001285
:1089B0008DF809000AEB440103AA02980FF09AF817
:1089C000641C5C45E6DB5046079906F035F98246A3
:1089D0004046069906F030F980466D1C089885429D
:1089E000D6DBACE0FFE79FB3B9F1FD0F31DB00252B
:1089F0002AE0002419E008EB8400006801900FF0E1
:108A000033F88DF8080008EB8400C078395D10FB5E
:108A100001F000128DF809000AEB440103AA029844
:108A20000FF068F800E04AE0641C5C45E3DB504668
:108A3000079906F001F982464046069906F0FCF8CF
:108A40008046059807446D1C08988542D1DB76E086
:108A5000FFE7002F73D0B9F1FD0F70DA00252AE08F
:108A6000002419E008EB8400006801900EF0FCFF80
:108A70008DF8080008EB8400C078395D10FB01F028
:108A800000FB09F000148DF809000AEB440103AA69
:108A900002980FF02FF8641C5C45E3DB5046079901
:108AA00006F0CAF882464046069906F0C5F88046A8
:108AB000059807446D1C08988542D1DB3FE00025EE
:108AC0003AE0002428E008EB8400006801900EF0F2
:108AD000CBFF8DF8080008EB8400C0788DF8090002
:108AE0003FB99DF8090000FB09F000128DF809005C
:108AF00009E09DF80900395D10FB01F000FB09F069
:108B000000148DF8090096F822200AEB440003AB0C
:108B1000029902F01BFF641C5C45D4DB0FB1059881
:108B200007445046079906F087F882464046069962
:108B300006F082F880466D1C08988542C1DB09B0BA
:108B4000BDE8F08F2DE9F04F8DB00746D7F804B09F
:108B5000B8680C9097F821903D68F8680B90D7F8AA
:108B600018A0F8690A90D7F810807869099004A8CD
:108B70000FF0E2FC97F82200002873D1B8F1000F43
:108B800072D1B9F1FD0F6FDB002667E0002458E0D9
:108B90000AEB8400006808909DF82300FD2807DB9D
:108BA000FF208DF8230005EB84000899016047E061
:108BB0009DF82300022843DD05EB840080789DF8B2
:108BC0002210884213D105EB840040789DF82110D3
:108BD00088420CD115F824009DF82010884206D157
:108BE00005EB8400C0789DF82310884228D09DF8BA
:108BF00022009DF8231010FB01F000128DF82200D6
:108C00009DF821009DF8231010FB01F000128DF853
:108C100021009DF820009DF8231010FB01F00012A8
:108C20008DF8200005EB8400006804AA014602903C
:108C300008980FF054F9039005EB84000399016044
:108C4000641C5C45A4DB28460B9905F0F8FF05463B
:108C500050460A9905F0F3FF8246761C0C9886422E
:108C600094DBD2E17AE1FFE7B8F1000F78D1B9F1F6
:108C7000FD0F75DA00266EE000245FE00AEB840049
:108C8000006808909DF8230000FB09F00012039093
:108C90000398FD2807DBFF208DF8230005EB8400F7
:108CA0000899016049E00398022846DD05EB84003D
:108CB00080789DF82210884213D105EB840040781B
:108CC0009DF8211088420CD115F824009DF8201041
:108CD000884206D105EB8400C0789DF823108842B5
:108CE0002BD003988DF823009DF822009DF82310C7
:108CF00010FB01F000128DF822009DF821009DF874
:108D0000231010FB01F000128DF821009DF82000C7
:108D10009DF8231010FB01F000128DF8200005EBE8
:108D20008400006804AA0146019008980FF0D7F863
:108D3000029005EB840002990160641C5C459DDB98
:108D400028460B9905F07BFF054650460A9905F029
:108D500076FF8246761C0C9886428DDB55E1FFE754
:108D6000B8F1000F7BD0B9F1FD0F78DB002671E080
:108D7000002460E00AEB8400006808909DF823005E
:108D800018F8041010FB01F0001203900398FD285E
:108D900007DBFF208DF8230005EB840008990160B4
:108DA00048E00398022845DD05EB840080789DF8B3
:108DB0002210884213D105EB840040789DF82110E1
:108DC00088420CD115F824009DF82010884206D165
:108DD00005EB8400C0789DF8231088422AD00398C0
:108DE0008DF823009DF822009DF8231010FB01F060
:108DF00000128DF822009DF821009DF8231010FB31
:108E000001F000128DF821009DF820009DF823103C
:108E100010FB01F000128DF8200005EB84000068C3
:108E200004AA0146019008980FF059F805EB840157
:108E300002900860641C5C459CDB28460B9905F099
:108E4000FEFE054650460A9905F0F9FE824609984D
:108E50008044761C0C9886428ADBD6E0FFE7B8F1A6
:108E6000000FFAD0B9F1FD0FF7DA002672E0002406
:108E700061E00AEB8400006808909DF8230000FB85
:108E800009F018F804104843001403900398FD28D3
:108E900007DBFF208DF8230005EB840008990160B3
:108EA00048E00398022845DD05EB840080789DF8B2
:108EB0002210884213D105EB840040789DF82110E0
:108EC00088420CD115F824009DF82010884206D164
:108ED00005EB8400C0789DF8231088422AD00398BF
:108EE0008DF823009DF822009DF8231010FB01F05F
:108EF00000128DF822009DF821009DF8231010FB30
:108F000001F000128DF821009DF820009DF823103B
:108F100010FB01F000128DF8200005EB84000068C2
:108F200004AA0146019008980EF0D9FF05EB8401D0
:108F300002900860641C5C459BDB28460B9905F099
:108F40007EFE054650460A9905F079FE824609984C
:108F50008044761C0C98864289DB56E0002651E05E
:108F600000243DE00AEB840000680890B8F1000F8F
:108F700007D19DF8230000FB09F000128DF82300B3
:108F80000AE09DF8230018F8041010FB01F000FB24
:108F900009F000148DF823009DF822009DF823109D
:108FA00010FB01F000128DF822009DF821009DF8C1
:108FB000231010FB01F000128DF821009DF8200015
:108FC0009DF8231010FB01F000128DF8200097F897
:108FD000222005EB840004AB089902F04BFF641CCF
:108FE0005C45BFDBB8F1000F01D0099880442846EA
:108FF0000B9905F024FE054650460A9905F01FFE20
:109000008246761C0C988642AADB0DB0BDE8F08F34
:109010002DE9F04F8DB00646D6F804B0B0680C903C
:1090200096F82190D6F80080F0680B90D6F818A03A
:10903000F0690A9037697069099004A80FF08FFAF7
:1090400096F8220000287DD14FBBB9F1FD0F26DB39
:10905000002520E0002411E008EB84000068029065
:109060000AEB8400006804AA019002990EF0D1FE78
:10907000039008EB840003990160641C5C45EBDB02
:1090800040460B9905F0DEFD804650460A9905F0F2
:10909000D9FD82466D1C0C988542DBDBDBE08FBB83
:1090A000B9F1FD0F2FDA002528E0002419E00AEBC2
:1090B0008400006808909DF8230000FB09F000126E
:1090C0008DF8230008EB8400006804AA0146029092
:1090D00008980EF09EFE039008EB8400039901604F
:1090E000641C5C45E3DB40460B9905F0ABFD804614
:1090F00050460A9905F0A6FD82466D1C0C988542E3
:10910000D3DBA8E0FFE7B7B3B9F1FD0F34DB0025EF
:109110002DE000241CE00AEB8400006808909DF814
:109120002300395D10FB01F000128DF8230008EBDD
:109130008400006804AA0146029008980EF069FEB7
:10914000039000E050E008EB840003990160641C88
:109150005C45E0DB40460B9905F074FD80465046C7
:109160000A9905F06FFD8246099807446D1C0C981A
:109170008542CEDB6FE0FFE7002F6CD0B9F1FD0F29
:1091800069DA00252CE000241BE00AEB840000686B
:1091900008909DF8230000FB09F0395D4843001456
:1091A0008DF8230008EB8400006804AA01460290B1
:1091B00008980EF02EFE039008EB840003990160DE
:1091C000641C5C45E1DB40460B9905F03BFD8046A5
:1091D00050460A9905F036FD8246099807446D1CF1
:1091E0000C988542CFDB36E0002531E000241FE0FB
:1091F0000AEB8400006808903FB99DF8230000FB4B
:1092000009F000128DF8230009E09DF82300395D74
:1092100010FB01F000FB09F000148DF8230096F814
:10922000222008EB840004AB089902F0E9FB641CDF
:109230005C45DDDB0FB10998074440460B9905F00A
:1092400001FD804650460A9905F0FCFC82466D1CE3
:109250000C988542CADB0DB0BDE8F08F2DE9F04FC8
:1092600089B00646D6F804B0B068089096F821A0F8
:1092700030680790F0680690D6F81890F06905906D
:10928000D6F8108070690490706AC11700EB5171B4
:10929000C910A0EBC10796F8220000287ED1B8F1D2
:1092A000000F3BD1BAF1FD0F38DB002532E000247E
:1092B00023E009EB8400006801900EF0D5FB0390D9
:1092C000E119079807F0A1F8C0EB0020C0B20290A6
:1092D00009EB8400C27802A903980EF029FF9DF8DB
:1092E00008007F2804DDE11907982CF098FD03E0C1
:1092F000E119079803F096FF641C5C45D9DBDDE9B2
:10930000061005F0A2FC07904846059905F09DFC63
:1093100081466D1C08988542C9DB0BE1B8F1000F4E
:1093200040D1BAF1FD0F3DDA002535E0002426E0FA
:1093300009EB8400006801900EF096FB0390E119A0
:10934000079807F062F8C0EB0020C0B2029009EB6A
:109350008400C07800FB0AF0021202A903980EF004
:10936000E7FE9DF808007F2804DDE11907982CF03E
:1093700056FD03E0E119079803F054FF641C5C45B7
:10938000D6DBDDE9061005F060FC0790484605993C
:1093900005F05BFC81466D1C089800E08FE085427B
:1093A000C4DBC7E0B8F1000F42D0BAF1FD0F3FDBDC
:1093B000002539E0002428E009EB840000680190D2
:1093C0000EF052FB0390E119079807F01EF8C0EB6E
:1093D0000020C0B2029018F8040009EB8401C9789B
:1093E00010FB01F0021202A903980EF0A1FE9DF8F5
:1093F00008007F2804DDE11907982CF010FD03E038
:10940000E119079803F00EFF641C5C45D4DBDDE92D
:10941000061005F01AFC07904846059905F015FC62
:109420008146049880446D1C08988542C2DB81E027
:10943000B8F1000F7ED0BAF1FD0F7BDA00253AE0DB
:10944000002429E009EB8400006801900EF00CFB79
:109450000390E119079806F0D8FFC0EB0020C0B2D6
:10946000029018F8040000FB0AF009EB8401C978A7
:109470004843021402A903980EF05AFE9DF8080012
:109480007F2804DDE11907982CF0C9FC03E0E119FD
:10949000079803F0C7FE641C5C45D3DBDDE90610CA
:1094A00005F0D3FB07904846059905F0CEFB8146B1
:1094B000049880446D1C08988542C1DB3AE0002581
:1094C00035E0002421E009EB840000680390B8F146
:1094D000000F07D19DF80F0000FB0AF000128DF875
:1094E0000F000AE09DF80F0018F8041010FB01F0BF
:1094F00000FB0AF000148DF80F0096F82230E119F5
:10950000039A079802F04BFB641C5C45DBDBB8F167
:10951000000F01D004988044DDE9061005F095FBAA
:1095200007904846059905F090FB81466D1C089808
:109530008542C6DB09B0BDE8F08F2DE9F04F87B05A
:109540000646D6F804B0B068069096F82190D6F892
:1095500000A0F0680590D6F81880F069049037698B
:109560007069039096F8220000287ED13FBBB9F1C4
:10957000FD0F24DB00251EE000240FE008EB840033
:10958000006801900EF070FA029008EB8400C27837
:109590000AEB040102980EF0DEFD641C5C45EDDB75
:1095A0005046059905F054FB82464046049905F063
:1095B0004FFB80466D1C06988542DDDBC4E057BB3F
:1095C000B9F1FD0F27DA002521E0002412E008EBB5
:1095D0008400006801900EF047FA029008EB8400C6
:1095E000C07800FB09F002120AEB040102980EF0A9
:1095F000B2FD641C5C45EADB5046059905F028FB8A
:1096000082464046049905F023FB80466D1C06986F
:109610008542DADB98E04FB3B9F1FD0F2DDB002571
:1096200027E0002413E008EB8400006801900EF0AE
:109630001BFA029008EB8400C0783B5D10FB03F03E
:1096400002120AEB040102980EF085FD641C5C45D1
:10965000E9DB5046059905F0FBFA8246404604993D
:1096600005F0F6FA8046039801E037E005E007448C
:109670006D1C06988542D4DB66E0002F64D0B9F1FA
:10968000FD0F61DA002525E0002414E008EB8400DA
:10969000006801900EF0E8F9029008EB8400C078B1
:1096A00000FB09F03B5D584302140AEB04010298E9
:1096B0000EF051FD641C5C45E8DB5046059905F051
:1096C000C7FA82464046049905F0C2FA80460398DC
:1096D00007446D1C06988542D6DB35E0002530E056
:1096E00000241EE008EB8400006802903FB99DF85A
:1096F0000B0000FB09F000128DF80B0009E09DF84B
:109700000B00395D10FB01F000FB09F000148DF82F
:109710000B0096F822200AEB0400029902F0A1FA4D
:10972000641C5C45DEDB0FB1039807445046059985
:1097300005F08EFA82464046049905F089FA804683
:109740006D1C06988542CBDB07B0BDE8F08F2DE994
:10975000F04F89B08346DBF804000890DBF808007E
:1097600007909BF821000690DBF80080DBF80C00E6
:109770000590DBF81860DBF81C000490DBF810A003
:10978000DBF8140003909BF8220000287CD1BAF18A
:10979000000F2AD10698FD2827DB4FF0000920E0B2
:1097A0000024002511E038F814000EF05AFFE91CDF
:1097B0000290725C701902990EF00AFA07460EF0D8
:1097C00050FF28F81400641C2D1D08988442EADB21
:1097D0004046059905F03FFA80460498064409F191
:1097E000010907988145DBDB31E2BAF1000F2DD189
:1097F0000698FD282ADA4FF0000923E0002400250E
:1098000014E038F814000EF02CFFE91C0290715C93
:10981000069B59430A12701902990EF0D9F90746AE
:109820000EF01FFF28F81400641C2D1D08988442B8
:10983000E7DB4046059905F00EFA80460498064499
:1098400009F1010907988145D8DB00E2BAF1000F60
:1098500033D00698FD2830DB4FF0000929E00024C2
:10986000002518E038F814000EF0FBFEE91C029009
:10987000715C1AF8043011FB03F10A127019029995
:109880000EF0A6F9074600E04EE00EF0EAFE28F8DA
:109890001400641C2D1D08988442E3DB40460599A2
:1098A00005F0D9F98046049806440398824409F1EA
:1098B000010907988145D2DBC9E1BAF1000F93D0C5
:1098C0000698FD2890DA4FF0000929E000240025D1
:1098D00018E038F814000EF0C4FEE91C0290715C28
:1098E0001AF8043011FB03F1069B59430A1470194E
:1098F00002990EF06DF907460EF0B3FE28F8140039
:10990000641C2D1D08988442E3DB4046059905F050
:10991000A2F98046049806440398824409F101099B
:1099200007988145D2DB92E100200290814689E1CF
:1099300047464046089915F03CFC002400256FE19D
:109940009BF82200012806D002284BD0032873D0B0
:10995000042872D1B7E037F81400C10AA81C305CA3
:1099600001EBE0001F2807DA37F81400C10AA81C31
:10997000305C01EBE00000E01F204FF6FF7101EAD0
:10998000C020029037F81400C0F34511681C305C09
:1099900001EBA0003F2808DA37F81400C0F34511A6
:1099A000681C305C01EBA00000E03F20029901EB55
:1099B000401080B2029017F8140000F01F00715D93
:1099C00000EBE1001F2807DA17F8140000F01F0071
:1099D000715D00EBE10000E01F200299084480B2B5
:1099E0000290CFE037F81400C10AA81C305CA1EB4C
:1099F000E000002807DD37F81400C10AA81C305C1D
:109A0000A1EBE00000E000204FF6FF7101EAC0206A
:109A1000029037F81400C0F34511681C305CA1EBCC
:109A2000A00000280ADD37F81400C0F34511681CB7
:109A3000305CA1EBA00002E01DE09EE00020029956
:109A400001EB401080B2029017F8140000F01F00E4
:109A5000715DA0EBE100002807DD17F8140000F0AD
:109A60001F00715DA0EBE10000E0002002990844B6
:109A700080B2029086E037F81400C10AA81C305C5E
:109A8000C01011FB00F04011C002029037F8140022
:109A9000C0F34511681C305C801011FB00F081118F
:109AA000029800EB411080B2029017F8140000F009
:109AB0001F00715DC91010FB01F1029800EB6110ED
:109AC00080B202905EE037F81400C10AA81C305C36
:109AD000A1EBE000002807DD37F81400C10AA81C3C
:109AE000305CA1EBE00006E0A81C305CC01037F849
:109AF0001410A0EBD1204FF6FF7101EAC0200290B4
:109B000037F81400C0F34511681C305CA1EBA000CD
:109B1000002808DD37F81400C0F34511681C305CDC
:109B2000A1EBA00007E037F81400C0F34511681C52
:109B3000305CC1EBA000029901EB401080B20290B2
:109B400017F8140000F01F00715DA0EBE100002881
:109B500007DD17F8140000F01F00715DA0EBE100B5
:109B600006E017F8140000F01F00715DC0EBE10083
:109B70000299084480B2029004E000BF00BF09B01F
:109B8000BDE8F08F00BFBAF1000F0FD10698FD2895
:109B90000CDBE81C325C38F8141002980DF084FFDE
:109BA00001900EF05EFD28F8140037E0BAF1000FC6
:109BB00012D10698FD280FDAE81C305C069B58434A
:109BC000021238F8141002980DF06EFF01900EF09A
:109BD00048FD28F8140021E00698FD280CDB1AF84F
:109BE000042038F8141002980DF05EFF01900EF07A
:109BF00038FD28F8140011E01AF80400069B5843B9
:109C0000EB1CF35C5843021438F8141002980DF062
:109C10004BFF01900EF025FD28F81400641C2D1D4B
:109C200008988442FFF68CAE4046059905F013F87B
:109C3000804604980644BAF1000F01D0039882448C
:109C400009F1010907988145FFF672AE00BF00BF18
:109C500095E72DE9F04F87B08346DBF804000690C6
:109C6000DBF8080005909BF821000490DBF80080E9
:109C7000DBF80C000390DBF81860DBF81C000290A6
:109C8000DBF810A0DBF8140001909BF822000028FC
:109C90007DD1BAF1000F23D10498FD2820DB4FF0CD
:109CA000000919E0002400250AE0EB1CF25C38F8FA
:109CB000141070190DF0C4FF28F81400641C2D1D39
:109CC00006988442F1DB4046039904F0C7FF8046C2
:109CD0000298064409F1010905988145E2DB0CE28E
:109CE000BAF1000F26D10498FD2823DA4FF00009BD
:109CF0001CE0002400250DE0EB1CF35C049F7B437B
:109D00001A1238F8141070190DF09AFF28F8140080
:109D1000641C2D1D06988442EEDB4046039904F036
:109D20009DFF80460298064409F101090598814586
:109D3000DFDBE2E1BAF1000F2CD00498FD2829DB2B
:109D40004FF0000920E0002400250FE0EB1CF35C3D
:109D50001AF8047013FB07F31A1238F8141070196C
:109D60000DF06EFF28F81400641C2D1D0698844227
:109D7000ECDB4046039904F071FF804602980644EC
:109D80000198824409F101090598814500E031E01C
:109D9000D9DBB2E1BAF1000FA1D00498FD289EDA18
:109DA0004FF0000922E00024002511E0EB1CF35CD9
:109DB0001AF8047013FB07F3049F7B431A1438F856
:109DC000141070190DF03CFF28F81400641C2D1DB0
:109DD00006988442EADB4046039904F03FFF804640
:109DE000029806440198824409F1010905988145C9
:109DF000D9DB82E100200090814679E147460024CA
:109E0000002563E19BF82200012806D002284BD0F0
:109E1000032873D0042872D1B7E037F81400C10AC0
:109E2000A81C305C01EBE0001F2807DA37F81400AB
:109E3000C10AA81C305C01EBE00000E01F204FF6D7
:109E4000FF7101EAC020009037F81400C0F34511FB
:109E5000681C305C01EBA0003F2808DA37F81400DA
:109E6000C0F34511681C305C01EBA00000E03F200E
:109E7000009901EB401080B2009017F8140000F038
:109E80001F00715D00EBE1001F2807DA17F81400CE
:109E900000F01F00715D00EBE10000E01F20009961
:109EA000084480B20090CFE037F81400C10AA81C23
:109EB000305CA1EBE000002807DD37F81400C10A90
:109EC000A81C305CA1EBE00000E000204FF6FF7121
:109ED00001EAC020009037F81400C0F34511681C57
:109EE000305CA1EBA00000280ADD37F81400C0F3B5
:109EF0004511681C305CA1EBA00002E01DE09EE073
:109F00000020009901EB401080B2009017F8140077
:109F100000F01F00715DA0EBE100002807DD17F8DD
:109F2000140000F01F00715DA0EBE10000E00020D4
:109F30000099084480B2009086E037F81400C10A06
:109F4000A81C305CC01011FB00F04011C002009052
:109F500037F81400C0F34511681C305C801011FB09
:109F600000F08111009800EB411080B2009017F8CA
:109F7000140000F01F00715DC91010FB01F1009882
:109F800000EB611080B200905EE037F81400C10A67
:109F9000A81C305CA1EBE000002807DD37F81400B6
:109FA000C10AA81C305CA1EBE00006E0A81C305CF4
:109FB000C01037F81410A0EBD1204FF6FF7101EA62
:109FC000C020009037F81400C0F34511681C305CC5
:109FD000A1EBA000002808DD37F81400C0F34511FC
:109FE000681C305CA1EBA00007E037F81400C0F358
:109FF0004511681C305CC1EBA000009901EB4010DA
:10A0000080B2009017F8140000F01F00715DA0EB03
:10A01000E100002807DD17F8140000F01F00715D53
:10A02000A0EBE10006E017F8140000F01F00715DDE
:10A03000C0EBE1000099084480B2009004E000BF4A
:10A0400000BF07B0BDE8F08F00BFBAF1000F0CD120
:10A050000498FD2809DBE81C325C38F814100098DD
:10A060000DF022FD28F814002EE0BAF1000F0FD1F8
:10A070000498FD280CDAE81C305C049B584302125B
:10A0800038F8141000980DF00FFD28F814001BE0AC
:10A090000498FD2809DB1AF8042038F814100098F9
:10A0A0000DF002FD28F814000EE01AF80400049BDD
:10A0B0005843EB1CF35C5843021438F81410009812
:10A0C0000DF0F2FC28F81400641C2D1D0698844243
:10A0D000FFF698AE4046039904F0C0FD8046029812
:10A0E0000644BAF1000F01D00198824409F1010938
:10A0F00005988145FFF682AE00BF00BFA1E72DE9BC
:10A10000F34F87B0064670680690B068059096F8E1
:10A1100021B0D6F80090F0680490D6F818A0F06945
:10A12000039037697069029096F82200002878D170
:10A130001FBBBBF1FD0F20DB00251AE04FF000082C
:10A1400000240BE00AEB8403DA7809EB08010AEB40
:10A1500084000DF015FE08988044641C0698844223
:10A16000F0DB049881445046039904F07AFD82465E
:10A170006D1C05988542E1DBBEE037BBBBF1FD0FEE
:10A1800023DA00251DE04FF0000800240EE00AEB62
:10A190008403DB7803FB0BF31A1209EB08010AEBCB
:10A1A00084000DF0EDFD08988044641C06988442FC
:10A1B000EDDB049881445046039904F052FD824639
:10A1C0006D1C05988542DEDB96E05FB3BBF1FD0FA9
:10A1D00029DB002521E04FF00008002410E00AEB05
:10A1E0008403DB7817F804C013FB0CF31A1209EB95
:10A1F00008010AEB84000DF0C3FD08988044641C3C
:10A2000006988442EBDB049881445046039904F09D
:10A2100028FD8246029807446D1C05988542DADBCA
:10A220006AE02FE0FFE7002F66D0BBF1FD0F63DA95
:10A23000002523E04FF00008002412E00AEB84031D
:10A24000DB7817F804C013FB0CF303FB0BF31A14B1
:10A2500009EB08010AEB84000DF092FD0898804498
:10A26000641C06988442E9DB0498814450460399B3
:10A2700004F0F7FC8246029807446D1C059885425D
:10A28000D8DB39E0002533E04FF00008002421E05E
:10A290000AEB8400006801903FB99DF8070000FBBD
:10A2A0000BF000128DF807000AE09DF8070017F880
:10A2B000081010FB01F000FB0BF000148DF80700F4
:10A2C00096F8222009EB0800019901F00AFD089890
:10A2D0008044641C06988442DADB0FB1029807447C
:10A2E000049881445046039904F0BBFC82466D1CDF
:10A2F00005988542C8DB00BF09B0BDE8F08F2DE9A5
:10A30000F04F8DB00646D6F804B0B0680C9096F8C1
:10A310002190D6F80080F0680B90D6F818A0F0696C
:10A320000A9037697069099004A80EF005F996F84B
:10A33000220000287DD14FBBB9F1FD0F26DB00259F
:10A3400020E0002411E008EB8400006802900AEB92
:10A350008400006804AA019002990DF0C0FD0390EA
:10A3600008EB840003990160641C5C45EBDB40460C
:10A370000B9904F064FC804650460A9904F05FFC97
:10A3800082466D1C0C988542DBDBBBE1002F6BD154
:10A39000B9F1FD0F68DA002562E0002453E00AEB12
:10A3A0008400006808909DF82300C8B19DF8231030
:10A3B0004FF47F4292FBF1F188B29DF822104143A5
:10A3C000090A8DF822109DF821104143090A8DF8E1
:10A3D00021109DF820104143090A8DF8201000BF7C
:10A3E0009DF8230000FB09F000128DF823009DF872
:10A3F00022009DF8231010FB01F000128DF82200BE
:10A400009DF821009DF8231010FB01F000128DF83B
:10A4100021009DF820009DF8231010FB01F0001290
:10A420008DF8200008EB8400006804AA0146029021
:10A4300000E0F8E008980DF052FD039008EB84006E
:10A4400003990160641C5C45A9DB40460B9904F04C
:10A45000F6FB804650460A9904F0F1FB82466D1CDB
:10A460000C98854299DB4DE1002F6CD0B9F1FD0FBE
:10A4700069DB002563E0002452E00AEB84000068F9
:10A4800008909DF82300C8B19DF823104FF47F4237
:10A4900092FBF1F188B29DF822104143090A8DF830
:10A4A00022109DF821104143090A8DF821109DF8D2
:10A4B00020104143090A8DF8201000BF9DF82300A9
:10A4C000395D10FB01F000128DF823009DF8220089
:10A4D0009DF8231010FB01F000128DF822009DF86A
:10A4E00021009DF8231010FB01F000128DF82100CF
:10A4F0009DF820009DF8231010FB01F000128DF84C
:10A50000200008EB8400006804AA01460290089825
:10A510000DF0E5FC039008EB840003990160641CD6
:10A520005C45AADB40460B9904F089FB8046504607
:10A530000A9904F084FB8246099807446D1C0C9824
:10A54000854298DBDEE0002F8DD0B9F1FD0F8ADA6D
:10A55000002564E0002453E00AEB840000680890C2
:10A560009DF82300C8B19DF823104FF47F4292FB61
:10A57000F1F188B29DF822104143090A8DF82210AA
:10A580009DF821104143090A8DF821109DF82010F3
:10A590004143090A8DF8201000BF9DF8230000FBFD
:10A5A00009F0395D484300148DF823009DF822001E
:10A5B0009DF8231010FB01F000128DF822009DF889
:10A5C00021009DF8231010FB01F000128DF82100EE
:10A5D0009DF820009DF8231010FB01F000128DF86B
:10A5E000200008EB8400006804AA01460290089845
:10A5F0000DF075FC039008EB840003990160641C66
:10A600005C45A9DB40460B9904F019FB8046504697
:10A610000A9904F014FB8246099807446D1C0C98B3
:10A62000854297DB6EE0002569E0002457E00AEBE5
:10A630008400006808909DF82300C8B19DF823109D
:10A640004FF47F4292FBF1F188B29DF82210414312
:10A65000090A8DF822109DF821104143090A8DF84E
:10A6600021109DF820104143090A8DF8201000BFE9
:10A670003FB99DF8230000FB09F000128DF823007C
:10A6800009E09DF82300395D10FB01F000FB09F0A3
:10A6900000148DF823009DF822009DF8231010FB74
:10A6A00001F000128DF822009DF821009DF8231082
:10A6B00010FB01F000128DF821009DF820009DF89C
:10A6C000231010FB01F000128DF8200096F82220D4
:10A6D00008EB840004AB089901F0CCFB641C5C45DA
:10A6E000A5DB0FB10998074440460B9904F0A7FA7F
:10A6F000804650460A9904F0A2FA82466D1C0C98D6
:10A70000854292DB0DB0BDE8F08F2DE9F04F8DB0A2
:10A710000646D6F804B0B0680C9096F82190D6F8AA
:10A720000080F0680B90D6F818A0F0690A9037699D
:10A730007069099004A80DF012FF96F82200002815
:10A740007DD1002F4AD1B9F1FD0F47DB002541E053
:10A75000002432E00AEB8400006808909DF8230092
:10A7600050B39DF823004FF47F4191FBF0F080B28D
:10A7700003909DF8220003994843000A8DF82200B7
:10A780009DF8210003994843000A8DF821009DF8A7
:10A79000200003994843000A8DF8200008EB84004C
:10A7A000006804AA0146019008980DF032FB08EBFE
:10A7B00084010290086000BF641C5C45CADB40460F
:10A7C0000B9904F03FFA804650460A9904F03AFA91
:10A7D00082466D1C0C988542BADB4FE1002F50D1A8
:10A7E000B9F1FD0F4DDA002547E0002438E00AEB0F
:10A7F0008400006808909DF8230010B39DF8231092
:10A800004FF47F4292FBF1F188B29DF82210414350
:10A81000090A8DF822109DF821104143090A8DF88C
:10A8200021109DF820104143090A8DF820109DF851
:10A83000231001FB09F109128DF8231000E0C9E093
:10A8400000BF08EB8400006804AA01460290089843
:10A850000DF0DFFA039008EB840003990160641C9B
:10A860005C45C4DB40460B9904F0ECF98046504649
:10A870000A9904F0E7F982466D1C0C988542B4DB16
:10A88000FCE0002F51D0B9F1FD0F4EDB002548E070
:10A89000002437E00AEB8400006808909DF823004C
:10A8A00008B39DF823104FF47F4292FBF1F188B278
:10A8B0009DF822104143090A8DF822109DF82110BD
:10A8C0004143090A8DF821109DF820104143090ADF
:10A8D0008DF820109DF823103A5D11FB02F109124A
:10A8E0008DF8231000BF08EB8400006804AA01461D
:10A8F000029008980DF08DFA039008EB84000399FC
:10A900000160641C5C45C5DB40460B9904F09AF974
:10A91000804650460A9904F095F982460998074402
:10A920006D1C0C988542B3DBA8E0002FA8D0B9F1CC
:10A93000FD0FA5DA002549E0002438E00AEB840089
:10A94000006808909DF8230010B39DF823104FF481
:10A950007F4292FBF1F188B29DF822104143090A2F
:10A960008DF822109DF821104143090A8DF821101D
:10A970009DF820104143090A8DF820109DF82310FE
:10A9800001FB09F13A5D514309148DF8231000BF12
:10A9900008EB8400006804AA0146029008980DF0B4
:10A9A00038FA039008EB840003990160641C5C454D
:10A9B000C4DB40460B9904F045F9804650460A999D
:10A9C00004F040F98246099807446D1C0C988542B2
:10A9D000B2DB53E000254EE000243CE00AEB8400AB
:10A9E000006808909DF82300C8B19DF823104FF42B
:10A9F0007F4292FBF1F188B29DF822104143090A8F
:10AA00008DF822109DF821104143090A8DF821107C
:10AA10009DF820104143090A8DF8201000BF3FB96E
:10AA20009DF8230000FB09F000128DF8230009E0D7
:10AA30009DF82300395D10FB01F000FB09F00014C4
:10AA40008DF8230096F8222008EB840004AB0899C7
:10AA500000F0D6FF641C5C45C0DB0FB109980744C9
:10AA600040460B9904F0EEF8804650460A9904F0EF
:10AA7000E9F882466D1C0C988542ADDB0DB0BDE84F
:10AA8000F08F2DE9F04F89B08346DBF80400089081
:10AA9000DBF8080007909BF821000690DBF80080A7
:10AAA000DBF80C000590DBF81860DBF81C00049064
:10AAB000DBF810A0DBF8140003909BF822000028BC
:10AAC0007BD1BAF1000F2AD10698FD2827DB4FF081
:10AAD000000920E00025002411E038F815000DF0F1
:10AAE000C0FDE11C0290725C301902990DF0E0F893
:10AAF00007460DF0B6FD28F815006D1C241D0898BA
:10AB00008542EADB4046059904F0A5F880460498A2
:10AB1000064409F1010907988145DBDB87E2BAF1B8
:10AB2000000F4BD10698FD2848DA4FF0000940E0AD
:10AB30000025002431E0E01C305C00282BDDE01C07
:10AB4000305C4FF47F4191FBF0F087B2305D784389
:10AB5000000A8DF80800601C305C7843000A8DF80C
:10AB60000900A01C305C7843000A8DF80A0038F810
:10AB700015000DF076FD0090E01C305C069948430E
:10AB8000021202A800990DF023F801900DF069FD62
:10AB900028F8150000BF6D1C241D08988542CADBEB
:10ABA0004046059904F057F880460498064409F198
:10ABB000010907988145BBDB39E2A5E0BAF1000F36
:10ABC0004ED00698FD284BDB4FF0000944E00025ED
:10ABD000002433E0E01C305C00282DDDE01C305CFC
:10ABE0004FF47F4191FBF0F087B2305D7843000A6B
:10ABF0008DF80800601C305C7843000A8DF809006D
:10AC0000A01C305C7843000A8DF80A0038F8150063
:10AC10000DF027FD0090E01C305C1AF8051010FBC9
:10AC200001F0021202A800990CF0D2FF01900DF081
:10AC300018FD28F8150000BF6D1C241D08988542DA
:10AC4000C8DB4046059904F006F88046049806449F
:10AC50000398824409F1010907988145B7DBE6E1D1
:10AC6000BAF1000FA8D00698FD28A5DA4FF0000928
:10AC700046E00025002435E0E01C305C00282FDD94
:10AC8000E01C305C4FF47F4191FBF0F087B2305D07
:10AC90007843000A8DF80800601C305C7843000A95
:10ACA0008DF80900A01C305C7843000A8DF80A007A
:10ACB00038F815000DF0D5FC0090E01C305C1AF857
:10ACC000051010FB01F006994843021402A80099F0
:10ACD0000CF07EFF01900DF0C4FC28F8150000BFB9
:10ACE0006D1C241D08988542C6DB4046059903F07B
:10ACF000B2FF8046049806440398824409F1010992
:10AD000007988145B5DB92E100200290814689E1F8
:10AD100047464046089914F04CFA002500246FE19C
:10AD20009BF82200012806D002284BD0032873D0BC
:10AD3000042872D1B7E037F81500C10AA01C305CB6
:10AD400001EBE0001F2807DA37F81500C10AA01C44
:10AD5000305C01EBE00000E01F204FF6FF7101EADC
:10AD6000C020029037F81500C0F34511601C305C1C
:10AD700001EBA0003F2808DA37F81500C0F34511B1
:10AD8000601C305C01EBA00000E03F20029901EB69
:10AD9000401080B2029017F8150000F01F00315DDE
:10ADA00000EBE1001F2807DA17F8150000F01F007C
:10ADB000315D00EBE10000E01F200299084480B201
:10ADC0000290CFE037F81500C10AA01C305CA1EB5F
:10ADD000E000002807DD37F81500C10AA01C305C30
:10ADE000A1EBE00000E000204FF6FF7101EAC02077
:10ADF000029037F81500C0F34511601C305CA1EBE0
:10AE0000A00000280ADD37F81500C0F34511601CCA
:10AE1000305CA1EBA00002E01DE09EE00020029962
:10AE200001EB401080B2029017F8150000F01F00EF
:10AE3000315DA0EBE100002807DD17F8150000F0F8
:10AE40001F00315DA0EBE10000E000200299084402
:10AE500080B2029086E037F81500C10AA01C305C71
:10AE6000C01011FB00F04011C002029037F815002D
:10AE7000C0F34511601C305C801011FB00F08111A3
:10AE8000029800EB411080B2029017F8150000F014
:10AE90001F00315DC91010FB01F1029800EB611039
:10AEA00080B202905EE037F81500C10AA01C305C49
:10AEB000A1EBE000002807DD37F81500C10AA01C4F
:10AEC000305CA1EBE00006E0A01C305CC01037F85D
:10AED0001510A0EBD1204FF6FF7101EAC0200290BF
:10AEE00037F81500C0F34511601C305CA1EBA000E1
:10AEF000002808DD37F81500C0F34511601C305CF0
:10AF0000A1EBA00007E037F81500C0F34511601C65
:10AF1000305CC1EBA000029901EB401080B20290BE
:10AF200017F8150000F01F00315DA0EBE1000028CC
:10AF300007DD17F8150000F01F00315DA0EBE10000
:10AF400006E017F8150000F01F00315DC0EBE100CE
:10AF50000299084480B2029004E000BF00BF09B02B
:10AF6000BDE8F08F00BFBAF1000F0FD10698FD28A1
:10AF70000CDBE01C325C38F8151002980CF094FDE4
:10AF800001900DF06EFB28F8150037E0BAF1000FC4
:10AF900012D10698FD280FDAE01C305C069B58435E
:10AFA000021238F8151002980CF07EFD01900DF099
:10AFB00058FB28F8150021E00698FD280CDB1AF84C
:10AFC000052038F8151002980CF06EFD01900DF078
:10AFD00048FB28F8150011E01AF80500069B5843B5
:10AFE000E31CF35C5843021438F8151002980CF077
:10AFF0005BFD01900DF035FB28F815006D1C241D3C
:10B0000008988542FFF68CAE4046059903F023FE72
:10B01000804604980644BAF1000F01D00398824498
:10B0200009F1010907988145FFF672AE00BF00BF24
:10B0300095E72DE9F04F87B08346DBF804000690D2
:10B04000DBF8080005909BF821000490DBF80080F5
:10B05000DBF80C000390DBF81860DBF81C000290B2
:10B06000DBF810A0DBF8140001909BF82200002808
:10B0700076D1BAF1000F23D10498FD2820DB4FF0E0
:10B08000000919E0002500240AE0E31CF25C38F80E
:10B09000151030190CF040FE28F815006D1C241D09
:10B0A00006988542F1DB4046039903F0D7FD8046C0
:10B0B0000298064409F1010905988145E2DB62E244
:10B0C000BAF1000F43D10498FD2840DA4FF000098F
:10B0D00039E0002500242AE0E01C305C002824DD53
:10B0E000E01C305C4FF47F4191FBF0F087B2305DA3
:10B0F0007843000A8DF80000601C305C7843000A39
:10B100008DF80100A01C305C7843000A8DF8020025
:10B11000E01C305C049B5843021238F81510684656
:10B120000CF08EFD28F8150000BF6D1C241D06983C
:10B130008542D1DB4046039903F090FD804602989A
:10B14000064409F1010905988145C2DB1BE2BAF109
:10B15000000F48D00498FD2845DB4FF000093EE081
:10B160008EE0002500242CE0E01C305C002826DD69
:10B17000E01C305C4FF47F4191FBF0F087B2305D12
:10B180007843000A8DF80000601C305C7843000AA8
:10B190008DF80100A01C305C7843000A8DF8020095
:10B1A000E01C305C1AF8053010FB03F0021238F88E
:10B1B000151068460CF044FD28F8150000BF6D1C02
:10B1C000241D06988542CFDB4046039903F046FDD7
:10B1D0008046029806440198824409F101090598C5
:10B1E0008145BEDBCFE1BAF1000FAFD00498FD2856
:10B1F000ACDA4FF000093FE0002500242EE0E01C0F
:10B20000305C002828DDE01C305C4FF47F4191FB6E
:10B21000F0F087B2305D7843000A8DF80000601CC2
:10B22000305C7843000A8DF80100A01C305C784344
:10B23000000A8DF80200E01C305C1AF8053010FBA3
:10B2400003F0049B5843021438F8151068460CF0BC
:10B25000F7FC28F8150000BF6D1C241D06988542D8
:10B26000CDDB4046039903F0F9FC80460298064482
:10B270000198824409F1010905988145BCDB82E10E
:10B2800000200090814679E147460025002463E1D3
:10B290009BF82200012806D002284BD0032873D047
:10B2A000042872D1B7E037F81500C10AA01C305C41
:10B2B00001EBE0001F2807DA37F81500C10AA01CCF
:10B2C000305C01EBE00000E01F204FF6FF7101EA67
:10B2D000C020009037F81500C0F34511601C305CA9
:10B2E00001EBA0003F2808DA37F81500C0F345113C
:10B2F000601C305C01EBA00000E03F20009901EBF6
:10B30000401080B2009017F8150000F01F00315D6A
:10B3100000EBE1001F2807DA17F8150000F01F0006
:10B32000315D00EBE10000E01F200099084480B28D
:10B330000090CFE037F81500C10AA01C305CA1EBEB
:10B34000E000002807DD37F81500C10AA01C305CBA
:10B35000A1EBE00000E000204FF6FF7101EAC02001
:10B36000009037F81500C0F34511601C305CA1EB6C
:10B37000A00000280ADD37F81500C0F34511601C55
:10B38000305CA1EBA00002E01DE09EE000200099EF
:10B3900001EB401080B2009017F8150000F01F007C
:10B3A000315DA0EBE100002807DD17F8150000F083
:10B3B0001F00315DA0EBE10000E00020009908448F
:10B3C00080B2009086E037F81500C10AA01C305CFE
:10B3D000C01011FB00F04011C002009037F81500BA
:10B3E000C0F34511601C305C801011FB00F081112E
:10B3F000009800EB411080B2009017F8150000F0A3
:10B400001F00315DC91010FB01F1009800EB6110C5
:10B4100080B200905EE037F81500C10AA01C305CD5
:10B42000A1EBE000002807DD37F81500C10AA01CD9
:10B43000305CA1EBE00006E0A01C305CC01037F8E7
:10B440001510A0EBD1204FF6FF7101EAC02000904B
:10B4500037F81500C0F34511601C305CA1EBA0006B
:10B46000002808DD37F81500C0F34511601C305C7A
:10B47000A1EBA00007E037F81500C0F34511601CF0
:10B48000305CC1EBA000009901EB401080B200904D
:10B4900017F8150000F01F00315DA0EBE100002857
:10B4A00007DD17F8150000F01F00315DA0EBE1008B
:10B4B00006E017F8150000F01F00315DC0EBE10059
:10B4C0000099084480B2009004E000BF00BF07B0BC
:10B4D000BDE8F08F00BFBAF1000F0CD10498FD2831
:10B4E00009DBE01C325C38F8151000980CF0DCFA2F
:10B4F00028F815002EE0BAF1000F0FD10498FD28AE
:10B500000CDAE01C305C049B5843021238F815102A
:10B5100000980CF0C9FA28F815001BE00498FD28E3
:10B5200009DB1AF8052038F8151000980CF0BCFA61
:10B5300028F815000EE01AF80500049B5843E31C98
:10B54000F35C5843021438F8151000980CF0ACFA6C
:10B5500028F815006D1C241D06988542FFF698AE4C
:10B560004046039903F07AFB804602980644BAF1FC
:10B57000000F01D00198824409F101090598814525
:10B58000FFF682AE00BF00BFA1E72DE9F34F87B001
:10B59000064670680690B068059096F821A0D6F827
:10B5A0000090F0680490D6F818B0F06903903769FD
:10B5B0007069029096F82200002871D11FBBBAF181
:10B5C000FD0F20DB00251AE04FF0000800240BE0FF
:10B5D0000BEB8403DA7809EB08010BEB84000CF029
:10B5E000F5FB08988044641C06988442F0DB0498BC
:10B5F00081445846039903F034FB83466D1C05983B
:10B600008542E1DB47E1002F4BD1BAF1FD0F48DA6B
:10B61000002541E04FF00008002432E00BEB8400ED
:10B62000006801909DF80700002827DD9DF80700BD
:10B630004FF47F4191FBF0F080B200909DF806003E
:10B6400000994843000A8DF806009DF8050000990E
:10B650004843000A8DF805009DF80400009948430E
:10B66000000A8DF804009DF8070000FB0AF00212A2
:10B6700009EB080101A80CF083FB00BF0898804487
:10B68000641C06988442C9DB049881445846039997
:10B6900003F0E7FA83466D1C05988542BADBFAE0B1
:10B6A000A1E0002F4DD0BAF1FD0F4ADB002544E0A8
:10B6B0004FF00008002433E00BEB84000068019099
:10B6C0009DF80700002828DD9DF807004FF47F4112
:10B6D00091FBF0F080B200909DF80600009948437D
:10B6E000000A8DF806009DF8050000994843000AFD
:10B6F0008DF805009DF8040000994843000A8DF874
:10B7000004009DF807003B5D10FB03F0021209EBFB
:10B71000080101A80CF034FB00BF08988044641CA9
:10B7200006988442C8DB049881445846039903F084
:10B7300098FA8346029807446D1C05988542B7DB4A
:10B74000A9E0002FABD0BAF1FD0FA8DA002546E042
:10B750004FF00008002435E00BEB840000680190F6
:10B760009DF8070000282ADD9DF807004FF47F416F
:10B7700091FBF0F080B200909DF8060000994843DC
:10B78000000A8DF806009DF8050000994843000A5C
:10B790008DF805009DF8040000994843000A8DF8D3
:10B7A00004009DF807003B5D10FB03F000FB0AF06E
:10B7B000021409EB080101A80CF0E2FA00BF089896
:10B7C0008044641C06988442C6DB04988144584631
:10B7D000039903F046FA8346029807446D1C0598C6
:10B7E0008542B5DB57E0002551E04FF0000800240A
:10B7F0003FE00BEB8400006801909DF807000028F3
:10B8000019DD9DF807104FF47F4292FBF1F188B2E9
:10B810009DF806104143090A8DF806109DF80510A1
:10B820004143090A8DF805109DF804104143090AA7
:10B830008DF8041000BF3FB99DF8070000FB0AF027
:10B8400000128DF807000AE09DF8070017F80810AD
:10B8500010FB01F000FB0AF000148DF8070096F8C9
:10B86000222009EB0800019900F03BFA0898804477
:10B87000641C06988442BCDB0FB10298074404980C
:10B8800081445846039903F0ECF983466D1C0598F2
:10B890008542AADB00BF09B0BDE8F08F10B503F008
:10B8A0001DFBC0F5A04010BD70B505460C46002636
:10B8B000FFF7F4FF06460EB900243CE0A64203D889
:10B8C000344601201D4908701D4800682044B0F529
:10B8D000A04F0DD21B491A4A1268881822462946E1
:10B8E000F4F73AFD164800682044154908601EE048
:10B8F00013490968C1F5A0421249114B1B68C818C9
:10B900002946F4F729FD0E480068C0F5A040221A28
:10B9100005F5A0400A4B1B68C11A0A48F4F71CFD44
:10B92000A4F5A040064909680844054908600020BC
:10B930000549087000BF204670BD0000B40100201A
:10B94000AC010020A8BB0020B50100207FB582B06B
:10B95000044615461E46012D06D0022D14D0032D97
:10B9600022D0042D3CD128E020789DF80C1008440A
:10B97000FF2804DA20789DF80C10084400E0FF202E
:10B98000C0B28DF804002FE020789DF80C10401A0A
:10B99000002804DD20789DF80C10401A00E00020FB
:10B9A000C0B28DF804001FE020789DF80C1010FB49
:10B9B00001F000128DF8040016E020789DF80C10BC
:10B9C000401A002804DD20789DF80C10401A03E08E
:10B9D0009DF80C002178401AC0B28DF8040003E0F5
:10B9E00000BF00BF06B070BD00BF9DF80D008DF810
:10B9F00005003246214601980CF07CF800BFF1E7C3
:10BA00007FB584B0044615461E46012D06D0022D92
:10BA100032D0032D5ED0042D75D175E0A0789DF84D
:10BA200016100844FF2804DAA0789DF81610084480
:10BA300000E0FF20C0B28DF80E0060789DF8151070
:10BA40000844FF2804DA60789DF81510084400E0E7
:10BA5000FF20C0B28DF80D0020789DF81410084426
:10BA6000FF2804DA20789DF81410084400E0FF2035
:10BA7000C0B28DF80C0082E0A0789DF81610401A34
:10BA8000002804DDA0789DF81610401A00E0002080
:10BA9000C0B28DF80E0060789DF81510401A00288D
:10BAA00004DD60789DF81510401A00E00020C0B257
:10BAB0008DF80D0020789DF81410401A002804DD40
:10BAC00020789DF81410401A00E00020C0B28DF8D4
:10BAD0000C0054E0A0789DF8161010FB01F0001245
:10BAE0008DF80E0060789DF8151010FB01F0001223
:10BAF0008DF80D0020789DF8141010FB01F0001255
:10BB00008DF80C003BE036E0A0789DF81610401A46
:10BB1000002804DDA0789DF81610401A03E09DF877
:10BB20001600A178401AC0B28DF80E0060789DF81A
:10BB30001510401A002804DD60789DF81510401A91
:10BB400003E09DF815006178401AC0B28DF80D0031
:10BB500020789DF81410401A002804DD20789DF804
:10BB60001410401A03E09DF814002178401AC0B266
:10BB70008DF80C0003E000BF00BF08B070BD00BF2F
:10BB80009DF817008DF80F0020683246014601909D
:10BB900003980CF03EF90290206000BFEDE72DE91C
:10BBA000FF4182B0074688461E4604980BF05CFFB2
:10BBB00004464146384604F028FCC0EB0020C0B2E1
:10BBC0000190012E06D0022E10D0032E1AD0042E82
:10BBD0002CD11DE09DF804002044FF2803DA9DF8D5
:10BBE0000400204400E0FF20C5B224E09DF80400DA
:10BBF000001B002803DD9DF80400001B00E000206E
:10BC0000C5B218E09DF804006043C0F3072512E0B8
:10BC10009DF80400001B002803DD9DF80400001BB4
:10BC200002E09DF80400201AC5B204E000BF00BF86
:10BC300006B0BDE8F08100BF9DF8132001A9284699
:10BC40000CF076FA9DF804007F2804DD4146384662
:10BC50002AF0E5F803E04146384601F0E3FA00BF78
:10BC6000E6E7F7B50446174601980BF0FDFE0546DA
:10BC7000012F06D0022F0ED0032F16D0042F24D16F
:10BC800018E020782844FF2802DA2078284400E0D1
:10BC9000FF20C6B21CE02078401B002802DD20787F
:10BCA000401B00E00020C6B212E020786843C0F3D9
:10BCB00007260DE02078401B002802DD2078401B7D
:10BCC00001E02078281AC6B202E000BF00BFFEBD26
:10BCD00000BF9DF80720214630460CF03CFA00BF1B
:10BCE000F5E737B582B00446154600200190012DD6
:10BCF00006D0022D32D0032D5ED0042D75D175E013
:10BD000020789DF80C100844FF2804DA20789DF86C
:10BD10000C10084400E0FF20C0B28DF804006078E9
:10BD20009DF80D100844FF2804DA60789DF80D1086
:10BD3000084400E0FF20C0B28DF80500A0789DF80F
:10BD40000E100844FF2804DAA0789DF80E1008446D
:10BD500000E0FF20C0B28DF8060082E020789DF858
:10BD60000C10401A002804DD20789DF80C10401AB1
:10BD700000E00020C0B28DF8040060789DF80D103E
:10BD8000401A002804DD60789DF80D10401A00E08C
:10BD90000020C0B28DF80500A0789DF80E10401A62
:10BDA000002804DDA0789DF80E10401A00E0002065
:10BDB000C0B28DF8060054E020789DF80C1010FBFE
:10BDC00001F000128DF8040060789DF80D1010FB52
:10BDD00001F000128DF80500A0789DF80E1010FB00
:10BDE00001F000128DF806003BE036E020789DF867
:10BDF0000C10401A002804DD20789DF80C10401A21
:10BE000003E09DF80C002178401AC0B28DF80400C0
:10BE100060789DF80D10401A002804DD60789DF8C8
:10BE20000D10401A03E09DF80D006178401AC0B271
:10BE30008DF80500A0789DF80E10401A002804DD4A
:10BE4000A0789DF80E10401A03E09DF80E00A1782E
:10BE5000401AC0B28DF8060003E000BF00BF05B075
:10BE600030BD00BF9DF80F20214601A80BF088FFD0
:10BE700000BFF4E72DE9FF4184B004461746984619
:10BE80009DF81750E678012F06D0022F32D0032FED
:10BE90005ED0042F74D18AE0A0789DF81610084473
:10BEA000B04204DAA0789DF81610084400E030464D
:10BEB000C0B28DF80E0060789DF815100844B042AD
:10BEC00004DA60789DF81510084400E03046C0B2EE
:10BED0008DF80D0020789DF814100844B04204DA63
:10BEE00020789DF81410084400E03046C0B28DF868
:10BEF0000C0098E0A0789DF81610401A002804DD88
:10BF0000A0789DF81610401A00E00020C0B28DF80D
:10BF10000E0060789DF81510401A002804DD607846
:10BF20009DF81510401A00E00020C0B28DF80D00F9
:10BF300020789DF81410401A002804DD20789DF820
:10BF40001410401A00E00020C0B28DF80C006AE026
:10BF5000A0789DF8161010FB01F0012D01DD294697
:10BF600000E0012190FBF1F0C0B28DF80E00607886
:10BF70009DF8151010FB01F0012D02DD294601E0AE
:10BF80004CE0012190FBF1F0C0B28DF80D0020785B
:10BF90009DF8141010FB01F0012D01DD294600E091
:10BFA000012190FBF1F0C0B28DF80C003BE0A078CD
:10BFB0009DF81610401A002804DDA0789DF8161090
:10BFC000401A03E09DF81600A178401AC0B28DF81F
:10BFD0000E0060789DF81510401A002804DD607886
:10BFE0009DF81510401A03E09DF815006178401A7D
:10BFF000C0B28DF80D0020789DF81410401A00286A
:10C0000004DD20789DF81410401A03E09DF8140018
:10C010002178401AC0B28DF80C0004E000BF00BFC8
:10C0200008B0BDE8F08100BF8DF80F50206842468F
:10C030000146019003980BF052FF0290206000BF70
:10C04000EEE770B504460D4600BF204600F03BF811
:10C0500018B100BF00BF00BFFEE700BF284600F0D8
:10C0600050F9001D616808446060204600F03AF80D
:10C07000204670BD70B505460C46284600F041F9D3
:10C0800004F11001884201D3012070BD0020FCE7BB
:10C090000146A1F1080070477CB505460C462046D4
:10C0A00000F02FF906466A4601A91EF0E6FF214678
:10C0B0002846DDE9003208F0F1FA7CBD0146087936
:10C0C00000F00100704710B50446204600F019F951
:10C0D00008B9012010BD0020FCE70146087900F0F6
:10C0E0000200704770B50446204600F097F80546F8
:10C0F0002C60284670BD7CB506460C460020019099
:10C10000009000256CB16A4601A920461EF0D2FFBE
:10C110000198092805DA6A4601A9304628F033FF5C
:10C12000054685B100BF284600F0EBF8A04203D2D7
:10C1300000BF00BF00BFFEE700BF29463046DDE973
:10C14000003224F081F928467CBD70B504462046B3
:10C15000FFF7C8FF0546284600F0BEF8204600F06D
:10C16000B6F870BD70B50446204600F057F8054695
:10C17000284600F0B6F8204600F0BEF870BD70B555
:10C1800006460D46284600F049F8044600BF1CB993
:10C1900000BF00BF00BFFEE700BF2046FFF78EFFD5
:10C1A00090B100BF2846FFF78EFF18B100BF00BF57
:10C1B00000BFFEE700BF2146304600F076F821467A
:10C1C0002846FFF73EFF0546284670BD70B5064677
:10C1D0000D462846FFF781FFF0B1284600F057F8DA
:10C1E000044600BF1CB900BF00BF00BFFEE700BF90
:10C1F00000BF2046FFF762FF18B900BF00BF00BFB5
:10C20000FEE700BF2146304600F04FF829462046A1
:10C21000FFF717FF054600BF284670BD2DE9F04126
:10C220000446204600F06DF8061F204600F0B8F8DE
:10C23000074631461FF0AFF8054600BF2046FFF71E
:10C2400042FF18B100BF00BF00BFFEE700BF284695
:10C25000BDE8F0812DE9F04106460C461546002761
:10C2600094B100BF1DB900BF00BF00BFFEE700BF13
:10C270002A462146304600F097F82046FFF772FF25
:10C28000204600F08DF807463846BDE8F08110B52D
:10C29000044600BF2046FFF720FF18B900BF00BFCB
:10C2A00000BFFEE700BF206810BD7CB505460C4608
:10C2B000204600F026F806466A4601A91EF0DDFE7B
:10C2C00021462846DDE9003224F0BEF87CBD4168F5
:10C2D00041F0010141607047416841F00201416055
:10C2E0007047416821F0020141607047426802F0E6
:10C2F00003030B4343607047416821F00101416033
:10C3000070470146486820F0030070472DE9F04768
:10C3100006460C46304600F043F88046211F1FF0C9
:10C320003AF807463046FFF7ECFF211D451A00BFDB
:10C33000384600F035F88146384600F031F880463E
:10C340000421F9F781FE814503D000BF00BF00BF83
:10C35000FEE700BF00BF3046FFF7D3FF2919091DD4
:10C36000884203D000BF00BF00BFFEE700BF2946E0
:10C370003846FFF7BBFF00BF3846FFF7C2FF0C2867
:10C3800003D200BF00BF00BFFEE700BF214630461A
:10C39000FFF7ACFF3846FFF7D8FE3846BDE8F08718
:10C3A000014601F1080070472DE9F04106460C46B0
:10C3B000154600BF2046FFF781FE18B900BF00BF39
:10C3C00000BFFEE700BF29462046FFF753FE78B1C5
:10C3D00029462046FFF79AFF07462046FFF782FED0
:10C3E0003846FFF779FF39463046FFF755FE00BF64
:10C3F000BDE8F0812DE9F04106460C46154600BF28
:10C400002046FFF75BFE18B100BF00BF00BFFEE78C
:10C4100000BF29462046FFF72DFE88B12946204659
:10C42000FFF774FF07463846FFF75BFF3946304693
:10C43000FFF7A5FE074639463046FFF72DFE00BF41
:10C44000BDE8F0810246104610B1C31C9B0898005D
:10C4500070472DE9FF5F04460D4617461E4600BF94
:10C460002088C0F307203988C1F30721884203D010
:10C4700000BF00BF00BFFEE700BF1DB9A0881FFAC4
:10C4800080F803E028460AF0B6FA804605B166BB9C
:10C490002088C0F30720072827DB2088C0F3072067
:10C4A0000A2822DC2388C3F30723072B01D10223A8
:10C4B00016E02388C3F30723082B01D104230FE0E0
:10C4C0002388C3F30723092B01D1102308E0238815
:10C4D000C3F307230A2B02D14FF4807300E000233B
:10C4E0009A003969206916F0A5FF1EB9B88880B294
:10C4F000404505D14EB130460AF07DFA404504D0A2
:10C5000000BF00BF00BF00BFFEE736B13846D6E926
:10C5100000120DF0B6F9814605E0002211463846BA
:10C520000DF0AFF9814635B12046D5E900120DF086
:10C53000A8F9824605E00022114620460DF0A1F937
:10C54000824625B1D5F804B0E868039006E04FF0C4
:10C55000000B01216068C1EB10400390208980B27C
:10C560000290388980B201902188C1F307200BF036
:10C5700022FE00FB08F0C01DC01000900AE04946F2
:10C580005046009A16F056FF029882440198814462
:10C590000BF1010B03988345F1DDBDE8FF9F10B55A
:10C5A0000446204614F0ECF810BD70B504460D4664
:10C5B000E41C204616F0A0FE70BD10B502460B46E6
:10C5C000194606E090684C68A04201D1086810BD89
:10C5D000083108680028F5D100BF00BF00BFF6E7AA
:10C5E00070472DE9F04105462F46002401E0641C08
:10C5F000083738680028FAD11CB900BF00BFBDE871
:10C60000F081611CC80016F0B1FE064600BF1EB9DD
:10C6100000BF00BF00BFFEE700BFE2002946304672
:10C6200016F008FF3046EAE710B50446204614F03D
:10C63000A7F810BD2DE9F04104460F4615462068C5
:10C640002B4600223946D0F824C02046E047064653
:10C65000012E04D100BF00BF0020BDE8F0810FE033
:10C660002946204600F017F808B90020F5E72068B1
:10C670002B4600223946D0F824C02046E047064623
:10C68000022EEDD020682A46394603692046984795
:10C6900080464046E1E72DE9F04104460E46206819
:10C6A0003146026A20469047054625B900BF00BFC3
:10C6B0000020BDE8F08120683246294643692046C3
:10C6C000984728460BF08DF807463146A2699047F7
:10C6D00028460BF06FF80120EBE7000070B5044628
:10C6E00060680BF09DF80546034B0422294620465E
:10C6F00015F099FE70BD0000FDC600082DE9F84F49
:10C700000746884691463D46444600BF1CB900BFD7
:10C7100000BF00BFFEE700BF206828B905F1300068
:10C7200016F0B2FC206005E005F13000216816F03B
:10C73000C3FC2060266816B90020BDE8F88FD5F844
:10C7400004A03068D0F810B050460BF069F80246EB
:10C7500059460090484616F06DFE0120EDE70000B6
:10C760002DE9FE4F0446204618F0DAFB0290A0683F
:10C7700010B10021A06841620021204619F04DFB54
:10C7800081460021204619F09AFA0646204618F004
:10C79000F3FF484400EB060A374D204618F0E9F84D
:10C7A0000190002751E0DFF8D0B0A068006850F891
:10C7B00027803249404619F0D7FC00B144E040469A
:10C7C0001AF056F850BB0021404618F0FFFF0090C9
:10C7D000009830B1012807D0022804D003280AD1DC
:10C7E00000E000BF00BF00BFD8F82010A069081A01
:10C7F00000F1010B10E00021404619F0EBFB50B9AD
:10C8000008F114000AF0E4F800EB090B002140469F
:10C8100019F0B9F8834400BF00BF05E0D8F8201034
:10C82000A069081A00F1010B0021404619F08AF8AE
:10C830005844A84201DA284604E00021404619F095
:10C8400081F85844054600BF7F1C01988742AAD34F
:10C85000A06818B102984142A0684162064885422A
:10C8600002D15046BDE8FE8FA819504501DA504666
:10C87000F8E7A819F6E70000010000E00100040055
:10C880002DE9FE4F0446204618F041FB0290A068B7
:10C8900010B10020A16808620021204619F083FA37
:10C8A00007460021204619F044FA8046204618F039
:10C8B00073FF404400EB070A694D204618F059F811
:10C8C00001900021204618F0AFFF01285BD100261F
:10C8D00051E0DFF88CB1A068006850F826906149FB
:10C8E000484619F041FC00B144E0484619F0C0FF49
:10C8F00050BB0021484618F069FF0090009830B105
:10C90000032805D0062804D008280AD102E000BF79
:10C9100000BF00BFE069D9F81410401A00F1010B04
:10C9200010E00021484619F04AFB50B909F1140003
:10C930000AF061F800EB070B0021484619F00DF8EA
:10C94000834400BF00BF05E0E069D9F81410401A25
:10C9500000F1010B0021484618F0FFFF5844A8429F
:10C9600001DA284604E00021484618F0F6FF584452
:10C97000054600BF761C01988642AAD338488542F6
:10C980005CD045445AE0002651E0DFF8D4B0A068FE
:10C99000006850F826903349484619F0E5FB00B18D
:10C9A00044E0484619F064FF50BB0021484618F0A7
:10C9B0000DFF0090009830B1012805D0042804D064
:10C9C00007280AD102E000BF00BF00BFD9F81C0051
:10C9D0006169401A00F1010B10E00021484619F08E
:10C9E000EEFA50B909F114000AF005F800EB080B53
:10C9F0000021484618F0BCFF834400BF00BF05E09B
:10CA0000D9F81C006169401A00F1010B0021484669
:10CA100018F0AEFF5844A84201DA284604E000218D
:10CA2000484618F0A5FF5844054600BF761C0198FB
:10CA30008642AAD30A48854200D03D44A06818B176
:10CA400002984042A16808620548854202D15046DA
:10CA5000BDE8FE8F554501DD2846F9E75046F7E76A
:10CA6000010000E0010004002DE9F04707460C46F4
:10CA700015466FF04040844208D12868002803DA48
:10CA80003846FFF76DFE28602C6848E004F0C0408F
:10CA9000B0F1005F43D124F0C040224988423EDC1F
:10CAA000384618F0A6F80646708DC0F3802098B975
:10CAB0000021304618F024FF6FF0404188420BD12E
:10CAC0000021384619F0A9F980460021384619F0AE
:10CAD000F6F808EB000421E0304617F095FF804699
:10CAE00024F0C040B0F1805F05DB24F0C0406FF05F
:10CAF0007041081A01E024F0C04000FB08F06421F6
:10CB000090FBF1F40021384618F03DFF81460021EA
:10CB1000384618F017FF4844241A00BF00BF2046CB
:10CB2000BDE8F087FEFFFF1F2DE9F04707460C46E2
:10CB300015466FF04040844208D12868002803DA87
:10CB40003846FFF79DFE28602C6848E004F0C0409E
:10CB5000B0F1005F43D124F0C040224988423EDC5E
:10CB6000384618F046F80646708DC0F3C02098B9D4
:10CB70000021304619F00DFA6FF0404188420BD188
:10CB80000021384619F0D5F880460021384619F0C2
:10CB90000AF908EB000421E0304617F04EFF80460A
:10CBA00024F0C040B0F1805F05DB24F0C0406FF09E
:10CBB0007041081A01E024F0C04000FB08F0642135
:10CBC00090FBF1F40021384618F0C7FE81460021A1
:10CBD000384618F0CDFE4844241A00BF00BF204656
:10CBE000BDE8F087FEFFFF1F38B504460025702220
:10CBF0002946204618F0B4FF0090009808B10220A2
:10CC000038BD00256E222946204618F0A9FF009065
:10CC10000098B0F5807F01D00220F1E700256F2257
:10CC20002946204618F09CFF00900098B0F5807FC0
:10CC300001D00220E4E7002573222946204618F09F
:10CC40008FFF0090009808B10220D9E700257422D8
:10CC50002946204618F084FF0090009808B1022071
:10CC6000CEE7002563222946204618F079FF009080
:10CC70000098C0B2FF2801D00120C1E7002575222D
:10CC80002946204618F06CFF0090009808B101205A
:10CC9000B6E7002569222946204618F061FF00907A
:10CCA0000098C0B208B10120AAE70020A8E72DE94A
:10CCB000F84F04460D4616461F46DDE90A9A022D36
:10CCC00016D14A46394630460C9B1DF098FA8046EC
:10CCD000504609F090FE009000EBD0704010C34623
:10CCE00008EBDB71A0EB610021680844206011E0D3
:10CCF000032D0FD14A46394630460C9B1DF07FFA72
:10CD00008046504609F077FEA0EB080021680844F1
:10CD1000206000BFBDE8F88F7FB504460D4616467B
:10CD20002868216908440090686861690844019096
:10CD3000A868216908440290E86861690844039082
:10CD40006A463D2120460CF0B9F832466946204635
:10CD5000E36A98476A463E2120460CF0AFF87FBD53
:10CD60002DE9F04F8FB005468946B9F1000F02D189
:10CD70000FB0BDE8F08FC5F81890286810B128688A
:10CD800013F0FEFC09EB4901062202EB410016F00C
:10CD9000B3FA286000BF286818B900BF00BF00BF01
:10CDA000FEE700BF286868600221286801FB0900CF
:10CDB000801CE8600421286801FB0900001DA860B0
:10CDC000B9F1010F0CD1B420696808700020E9683E
:10CDD00008800120E96848800020A9680880C7E72A
:10CDE00009F1010000010E900E9816F0BFFA0646F8
:10CDF00000BF1EB900BF00BF00BFFEE700BF09F1C2
:10CE0000010006EBC0084FF0000A4FEA89020BA9A7
:10CE10000CA800F040F900240C9880100790002026
:10CE20000390AEE0002714E00BA90CA800F03AF93B
:10CE30000CA800F027F900B90DE00C98801007A9A4
:10CE400041F827000C9800F0030003A941F82700DF
:10CE50007F1C042FE8DB00BF042F00D097E00A9965
:10CE60000798884215D1079846F8240048F824A06E
:10CE7000DDE90301084405990844069908446968F6
:10CE800008556868005D0007000E69680855641C55
:10CE900075E0DDE90701884224D0079846F82400B0
:10CEA00048F824A00398696808556868005D000781
:10CEB000000E69680855641C0798401E46F8240057
:10CEC00048F824A00498001D0599084406990844D0
:10CED000696808556868005D0007000E69680855B4
:10CEE000641C4CE009990798884224D0079846F8BA
:10CEF000240048F824A0DDE90301084469680855C6
:10CF00006868005D0007000E69680855641C079892
:10CF1000401E46F8240048F824A0059808300699D9
:10CF20000844696808556868005D0007000E696874
:10CF30000855641C23E0079846F8240048F824A00C
:10CF4000DDE90301084405990844696808556868E3
:10CF5000005D0007000E69680855641C0798401EB4
:10CF600046F8240048F824A006980C306968085553
:10CF70006868005D0007000E69680855641C0AF1C6
:10CF8000010A0CA800F07EF800287FF44BAF00BF28
:10CF900040F2D32109FB01F0029002988012019027
:10CFA000601E56F820100198814205D1601E58F885
:10CFB00020100198814223D0DDE90121A1EB8220DC
:10CFC000B0F5007F04DC00FB00F14800001407E02E
:10CFD000C0F5806000FB00F148000014C0F10F00B4
:10CFE000019946F82410019948F824106A681055F0
:10CFF0006968095D0907090E6A681155641C00BF5C
:10D00000A71E0DE058F8270046F8240056F8270020
:10D0100048F824006868C05D696808557F1E641C74
:10D02000002FEFDA4FF0000B00270020E96808809E
:10D0300021E0E96821F81B7036F82700A96821F87B
:10D040001B0010E0A86830F81B0056F82710884233
:10D0500003DAA86830F81B0001E056F82700A96839
:10D0600021F81B007F1CA74203DA58F82700584517
:10D07000E8D00BF1010BA742DBDB304613F080FB5D
:10D0800000BF75E60146D1E90020904201DC012095
:10D0900070470020FCE7026000234360C2F10103F7
:10D0A0000B6070470A68002A06DC0B684268520071
:10D0B000D21C1A440A600AE0D0E90032D21A5200A7
:10D0C000521D0B681A440A600268521E02604268D0
:10D0D000521C4260704710B50446207D00F00100EC
:10D0E00000B110BD207DC0F3400000B9F9E7204633
:10D0F00000F006F8207D20F00200207500BFF0E768
:10D100002DE9F047074600BF7868804600240025D7
:10D1100016E02946384609F041FE064621463846C3
:10D1200009F03CFE8146306802F01FFE18B13068FD
:10D1300013F026FB03E03068C9F80000641C6D1C86
:10D140004545E6D31CB9384609F03BFE03E02146CD
:10D15000384609F08FFEBDE8F08700002DE9F04762
:10D1600080460D4698F80400072845D1D8F8549019
:10D17000D9F81C40206820B304F1140009F028FC01
:10D1800082462068008980B200FB0AF72448D0F864
:10D190003C01B84207D32248D0F83C01C11B2048CB
:10D1A000C0F83C1105E000211D48C0F83C1100BF4B
:10D1B00000BF00BF00BF20680CF0C8FA002020604C
:10D1C00000BFC5B1D5F8B07206E0F868A04202D140
:10D1D000E068F86002E0FF68002FF6D100BFD5F8E4
:10D1E000B80220B121462846D5F8B82290472046FB
:10D1F00013F0C6FA00BF00BF404612F00AFD064613
:10D200004EB196F85D0000F0010020B1F06913F016
:10D21000B7FA0020F061404613F0B2FABDE8F0879B
:10D22000B80B012070B50346CC1701EB5474E41021
:10D230001C5D0A46CD1701EB5575ED10A1EBC50538
:10D24000C5F107060125B540AC430846CD1701EBF3
:10D250005575ED105C5570BD0146012070472DE9F4
:10D26000FF4F8FB0DDE91E970FA809F0C4FB82467F
:10D270000FA809F0ADFB0E902098C06C0D9020987F
:10D2800090F84F50C5F1FF082098406D0188ADF827
:10D29000301080788DF832002098406DB0F803107F
:10D2A000ADF82C1040798DF82E00142F01D0122FDC
:10D2B0007CD110991C9809FB01010F9801EB4000EB
:10D2C0000A90484609EBD07149100991DDF828B061
:10D2D0001D9E0D980BF0F9F908909DF83400C010D0
:10D2E0006843ADF818009DF8350080106843ADF82C
:10D2F0001A009DF83600C0106843ADF81C00219854
:10D30000806905900020049069E000245AE00BEB4E
:10D31000440000880290BDF80830DB061A0EBDF804
:10D320000830C3F345139900BDF80830DB0AD80074
:10D330000BF003F80190BDF8041008469DF80610A4
:10D3400040EA01400390DDE90B2103980AF0B9FFA0
:10D3500050B1142F05D1059818B100210598015539
:10D360002EE0002030802BE0FD2D02DB089830807D
:10D3700026E0022D21DD3BF81400BDF81C10C20A86
:10D3800002FB08114FF4784202EAC101BDF81A20ED
:10D39000C0F3451303FB08224FF4FC6303EAE202E7
:10D3A0001144BDF8182000F01F0300E01CE003FB4F
:10D3B000082201EB2221318002E03BF8140030808A
:10D3C000B61C641C5445A2DB09980BEB400B219959
:10D3D0000598496A084405900498401C04900E99E9
:10D3E0000498884291DB30E10F2F03D0112F01D038
:10D3F000102F7ED138460AF026FF834610991C98DC
:10D4000009FB01000F9901FB0B061D9C9DF83400E0
:10D410006843ADF824009DF835006843ADF8260058
:10D420009DF836006843ADF82800002008905DE0C4
:10D430000020079051E030788DF8180070788DF852
:10D440001900B0788DF81A00DDE90B2106980AF072
:10D4500038FF38B1002020706070A070102F37D1D5
:10D46000E07035E0FD2D0DDB9DF8340020709DF857
:10D47000350060709DF83600A070102F28D1F0782C
:10D48000E07025E0022D19DDBDF82400317801FBA4
:10D490000800000A2070BDF82600717801FB080022
:10D4A000000A6070BDF82800B17801FB0800000A8E
:10D4B000A070102F0CD1F078E07009E03078207067
:10D4C00070786070B078A070102F01D1F078E070A3
:10D4D0005E445C440798401C079007985045AADBBF
:10D4E0000AFB1B9006440898401C08900E99089867
:10D4F00000E002E088429BDBA7E01A2FFCD1042069
:10D500000A9010991C9809FB01010F9A0A9802FBD6
:10D5100000161D9C9DF834006843ADF820009DF86E
:10D5200035006843ADF822009DF836006843ADF839
:10D5300024000020079082E00020069075E096F815
:10D5400003B0BBF1000F61DD4FF47F4090FBFBF0B7
:10D5500080B20590B07805994843C0F30720049045
:10D56000707805994843C0F30720039030780599F7
:10D570004843C0F307200290DDE9022104980AF035
:10D58000DCFE0190DDE90B2101980AF09AFE28B13A
:10D59000002020706070A070E07036E0FD2D09DB87
:10D5A0009DF8360004909DF8350003909DF83400F6
:10D5B000029019E0022D17DDBDF82410049800FB3D
:10D5C0000810C0F307200490BDF82210039800FB58
:10D5D0000810C0F307200390BDF82010029800FB4C
:10D5E0000810C0F307200290029800FB0BF0001215
:10D5F0002070039800FB0BF000126070049800FB91
:10D600000BF00012A07084F803B007E030782070AF
:10D6100070786070B078A0700020E0700A980644BE
:10D620000A9804440698401C06900698504586DBEC
:10D630000A980AFB109006440798401C07900E9920
:10D6400007988842FFF678AF00BF13B0BDE8F08FAF
:10D6500010B58060C06000230361002110E0002449
:10D6600000F1140343F82140002206E000F13803E2
:10D6700003EBC11343F82200521C202AF6DB491C9D
:10D680000929ECDB10BD70B504460D462946E06A59
:10D690001BF038FF70BD7FB582B0064614461D46AC
:10D6A000012303AA15213046CDE900451FF031FCC6
:10D6B00006B070BD38B505460F4800680090694651
:10D6C00028461EF0FEFE044624B9002128461EF01E
:10D6D000A0FF04461CB90A2020F01AFD044624B914
:10D6E000012128461EF095FF04461CB9642020F055
:10D6F0000FFD0446204638BDA4E503082DE9F04F90
:10D7000089B00C46D4F848B0218CC1F307200AF048
:10D7100052FD06462EB900BF00BF002009B0BDE88B
:10D72000F08F208D0004400B90FBF6F9072000EBF2
:10D73000C900C0080790606A000C00FB09F0069061
:10D74000208D80B2616A090C00FB01F707980090F8
:10D75000606A020CA08C81B20E2344480BF09CFF3F
:10D7600005461DB900BF00BF0020D7E7D5F81080DF
:10D770000821206A01EA104038B1DBF820003A465F
:10D780000169404615F056FE21E0207C012816D1A3
:10D7900008A800903B4642460C21DBF8000002F04E
:10D7A000E9FD8246BAF1000F02D10898B8420ED0C6
:10D7B00000BF00BF28460BF0C9FF0020AEE7207C69
:10D7C00028B9E0683A460169404615F033FE208CDE
:10D7D000C0F307200E2844D008EB0700401E059038
:10D7E00006984044401E04900120B040401EC0B244
:10D7F00003900022002002902EE00598007810414E
:10D800000399084001903346019810B94FF0000E7B
:10D8100011E0844619460BE0C1F1080E00FA0EFE35
:10D820004EEA0C0E0EF0FF0C01EB030E0EF0FF01A2
:10D830000829F1DBE646049880F800E09019C2B2AE
:10D84000082A03DB00220598401E05900498401E1C
:10D8500004900298401C0290069902988842CCD30A
:10D8600000BFCBF81C50E562012057E7BC0C01203B
:10D87000024600BF00BF002070472DE9F04F85B081
:10D880000D46D5F84890D9F800000390288CC0F3D5
:10D890000726072E01D102200DE0082E01D1042019
:10D8A00009E0092E01D1102005E00A2E02D14FF423
:10D8B000807000E0002087004FF0000B00200290F5
:10D8C000288D80B20190286A000CC0F3C00ABAF11A
:10D8D000000F06D0D9F820100869044600EB070BAA
:10D8E00037E0287C01282AD1384615F005FD04468A
:10D8F00000BF1CB900BF00BF00BFFEE700BF2CB9CE
:10D9000000BF00BF002005B0BDE8F08F04A83B4673
:10D9100022460C210090039802F02CFD8046B8F1BD
:10D92000000F02D10498B84206D000BF00BF2046C5
:10D9300012F026FF0020E6E7C9F8044009E0287C41
:10D9400028B9E8680469016901EB070B01E00020D0
:10D95000D9E72C63072E01D102200DE0082E01D15A
:10D96000042009E0092E01D1102005E00A2E02D181
:10D970004FF4807000E0002068630120C3E72DE9C8
:10D98000F04F06460F469C46DDE909490025072E63
:10D9900006D0082E11D0092E1CD00A2E29D124E041
:10D9A000012110464FEAE27A02EB5A7A04EBEA04CC
:10D9B00002F00700C0F107051EE0022110464FEA01
:10D9C000E27A02EB9A7A04EBAA049007400FC0F1C6
:10D9D000060511E00421104602EBD07A04EB6A043C
:10D9E000D007400FC0F1040506E0082114440025CB
:10D9F00002E00020BDE8F08F00BF01208840401EFB
:10DA00001FFA80F8002319E094F800A04AFA05FAFA
:10DA10000AEA080009EB830A07EB800BDBF800B089
:10DA2000CAF800B0A5EB010A4FFA8AF5002D04DA16
:10DA3000C1F1080A4FFA8AF5641C5B1C6345E3DBFD
:10DA40000120D7E770B504460E46254600BF1DB934
:10DA500000BF00BF00BFFEE700BF05B970BD206872
:10DA60003146C2692046904700BFF7E770B50546CA
:10DA7000284612F0CCF90646284612F062FA04460F
:10DA8000382E07D1D4F8080318B1D4F808031DF0D4
:10DA90000FF900E000BF00BF70BD2DE9F041064660
:10DAA00088463446206A10B10020BDE8F081002588
:10DAB0000122002140460CF05FF9054615B94FF0F0
:10DAC000FF30F2E740460CF0E9FE074617B94FF089
:10DAD000FF30EAE7032028652562284602F01BFA9A
:10DAE0000420216A0865002020620CF0D5F801208E
:10DAF000DBE730B50446084600FB04F5A81285189C
:10DB00006543A812C5186543A81230BD2DE9FF4F23
:10DB1000B5B00C4616461F46359A3832214631A814
:10DB200008F07CFF10B939B0BDE8F08F31A808F0DB
:10DB300062FF30902C2125A815F07FFE309815F05B
:10DB4000DBFB249024982B9000202190229023909E
:10DB50000123314618A8429A11F082F918A82190A1
:10DB6000002F07DD00233A4621460FA811F078F96F
:10DB70000FA822900BA825902D90BDF80C01ADF8B0
:10DB8000A9009DF80E018DF8AB0044988DF8A8000F
:10DB9000206838443168884202DD2068384400E05B
:10DBA00030680790A068C01BB168884202DAA0689C
:10DBB000C01B00E0B0680990606838447168884212
:10DBC00002DD6068384400E070680890E068C01BBF
:10DBD000F168884202DAE068C01B00E0F0680A9051
:10DBE00007A808F008FF069060687168884201DCA9
:10DBF000012000E000200590E068F168884201DB28
:10DC0000012000E00020049020683168884201DC97
:10DC1000012000E000208146A068B168884201DB55
:10DC2000012000E00020824601200390B9F1000F9E
:10DC30000BD0BAF1000F08D0059830B1049820B18C
:10DC40000698322801DA0020039001208DF8B000F8
:10DC5000059870B1039860B107980B9009980D90E2
:10DC600060680C907068401E0E9025A935980DF0E4
:10DC7000BDFF049870B1039860B107980B900998A4
:10DC80000D90F068401C0C90E0680E9025A9359826
:10DC90000DF0ACFFB1683068884212DBB9F1000FBB
:10DCA0000FD0BAF1000F0CD020680B90A0680D9037
:10DCB00008980C900A980E9025A935980DF096FFBB
:10DCC0001FE0B9F1000F0CD020680B903068401EA7
:10DCD0000D9008980C900A980E9025A935980DF093
:10DCE00085FFBAF1000F0CD0B068401C0B90A06803
:10DCF0000D9008980C900A980E9025A935980DF073
:10DD000075FF0398F0BB31980B9033980D907068B5
:10DD10006168401AB84201DA384602E0706861680A
:10DD2000401A0290002537E0606800EB050BE068C0
:10DD3000401B01903298584504DD34990198814286
:10DD400000DA28E0FF21309A249815F0DFFC3098A3
:10DD500000905B4621A80B9A249910F007FF8DF8DC
:10DD6000B0003298584507DCCDF830B0CDF838B067
:10DD700025A935980DF03AFF34990198814209DBC5
:10DD8000019800E00CE00C9001980E9025A93598C0
:10DD90000DF02CFF00BF6D1C02988542C4DBB1E082
:10DDA00031980B900798401E3399814201DA3398DD
:10DDB00001E00798401E0D900BA808F01CFE80465D
:10DDC000B8F1000F40DDB9F1000F01D10598D0B1D5
:10DDD000329D15E00C950E954246FF21249815F0D2
:10DDE00095FCCDF800802B4621A80B9A249910F0C1
:10DDF000BDFE8DF8B00025A935980DF0F7FE6D1C1D
:10DE00000898A842E6DCB9F1000F01D10498D8B116
:10DE10000A98451C15E00C950E954246FF21249862
:10DE200015F074FCCDF800802B4621A80B9A24999C
:10DE300010F09CFE8DF8B00025A935980DF0D6FEA7
:10DE40006D1C3498A842E6DA0D98401C3199814245
:10DE500001DD319801E00D98401C0B900998401CA1
:10DE60003199814201DD319801E00998401C0B9005
:10DE700033980D900BA808F0BEFD8046B8F1000F56
:10DE800040DDBAF1000F01D10598D0B1329D15E007
:10DE90000C950E954246FF21249815F037FCCDF8DD
:10DEA00000802B4621A80B9A249910F05FFE8DF874
:10DEB000B00025A935980DF099FE6D1C0898A84270
:10DEC000E6DCBAF1000F01D10498D8B10A98451CDC
:10DED00015E00C950E954246FF21249815F016FC8E
:10DEE000CDF800802B4621A80B9A249910F03EFE15
:10DEF0008DF8B00025A935980DF078FE6D1C34988A
:10DF0000A842E6DA18A810F081FE002F02DD0FA863
:10DF100010F07CFE249812F033FC00BF03E62DE9DC
:10DF2000FF4F8FB080460C461546DDF870902C21CF
:10DF3000684615F082FC0BA80090BDF84800ADF8CB
:10DF400015009DF84A008DF817008DF81490606850
:10DF50006968884201DC012000E000200646E06894
:10DF6000E968884201DB012000E0002007462068C4
:10DF70002968884201DC012000E000208246A06878
:10DF8000A968884201DB012000E000208346206868
:10DF90000B90A0680D9060680C906868401E0E9011
:10DFA0001EB1694640460DF021FEE868401C0C9009
:10DFB000E0680E901FB1694640460DF017FE2068DC
:10DFC0000B902868401E0D900EB1686800E06068F4
:10DFD0000C900FB1E86800E0E0680E90BAF1000F15
:10DFE00003D0694640460DF001FEA868401C0B9026
:10DFF000A0680D90BBF1000F03D0694640460DF0BC
:10E00000F5FD13B0BDE8F08F70B50446D4F8B052FA
:10E0100003E00BF049FE0BF0C9FD68680028F8D159
:10E0200020460AF031FE18B11F4948692EF008FB5E
:10E0300001206063E06B00F0010030B1E06BC0F3E1
:10E04000400010B10120A06301E00020A063A06B9C
:10E0500008B1012000E000200646E06A30B12868DF
:10E0600004F5447102692046FEF756FE20460AF088
:10E070000BFEC0B194F83D00012800D19EB1E169CA
:10E08000A06A884202D1206AA0620CE0216AA06ADC
:10E09000884206D1606A08B1606A00E0E069A06267
:10E0A00001E0E069A06270BDB80B012070B50446C4
:10E0B0000D46606810B128466168884770BDF8B5A4
:10E0C00004460D46264601217068C1EB10400090C1
:10E0D000B08880B2431E00221146284608F04DFE4B
:10E0E000F8BD70B504460D461646206820B131468D
:10E0F00028462268904770BD0020FCE72DE9F043D8
:10E100009FB080460C4615461E46002C77D02079DD
:10E11000032826D005DC58B1012820D002286FD171
:10E120001EE004281ED008281DD01928F7D11BE0B6
:10E13000E06800B9BEE014A80BF069F8E07D8DF846
:10E140007800A08AADF87000A07D8DF872000120E3
:10E150001D9014A94046E2680FF0ABF9AAE000BF99
:10E1600000BF00BF00BF00BF4FF46161206A90FB99
:10E17000F1F201FB120000286ED1207919286BD032
:10E18000A3680FCB1BAF0FC72169086812F0F3FA21
:10E1900058B32069007C082827D12069407C20F0F2
:10E1A0000200801C21694874206912F08FFA07462A
:10E1B0002C2110A815F05CFBA08AADF85500A07DBD
:10E1C0008DF85700E07D8DF8540016971BA8189025
:10E1D0002069C0891990A068109002208DF85C0019
:10E1E00010A940460DF002FD35E0E16A206912F009
:10E1F00065F92060206820B900BF00BF5AE05AE0EE
:10E2000057E01BA808F0F7FB81460E210BF092FCAB
:10E210001B990844401E1D902C2110A815F028FBC6
:10E22000A08AADF85500A07D8DF85700E07D8DF8EF
:10E2300054002768386916901BA81890388980B256
:10E240001990A068109002208DF85C0010A940463B
:10E250000DF0CCFC00BF2BE0E16A206912F02EF932
:10E26000206001A80BF0EEFD206A0D904FF4807045
:10E270000E900F90E07D8DF8540020680890A08AE1
:10E28000ADF85000A07D8DF85200606A1D902069A5
:10E2900000892169B1F90C1008441E90DDE91D01C7
:10E2A000CDE9120101A94046A26810F07DFA00BF35
:10E2B00000E000BF00BF2DB126B1324629464046DE
:10E2C0000FF0FEFE1FB0BDE8F0832DE9F04F95B0D2
:10E2D00082460C46206BA0F1010B4FEA6B001490B4
:10E2E0000BF00101149808441390616AE0698842B8
:10E2F00001DAE06900E0606A0F90616AE0698842D3
:10E3000001DDE06900E0606A401E1190216A139807
:10E31000081A1090216A1498084412900AF13802E1
:10E320000FA90FA808F07AFB074617B915B0BDE88A
:10E33000F08FA06B18B1606B08B1012000E00020E5
:10E340000E902C2103A815F09CFA0FA80390A08D25
:10E35000ADF8210094F82E008DF8230094F83C00CD
:10E360008DF820000E9820B903A950460DF03EFC10
:10E3700055E00FA808F03FFB8046129802901098D5
:10E380001290D4E90D1008440F9991FBF0F200FBB4
:10E3900012100190404614F0AFFF8146CDF8249052
:10E3A0000FA80B9002208DF82800109800902EE006
:10E3B0004246FF21484615F0A9F9019D002617E0C5
:10E3C000606BA84205DBA18E491B08B206440544D8
:10E3D00009E0D4E90D100844A84201DA002502E062
:10E3E000002009F8060002208DF82800761C6D1C1C
:10E3F0004645E5DB03A950460DF0F8FB1098401C9C
:10E4000010901298401C12900098401C00900299A5
:10E4100000988842CCDD484612F0B2F900BF00BF38
:10E4200084E700002DE9F34FDBB00C46216AA06AB7
:10E43000814212DA04F11C0101A81AF0B3FBDDE9F4
:10E4400001015A91599004F1240101A81AF0AAFB84
:10E45000DDE901015891579011E004F1240101A870
:10E460001AF0A0FBDDE901015A91599004F11C0159
:10E4700001A81AF097FBDDE90101589157905999CD
:10E480005798451A5A995898461A002D01DD284682
:10E4900000E06842002E01DD314600E07142884212
:10E4A00001DD012000E000205690276B00205590F0
:10E4B000569870B1002E01DD304600E070424101F7
:10E4C000002D01DD284600E0684291FBF0F05590F8
:10E4D0000DE0002D01DD284600E068424101002EDC
:10E4E00001DD304600E0704291FBF0F05590AE49FE
:10E4F0005598085C78433F30C7114FEA670807F02A
:10E50000010000EB080957995998884201DA599897
:10E5100000E05798C01B519057995998884201DDE7
:10E52000599800E057983844539058995A9888421F
:10E5300001DA5A9800E05898C01B529058995A989E
:10E54000884201DD5A9800E05898384454905B9A0C
:10E55000383251A951A808F061FA5090509810B97A
:10E560005DB0BDE8F08F142113A8F1F70EFF42A8AB
:10E57000139034A814905698C8B3002D1BDD0021C9
:10E580005898A0EB0800CDE900015A98A0EB0802CA
:10E5900042A8579B599910F085FB0121589848448F
:10E5A000CDE900015A9800EB090234A8579B59990C
:10E5B00010F078FB38E0002158984844CDE900017C
:10E5C0005A9800EB090242A8579B599910F06AFB30
:10E5D00001215898A0EB0800CDE900015A98A0EB62
:10E5E000080234A8579B599910F05CFB1CE0FFE728
:10E5F00000215898CDE90001579800EB090359987C
:10E6000000EB090142A85A9A10F04CFB01215898DE
:10E61000CDE900015798A0EB08035998A0EB080139
:10E6200034A85A9A10F03EFB94F83D00C0F38000E5
:10E63000D8B903215A982844CDE900015998831B81
:10E64000014626A85A9A10F02DFB0221589828441A
:10E65000CDE900015798831B014618A8589A10F07D
:10E6600021FB26A8159018A8169051A808F0C3F908
:10E6700082461AF08FFC02900AF057FA119051A8C6
:10E6800008F0ACF901461198814203D251A808F074
:10E69000A5F900E011981090109814F02DFE834613
:10E6A00054980F905298549000200E90FF21584695
:10E6B000109A15F02BF82C2103A815F0E2F851A8B8
:10E6C0000390A08DADF8210094F82E008DF8230062
:10E6D00094F83C008DF82000CDF824B051A80B90A0
:10E6E0005298129037E0CDF800A00E980BEB000185
:10E6F00013A8129B519A10F039FA8DF828009DF852
:10E70000280028B90E990BEB0100514615F0B9F815
:10E710000E9850440E900E9800EB0A01109881421A
:10E7200003D25498401C549012E002208DF8280027
:10E7300003A95B980DF05AFA5498401C52905298D5
:10E74000549000200E90FF215846109A14F0DEFFDE
:10E750001298401C12900F9912988842C3DD549968
:10E760005298884209D05498401E549002208DF847
:10E77000280003A95B980DF039FA584612F000F80A
:10E7800042A810F043FA34A810F040FA94F83D0083
:10E79000C0F3800028B926A810F038FA18A810F0A5
:10E7A00035FA00BFDCE60000ECE503082DE9F04F88
:10E7B00095B007460C46206BA0F101084FEA6809A6
:10E7C00008F0010048441490E1691498081A109068
:10E7D000E06948441290216AA06A814201DA206A05
:10E7E00000E0A06A1190216AA06A814201DD206ADE
:10E7F00000E0A06A401E139007F1380210A910A88B
:10E8000008F00CF9054615B915B0BDE8F08FA06BFE
:10E8100018B1606B08B1012000E000200F902C219E
:10E8200004A815F02EF810A80490A08DADF82500CE
:10E8300094F82E008DF8270094F83C008DF8240001
:10E840000F9820B904A938460DF0D0F948E010A877
:10E8500008F0D1F803901398029011981390039840
:10E8600014F04AFD8246CDF828A010A80C90022092
:10E870008DF82C00D4E90D100844119991FBF0F2A9
:10E8800000FB12100190019EDDF844B021E0FF2151
:10E890005046039A14F03AFF606BB04203DA00204E
:10E8A0008DF82C0002E001208DF82C00D4E90D1029
:10E8B0000844B04200DC0026761C04A938460DF05E
:10E8C00095F91198401C11901398401C13900BF16E
:10E8D000010B02988345DADD504611F051FF00BF6D
:10E8E00000BF91E72DE9F047ACB08046404611F0FB
:10E8F000A0FA05462C46404611F004FB064628A91E
:10E90000284616F056F8204602F04AF881460DA82F
:10E910000BF0DEFBE06A149094F85C0001099DF8AE
:10E92000910061F341008DF89100606D1B90A06D26
:10E930001C90D4E91801CDE9150194F85C0000F0B1
:10E940000F00032808D028A808F042F8B0F5806F1F
:10E9500002DB04F1380025909DF8900069F3C700B0
:10E960008DF8900011960DAA0021284617F047FC5B
:10E9700023A8421CE16A03780BB90123037000BF8E
:10E98000284613F0CDFF1E90284613F0BEFF1F90BF
:10E990004FF6FF711E9888422BD01F98884228D0CE
:10E9A0004FF4802A58225146284617F0D9F80246DB
:10E9B00051460290284619F08FFC0390039804906A
:10E9C000BDF81000ADF880009DF812008DF88200AF
:10E9D00000BF1C225146284617F0C2F80390039846
:10E9E0000490BDF81000ADF883009DF812008DF87A
:10E9F00085004FF0000A61225146284617F0B0F812
:10EA0000039003980490BDF81000ADF898009DF8AD
:10EA100012008DF89A0000BF60225146284617F078
:10EA20009FF804900498C0B28DF88F0000BF5F2259
:10EA30005146284617F094F804900498279094F8CB
:10EA40005C0000F00F00022805D094F85C0000F094
:10EA50000F00032815D19DF88C00022803D09DF8E3
:10EA60008C0003280DD1D4E91801CDE9030128A8B1
:10EA700007F0C1FF0399884202DA01208DF88C006B
:10EA800000BF06F1340228A909A807F0C7FF07460E
:10EA900017B92CB0BDE8F08794F85C0000F00F00C7
:10EAA00060B9284616F02AFA8246CAF1000200210F
:10EAB00028A808F055F9286A2B9000BF94F85C004C
:10EAC00000F00F0002280BD094F85C0000F00F005B
:10EAD000032805D094F85C0000F00F00042816D13C
:10EAE00006F134000FC8CDE90323CDE9010109A8DF
:10EAF0000FC834360FC6443E28AA0DA930460BF085
:10EB0000ACFA01A80FC834360FC6443E14E0D6E96B
:10EB10000F13D6E90D20CDE90313CDE901200C999F
:10EB2000316428AA0DA930460BF097FA01A80FC846
:10EB300034360FC6443E00BFD6E90F13D6E90D2088
:10EB4000CDE90713CDE9052009A80FC834360FC653
:10EB5000443E94F85C0000F00F00032832D1D4E961
:10EB60001801CDE9030128A807F045FF0399884261
:10EB700012DA20221146179811F0CFFD00EB400069
:10EB8000616D039A114408441B90A06D1C9028AA43
:10EB90000DA930460BF061FA28A807F019FF049977
:10EBA00088420EDA606D1B90179811F0CBFDA16DB5
:10EBB000049A114408441C9028AA0DA930460BF071
:10EBC0004CFA00BF05A80FC834360FC6443E00BF3C
:10EBD0005FE770B5AEB006460D4626AA2AA93046B4
:10EBE00016F0A7F92AA807F0F9FE28B926A807F019
:10EBF000F5FE08B92EB070BD01A9304626F011F916
:10EC00000446012C00D0F5E72AA807F0E7FE30B152
:10EC1000002003902AAA01A928460CF018FB26A878
:10EC200007F0DCFE30B10120039026AA01A9284696
:10EC30000CF00DFB00BFDDE702465018704702469E
:10EC400050187047024650187047024650187047D7
:10EC50000246501870470246501870470246501836
:10EC600070470246501870472DE9F047064688461F
:10EC7000344600BF1CB900BF00BF00BFFEE700BFA5
:10EC80000CB9BDE8F087002704F1300014F0FCF95E
:10EC9000054619E02868D0F810904846716808F0D9
:10ECA000ABFD8246504608F0B1FD20B941464846CA
:10ECB000A269904702E000BF00BF7F1C294604F113
:10ECC000300014F0F9F90546002DE3D10FB100BF73
:10ECD00000BF04F1240019F0BBFF04F1300014F070
:10ECE000ADF90020F06000BFCBE72DE9F05F0546ED
:10ECF0000F4691462C4600BF1CB900BF00BF00BFA5
:10ED0000FEE700BF00BF1FB900BF00BF00BFFEE7A6
:10ED100000BF04B10FB9BDE8F09F394604F12400EB
:10ED200019F0DDFF064606B9F5E7D6F810A049460A
:10ED30005046A26990475046E16B8847E968081A37
:10ED4000E8605046696808F057FD83463146204622
:10ED500001F0FDFED0F80080314604F124001AF0E5
:10ED600057F8584608F026FD414604F1300014F0EB
:10ED700079FA404611F004FD00BFCCE72DE9F047D9
:10ED800007463E4656B900BF502080F31188BFF3B6
:10ED90004F8FBFF36F8F00BF00BFFEE717480068BB
:10EDA000864201D1002426E02DF0FEF87569144852
:10EDB000D0F800801348D0F800902DF01FF9454599
:10EDC00001D04D4501D1022415E00F4885420BD1F9
:10EDD000B06A38B996F85800012801D102240AE037
:10EDE000032408E0022406E00848854200D00DB95B
:10EDF000042400E001242046BDE8F0871400002030
:10EE0000180000201C000020500800203C080020B2
:10EE10002DE9FC4781460C4615461E460A9F14B94B
:10EE20000020BDE8FC872021484617F08DF968B91D
:10EE3000002C01DD294600E031460846002801DCAF
:10EE4000002402E0011B00D5044638E0032F03D163
:10EE5000484616F03DF802E0484616F044F882466F
:10EE6000BAF1000F11D1002E01DB002D0BDA002CBE
:10EE700000DAA41E002C00DDA41CA046E01704EB61
:10EE800090708010CDE72046CBE76B4601AA39464B
:10EE9000484602F0C5F89DF8040010B19DF8000046
:10EEA00058B9002C00DAA41E002C00DDA41C214659
:10EEB000E01704EB90708010B3E72046B1E72046DE
:10EEC000AFE700000149086070470000A40100207E
:10EED0000149087070470000A9010020104800682F
:10EEE00010490968884205D90D4800680D4909682C
:10EEF000401A70470C48007850B90C48007838B96F
:10EF00000848006806490968401AC0F5A040F0E7C3
:10EF10000548007810B14FF4A040EAE70020E8E788
:10EF2000AC010020B0010020B4010020B501002098
:10EF30002DE9F04107460D460026002400F0BCFBF9
:10EF4000FFF7CCFF064606B105B946E0AE4200D851
:10EF50003546244800682844B0F5A04F0ED2224818
:10EF6000204A126881182A46384600F07BF8044689
:10EF70001C48006820441B49086024E019480068C8
:10EF8000C0F5A0421848174B1B68C118384600F05E
:10EF900069F8044613480068C0F5A040A0420DD1AE
:10EFA0002A1B3819104900F05DF80444A4F5A0406C
:10EFB0000C49096808440B49086004E009480068E6
:10EFC000204408490860A64202D101200749087080
:10EFD00014B100200649087000BF00F0A1FB2046D4
:10EFE000BDE8F081B0010020A8BB0020B5010020E1
:10EFF000B401002000200449097801B170470121C3
:10F00000014A117000BFF9E7A80100202DE9F04185
:10F0100005460E4617460C48007878B1042D08DBEB
:10F0200039463046FCF740FC04465CB100F00EF86F
:10F0300008E03946304600F0C5FB03E0394630466B
:10F0400000F0C0FBBDE8F081A901002010B5044824
:10F05000006818B1024800681CF072FC10BD000086
:10F06000840100202DE9F04186B005460C4690460B
:10F0700001260027002D1AD127480068002810D14A
:10F080004620264926A228A3CDE90310CDE9013266
:10F0900000900B462DA238A1002000F02BF900BFF4
:10F0A000FEE746221D491EA01B4B1B689847002CFB
:10F0B00019D11948006880B94720184930A21AA30D
:10F0C000CDE90310CDE9013200900B461FA22AA121
:10F0D000002000F00FF900BFFEE747220F4928A0EB
:10F0E0000D4B1B6898470DE014F8010B05F8010B58
:10F0F0007F1CB74206D3A01B324622A1F1F776F956
:10F1000000B904E0B8F10000A8F10108ECD100BF9B
:10F11000384606B0BDE8F081A40100208BE5030865
:10F120006C696E65000000002825732920686173F2
:10F1300020617373657274206661696C6564206117
:10F14000742025733A256C642E0000002E2E5C304E
:10F15000355F76656E646F72735C656173796C6F31
:10F16000676765725C7372635C656C6F675F75740B
:10F17000696C732E63000000656C6F67000000000F
:10F180006C6F67000A00000070B586B00546002D60
:10F190001CD126480068002811D14FF4F070244992
:10F1A00024A229A3CDE90310CDE9013200900B463A
:10F1B0002EA237A1002000F09DF800BFFEE74FF41B
:10F1C000F0721B491BA0194B1B68984700240526A9
:10F1D000314890F8F00010B9304606B070BD00F02C
:10F1E0006BFA00241BE004EB44112B483130084437
:10F1F00090F82000012810D104EB44122648313049
:10F200001044411C1E222846F1F7F0F828B904EBFF
:10F21000441121483130465C03E0601CC4B2052C27
:10F22000E1DB00BF00F07CFA3046D6E7A401002005
:10F230002FE5030874616720213D202828766F6937
:10F2400064202A2930290000282573292068617349
:10F2500020617373657274206661696C65642061F6
:10F26000742025733A256C642E0000002E2E5C302D
:10F27000355F76656E646F72735C656173796C6F10
:10F28000676765725C7372635C656C6F672E6300A1
:10F29000656C6F6700000000B0B6002010B5002458
:10F2A000134890F8F000012801D1204610BD00F06D
:10F2B0007BFA04460CB12046F8E7FFF79BFE0446B4
:10F2C0000CB12046F2E7012000F00AFA00200849BC
:10F2D00081F8F30081F8F400052000F09FFA00F0B7
:10F2E000FFFA0120024981F8F0002046DEE7000025
:10F2F000B0B600200FB42DE9F04F8DB005460F4693
:10F300009846DDF868903846F1F75CF882460024AC
:10F310004FF0010B00200B900C9007900890099083
:10F320000A90052D1CDDBC480068002811D140F270
:10F330003E20BA49BAA2C1A3CDE90310CDE90132FA
:10F3400000900B46C6A2CFA10020FFF7D3FF00BF5D
:10F35000FEE740F23E22B149B1A0AF4B1B6898478F
:10F36000CA4890F8F10020B90DB0BDE8F00F5DF883
:10F3700014FBC6480078A84204DB3846FFF704FFB8
:10F38000A84200DAF0E7C149491C3846F1F708F80D
:10F3900000B9E9E71CA8069000F08EF90121284683
:10F3A00001F014F940B1BA4850F82520B9480119C4
:10F3B000204600F0CFFB04440221284601F006F964
:10F3C000E8B1B44801193A46204600F0C3FB0444B2
:10F3D000BAF10F0F0CD8CAF10F01202207A8F0F7DD
:10F3E000CDFFAC48011907AA204600F0B3FB044446
:10F3F000A8480119A8A2204600F0ACFB04441C2137
:10F40000284601F0E3F8002852D0A2480119A3A22F
:10F41000204600F09FFB04440421284601F0D6F862
:10F42000A8B100F0A3F905909A4801192046059A61
:10F4300000F090FB04441821284601F0C7F830B1D1
:10F440009448011994A2204600F084FB044408214A
:10F45000284601F0BBF8A8B100F076F905908D4878
:10F4600001192046059A00F075FB04441021284636
:10F4700001F0ACF830B18748011987A2204600F0AE
:10F4800069FB04441021284601F0A0F848B100F0BF
:10F490005FF905907F4801192046059A00F05AFB54
:10F4A00004447C4801197EA2204600F053FB04442A
:10F4B00020212846189A01F0F3F860B9424640210D
:10F4C000284601F0EDF830B94A468021284601F07F
:10F4D000F5F8002862D06F48011972A2204600F0AA
:10F4E00039FB044420212846189A01F0D9F808B3C2
:10F4F000684801192046189A00F02CFB0444424643
:10F500004021284601F0CCF838B16248011966A2C2
:10F51000204600F01FFB04440CE04A4680212846A8
:10F5200001F0CCF830B15B4801195BA2204600F035
:10F5300011FB04444A468021284601F0BFF8C8B1B7
:10F540004B465AA205210BA8F4F778FD5148011942
:10F550000BAA204600F0FEFA044442464021284609
:10F5600001F09EF830B14B4801194BA2204600F043
:10F57000F1FA044442464021284601F091F830B1A6
:10F58000444801194246204600F0E4FA0444414848
:10F59000011947A2204600F0DDFA0444C4F5806159
:10F5A0003C4A1019069B1B9AF4F762FD06460020A0
:10F5B0000690A019B0F5806F03D8002E01DB34440B
:10F5C00001E04FF4806404EB0B00B0F5806F03D9C9
:10F5D0004FF48064A4EB0B042C4890F8200058B141
:10F5E00000202C490855294920312A48F0F7D8FE37
:10F5F00010B900F095F8B7E6264801192DA220466B
:10F6000000F0A8FA0444224622492846FFF7FEFCEF
:10F6100000F086F800BFA7E6A401002047E5030834
:10F620006C6576656C203C3D20454C4F475F4C56E1
:10F630004C5F564552424F53450000002825732920
:10F640002068617320617373657274206661696CF0
:10F6500065642061742025733A256C642E000000D7
:10F660002E2E5C30355F76656E646F72735C6561FB
:10F6700073796C6F676765725C7372635C656C6FDE
:10F68000672E6300656C6F6700000000B0B6002055
:10F690008C010020A8B70020200000005B000000C3
:10F6A0005D200000280000003A000000256C640086
:10F6B000290000000A00000010B5084890F8F20088
:10F6C00030B100F089F80120044981F8F40003E02A
:10F6D0000120024981F8F30010BD0000B0B60020FF
:10F6E00010B504460D4880F8F24090F8F200A0B141
:10F6F0000A4890F8F40030B9084890F8F30010B1C7
:10F7000000F06AF809E0054890F8F40028B10348D1
:10F7100090F8F30008B900F071F810BDB0B6002001
:10F7200010B5084890F8F20030B100F067F80020FA
:10F73000044981F8F40003E00020024981F8F30055
:10F7400010BD0000B0B6002000A07047000000000F
:10F7500010B51BF03BFE022803D100201CF086FAF6
:10F7600010BD01A0FCE700000000000010B51BF078
:10F770002DFE022809D11BF043FE0446234608A2B1
:10F7800010210848F4F75AFC08E0F1F7B7FD0446E9
:10F79000234603A210210348F4F750FC014810BD92
:10F7A000256C7500A80B012010B5002404480068E2
:10F7B00020B900201BF091FF01490860204610BDD0
:10F7C000B801002070B504460D462A4621460020A7
:10F7D000F3F7DAFB70BD000010B51BF0F7FD02284F
:10F7E00008D10548006828B14FF0FF310248006891
:10F7F0001BF042FF10BD0000B801002010B51BF047
:10F80000E5FD022806D10448006818B102480068E6
:10F810001BF0BCFF10BD0000B801002010B586B081
:10F820000446052C1CDD10480068002811D14FF457
:10F83000AD700E490EA215A3CDE90310CDE901323A
:10F8400000900B461AA223A10020FFF753FD00BF32
:10F85000FEE74FF4AD72054905A0034B1B689847BE
:10F860001E48047006B010BDA401002003E5030883
:10F870006C6576656C203C3D20454C4F475F4C568F
:10F880004C5F564552424F534500000028257329CE
:10F890002068617320617373657274206661696C9E
:10F8A00065642061742025733A256C642E00000085
:10F8B0002E2E5C30355F76656E646F72735C6561A9
:10F8C00073796C6F676765725C7372635C656C6F8C
:10F8D000672E6300656C6F6700000000B0B6002003
:10F8E00010B5002400BF13E004EB44120A49114490
:10F8F000481C1F21F0F749FD002104EB4412064883
:10F90000815404EB4412104480F82010601CC4B2EF
:10F91000052CE9DB10BD0000E1B6002030B585B054
:10F9200004460D46052C1CDD10480068002811D146
:10F930004FF4A0700E490FA215A3CDE90310CDE935
:10F94000013200900B461BA223A10020FFF7D2FC3E
:10F9500000BFFEE74FF4A072054906A0034B1B68E9
:10F9600098471F4840F8245005B030BDA40100203E
:10F97000E6E403086C6576656C203C3D20454C4F01
:10F98000475F4C564C5F564552424F53450000006E
:10F990002825732920686173206173736572742050
:10F9A0006661696C65642061742025733A256C6416
:10F9B0002E0000002E2E5C30355F76656E646F720F
:10F9C000735C656173796C6F676765725C73726392
:10F9D0005C656C6F672E6300656C6F6700000000EC
:10F9E00088B7002010B586B00446002C1ED0012C2C
:10F9F0001CD011480068002811D140F215100F49A1
:10FA00000FA219A3CDE90310CDE9013200900B46F6
:10FA10001EA227A10020FFF76DFC00BFFEE740F209
:10FA20001512064906A0044B1B689847224880F827
:10FA3000F14006B010BD0000A4010020CEE4030890
:10FA400028656E61626C6564203D3D2066616C7363
:10FA50006529207C7C2028656E61626C6564203D90
:10FA60003D2074727565290028257329206861730B
:10FA700020617373657274206661696C65642061CE
:10FA8000742025733A256C642E0000002E2E5C3005
:10FA9000355F76656E646F72735C656173796C6FE8
:10FAA000676765725C7372635C656C6F672E630079
:10FAB000656C6F6700000000B0B600200EB50C4802
:10FAC00090F8F00000B90EBD0120FFF78BFF012078
:10FAD000FFF7FEF907A009A1F622124BCDE900219C
:10FAE000029011A219A10320FFF704FC00BFEAE76E
:10FAF000B0B60020322E322E3939000045617379BC
:10FB00004C6F676765722056257320697320696E94
:10FB1000697469616C697A65207375636365737371
:10FB20002E000000B9E403082E2E5C30355F7665A8
:10FB30006E646F72735C656173796C6F6767657211
:10FB40005C7372635C656C6F672E6300656C6F67D6
:10FB500000000000F0B585B006460D461446274665
:10FB6000002D1AD124480068002810D12C202349E8
:10FB700023A224A3CDE90310CDE9013200900B4666
:10FB800029A234A10020FFF7B5FB00BFFEE72C221D
:10FB90001A491BA0184B1B689847002C19D116480E
:10FBA000006880B92D2015492CA216A3CDE90310B9
:10FBB000CDE9013200900B461BA226A10020FFF7E1
:10FBC00099FB00BFFEE72D220C4924A00A4B1B68BD
:10FBD00098470AE03046761CB0F5806F04D214F8DE
:10FBE000010B05F8010B00E002E020780028F1D1BC
:10FBF00000BFE01B05B0F0BDA40100207FE50308B5
:10FC000064737400282573292068617320617373FD
:10FC1000657274206661696C656420617420257367
:10FC20003A256C642E0000002E2E5C30355F766520
:10FC30006E646F72735C656173796C6F6767657210
:10FC40005C7372635C656C6F675F7574696C732E4F
:10FC500063000000656C6F67000000007372630052
:10FC600030B505460879062802D007281DD100E0E6
:10FC700000BF4A6DD06B08B9106C08B1002030BDD0
:10FC8000D06E08B1012000E000200446108CC0F3C3
:10FC900007232CB10E2B01D0142B01D10020EEE74D
:10FCA000302B01DB0020EAE700E000BF00BF91F845
:10FCB0005A00642805DB642081F85A00012081F88D
:10FCC00059000020DBE770B504460D462946204662
:10FCD00007F064F870BD014600BF4868704710B572
:10FCE0000446207EC0F3800008B1002010BDA0684B
:10FCF0002B2802D02C2803D100E000BF0120F5E71B
:10FD000000BF00BF4FF48041206816F01DFA08B90B
:10FD10000020EBE7A06816381F2824D2DFE800F0A7
:10FD20001023232311121314151617181923231A3D
:10FD30002323231B1E1C1D232323231F20232100D9
:10FD400000BF00BF00BF00BF00BF00BF00BF00BFBB
:10FD500000BF00BF00BF00BF00BF00BF00BF00BFAB
:10FD600000BF0020C2E70120C0E701468868C0F359
:10FD70000040704710B50446207EC0F3C00008B1B3
:10FD8000002010BD4FF40011206816F0DDF908B90D
:10FD90000020F6E7A06816381F2824D2DFE800F01C
:10FDA0001023232311121314151617181923231ABD
:10FDB0002323231B1E1C1D232323231F2023210059
:10FDC00000BF00BF00BF00BF00BF00BF00BF00BF3B
:10FDD00000BF00BF00BF00BF00BF00BF00BF00BF2B
:10FDE00000BF0020CDE70120CBE7027D22F0020218
:10FDF000921C02758A6842F480328A6070472DE94D
:10FE0000F84F044611F06EFC8246BAF1000F0CD098
:10FE1000207EC0F3400010B10120BDE8F88F207EA5
:10FE200000F0010008B10020F7E726680125B0685E
:10FE300010B1B068083000E0002000900122214697
:10FE4000009810F025F90546012D03D1207EC0F35E
:10FE5000400008B12846E0E72146002014F041FDAB
:10FE60000546012D03D1207EC0F3400008B128468D
:10FE7000D3E700222146009810F00AF90546012D2B
:10FE800003D1207EC0F3400008B12846C5E72068B2
:10FE900014F0AFFE074647B12046FFF720FF20B120
:10FEA00027602046FFF7ABFF0546012D01D028460D
:10FEB000B3E72046FFF75EFF58B3304614F059FD14
:10FEC0008346207E20F00400001D20764FF00008BD
:10FED00014E04146304614F029FD8146B9F1000F87
:10FEE0000AD0C4F800902046FFF789FF0546012D8F
:10FEF00002D000BF00BF0AE008F10108D84506D2D1
:10FF0000012D04D1207EC0F340000028E1D000BFC5
:10FF100000BF284681E710B5044620790C284ED250
:10FF2000DFE800F04D060D141B22294137303C4814
:10FF300004F108022046616D0EF0C2F840E004F1C1
:10FF400008022046616D0DF0B4FA39E004F10802B0
:10FF50002046616D0DF039FB32E004F108022046C5
:10FF6000616D0EF091FC2BE004F108022046616DFA
:10FF70000EF050FC24E004F108022046616D0EF002
:10FF800013FC1DE004F108022046616D0BF008FC33
:10FF900016E02046616D0EF0B1FC11E02046616D67
:10FFA0000FF002FC0CE004F108022046616D0EF037
:10FFB00045FC05E02046616D0FF02EF800E000BF23
:10FFC00000BF10BD2DE9FF4F83B00446204614F05A
:10FFD0007FFF0290029820B96FF0604007B0BDE843
:10FFE000F08F6FF060450021204615F082FD074636
:10FFF0000021204615F093FD8246204614F0B9FCFE
:020000040801F1
:1000000083464FF0000862E0A068006850F828605E
:100010003349304616F0A8F800B156E04FF480514D
:10002000304616F091F800284ED04FF0000900201D
:1000300001900298012804D0022808D0032827D173
:100040000CE0D6F8149060693844019021E0D6F8AD
:100050001C90E069A0EB0A0001901AE006F1140080
:1000600006F0C9FC009000EBD070716901EB6009EB
:1000700004F1140006F0BFFCC01BA0EB0A000090C6
:1000800000EBD0706169394401EB6000019000E041
:100090001BE000BF069881440498814513DB059856
:1000A000814510DC0199A9EB0100002801DD014622
:1000B00000E04142002D01DD2A4600E06A42914203
:1000C00000DA054600BF00BF00BF08F10108D845AF
:1000D0009AD36FF06040854200D17FE768427DE7A8
:1000E000010004002DE9FF4F83B00446204614F0C0
:1000F000FAFE0290029820B96FF0604007B0BDE8A8
:10010000F08F6FF060450021204615F01EFD074678
:100110000021204615F0D7FC8246204614F029FC29
:1001200083464FF0000863E0A068006850F828603C
:100130003449304616F018F800B157E04FF48051BA
:10014000304616F001F800284FD04FF0000900208B
:1001500001900298012804D0022808D0032828D151
:100160000CE0D6F81890A0693844019022E0D6F847
:100170002090206AA0EB0A0001901BE006F1140019
:1001800006F026FC009000EBD0704110B06901EB46
:10019000000904F1140006F01BFCC01BA0EB0A00D0
:1001A000009000EBD0704110A069384408440190E1
:1001B00000E01BE000BF069881440498814513DBF2
:1001C0000598814510DC0199A9EB0100002801DDAB
:1001D000014600E04142002D01DD2A4600E06A426E
:1001E000914200DA054600BF00BF00BF08F10108D8
:1001F000D84599D36FF06040854200D17EE76842D0
:100200007CE70000010004002DE9FE4F044689460A
:10021000924600200290207F00F0010010B1029869
:10022000BDE8FE8FE56800264FF0010B012001902C
:1002300000BF95B9207FC0F3C00000B95EB9019836
:1002400008B90298ECE72046C84705464FF0000B76
:100250000020019001E00298E2E71EB92E460EB997
:100260000298DDE7BBF1000F07D029462046D047B2
:100270000546B54201D10298D2E74FF0010B05B90E
:10028000D7E7286815F098FA00F0800000B1D0E7B1
:100290002F6809E00121384615F056FF00B105E04E
:1002A000384614F0A6FC0746002FF3D100BF2FB14B
:1002B0000121384615F048FF00B1BAE700BF00BF82
:1002C000E068A84201D10298AAE7E06898B1204608
:1002D00000F0CEFA0090E16808681421009A17F047
:1002E000D9FD0746012F01D0029899E7E168086817
:1002F00016F038FA00BFE560204600F0B9FA07466C
:10030000E1683A460868132117F0C4FD8046B8F149
:10031000010F01D0029883E7E168086816F022FA1D
:10032000206910B120462169884701200290029877
:1003300076E770B50546AC6C04B970BD206828B18D
:10034000206810F04DFA206810F01AFAE06910B138
:10035000E06909F0FBF9206A10B1206A09F0F6F9AA
:10036000606810F00DFA204610F00AFA0020A86428
:1003700000BFE2E72DE9F0478046894616461F4652
:10038000089D0DB10020286000224946404610F02B
:100390007BFC044614B12046BDE8F0872B463A4664
:1003A0003146404610F044FB04430CB12046F3E7CD
:1003B0000020F1E7704730B504460A46C81701EB44
:1003C0005070C010205C0B46CD1701EB5575ED1039
:1003D000A1EBC505C5F10705284100F0010030BDBE
:1003E00030B504460A46C81701EB5070C010205CB7
:1003F0000B46CD1701EB5575ED10A1EBC505C5F109
:100400000705284100F0010030BD30B504460A461A
:10041000C81701EB5070C010205C0B46CD1701EBE4
:100420005575ED10A1EBC505C5F10705284100F094
:10043000010030BD30B504460A46C81701EB5070C4
:10044000C010205C0B46CD1701EB5575ED10A1EBEC
:10045000C505C5F10705284100F0010030BD30B5E4
:1004600004460A46C81701EB5070C010205C0B46CA
:10047000CD1701EB5575ED10A1EBC505C5F10705CD
:10048000284100F0010030BD30B504460A46C817C7
:1004900001EB5070C010205C0B46CD1701EB557579
:1004A000ED10A1EBC505C5F10705284100F00100DD
:1004B00030BD30B504460A46C81701EB5070C01075
:1004C000205C0B46CD1701EB5575ED10A1EBC50572
:1004D000C5F10705284100F0010030BD2DE9F05FAE
:1004E000074688463C4600BF1CB900BF00BF00BF9E
:1004F000FEE700BF00BFB8F1000F03D100BF00BF8F
:1005000000BFFEE700BF14B1B8F1000F02D1002018
:10051000BDE8F09F04F1300012F0B6FD054685B14C
:10052000D5F80090D9F810A05046796807F064F922
:100530008346414650462269904708B95846E7E746
:1005400000BF414604F1240018F0C9FB0646BEB1C5
:100550003146204600F0FBFAD0F8009004F130005C
:1005600012F092FD05462A46494604F1300012F089
:1005700044FE7968306907F03FF982465046C7E784
:100580000020C5E770B50546AC6C84B9442012F074
:10059000EDFE044600BF1CB900BF00BF00BFFEE770
:1005A00000BF1CB900BF00BF002070BDAC64204676
:1005B000FBE70146486805E0026D012A01D00020F2
:1005C00002E001E00028F7D100BF704730B585B0E8
:1005D00004460D46052C1CDD13480068002811D187
:1005E00040F2DF20114912A218A3CDE90310CDE992
:1005F000013200900B461EA226A10020FEF77AFED3
:1006000000BFFEE740F2DF22084909A0064B1B6845
:100610009847224850F82400284010B1012005B026
:1006200030BD0020FBE70000A401002053E50308D3
:100630006C6576656C203C3D20454C4F475F4C56C1
:100640004C5F564552424F53450000002825732900
:100650002068617320617373657274206661696CD0
:1006600065642061742025733A256C642E000000B7
:100670002E2E5C30355F76656E646F72735C6561DB
:1006800073796C6F676765725C7372635C656C6FBE
:10069000672E6300656C6F670000000088B700205C
:1006A00070B505460E46144634B131462846FFF76C
:1006B0008DFF08B1012070BD0020FCE770B5054634
:1006C0000E46144634B131462846FFF77FFF08B185
:1006D000012070BD0020FCE72DE9FC4780460F4655
:1006E00017B90020BDE8FC87D8F818500024B4E002
:1006F00004EB8401A86850F821003E1A04EB840141
:10070000A86800EB81008088B04200D8A3E04FF0D9
:10071000000904EB8401A86800EB8100807C0228BA
:1007200008D104EB8401A86800EB8100C08800EBCD
:1007300006098EE004EB8401A86800EB8100807C50
:10074000C8B904EB8402A96801EB8201C868815D25
:1007500039B904EB8402A96851F82210B94200D0DB
:1007600079E004EB8402A96801EB8201C988825D0B
:1007700001EB02096DE004EB8401A86800EB810045
:10078000807C03282AD1B0B201903848009004EB55
:100790008403A86800EB8300028A04EB8403A86842
:1007A00000EB83000223816801A81AF028FC82462E
:1007B000BAF1000F11D004EB8402A96801EB8201A9
:1007C0008968AAEB0101481004EB8402A96801EBD7
:1007D0008201C98801EB000900BF3AE004EB840103
:1007E000A86800EB8100807C012832D1B0B2019072
:1007F0001E48009004EB8403A86800EB8300028A83
:1008000004EB8403A86800EB83000223816801A83D
:100810001AF0F5FB8246BAF1000F19D004EB8403FD
:10082000AA6802EB83029268AAEB0202501004EB62
:100830008403AA6802EB8302D16804EB8403AA68EC
:1008400002EB8302D28831F8103002EB030900BFBB
:1008500000BF484646E7601C84B2688AC0F30800BF
:10086000A0423FF745AF00203CE7000085BC0308ED
:100870002DE9F04105460026002011F03BF9044621
:1008800013E0204611F07FF90746012F02D12046E0
:10089000BDE8F081204611F025F9A84200D1264696
:1008A000204611F027F9044600BF002CE9D130465C
:1008B000EEE70246114600E0096821B1086AC0F37C
:1008C0000F100028F8D009B900207047086AC0F35B
:1008D0000F10FAE72DE9FE4F80460D461646D8F870
:1008E00018704FF0000A788AC0F3403000283DD1DC
:1008F000FC68A068800FC8B9D4F8009001950296F2
:1009000025480090A06820F040420223494601A8F3
:100910001AF075FB8346BBF1000F06D0ABEB090163
:100920004810616811F900A000BF1EE00121A06815
:10093000B1EB907F19D1D4F8009001950296174839
:100940000090A06820F040420423494601A81AF014
:1009500056FB8346BBF1000F06D0ABEB09018810B4
:10096000616811F900A000BF00BF12E0F868436899
:10097000595D83689A5D00290ADD002A08DD531E4F
:100980004C1E90F80DC004FB0C33046814F903A04E
:1009900000BF5046BDE8FE8FE1470108C14701088E
:1009A00070B50446002594F85C00C0F3401008B10F
:1009B00045F0080594F85C00C0F3801008B145F0DC
:1009C000010526460021304615F0EEFA6FF0404151
:1009D00088420DD10021304614F0EBFF6FF06041EA
:1009E000884205D1708DC0F3C02008B945F00205DA
:1009F000284670BDF8B506460C4615462869A0B1D4
:100A00001CB9286990F84E00F8BD00BF622221464B
:100A1000304615F0A5F800900098C0B2296991F809
:100A20004E1010FB01F00012EEE72146304614F0A4
:100A3000E3FFE9E770B504460E46002513E0E068E1
:100A400000EBC5004068C0F3006058B1E06800EBFF
:100A5000C500406820F07F40B04203D1E06850F804
:100A6000350070BD6D1C608DC0F30510A842E6D83E
:100A7000608D0009401C618D60F30911618500BF24
:100A8000608DC0F3051018B900BF00BF00BFFEE7BE
:100A900000BF628DC2F30512D100E06818F024FA9D
:100AA000E06000BFE06818B900BF00BF00BFFEE70C
:100AB00000BF608DC0F30510451E1AE0681EE16896
:100AC00001EBC0004068C0F3006038B9681EE168FF
:100AD00001EBC0004068C0F3406000B10BE0E0688B
:100AE00000EBC5010246681E02EBC00205CA05C143
:100AF0006D1E002DE2D100BFE16801EBC5000821A9
:100B000012F038FE0C2012F031FCE16841F835009B
:100B1000E16851F8350018F0F3FDE06800EBC5001E
:100B2000406820F0807000F18070E16801EBC50141
:100B30004860E06800EBC500406866F31700E168B4
:100B400001EBC5014860E06850F8350089E70246CE
:100B50000B69D06A1844001F704700002DE9FF5F41
:100B600007468946904697F840402146484608F097
:100B7000E1FF8246072C01D102200DE0082C01D1B3
:100B8000042009E0092C01D1102005E00A2C02D133
:100B90004FF4807000E000204FEA800BBAF1000FA4
:100BA00005D100BF00BF002004B0BDE8F09FB86AC7
:100BB000C068A0EB0B00B0FBFAF5454500DD4546EB
:100BC00000200090029001902E4600BF701E0390FE
:100BD0000C496A464869352108F070F9684605F005
:100BE000F7FEA84200DC02E0761E002EEEDC00BF1D
:100BF000002E03DC00BF00BF0020D5E70398451C92
:100C00002846D1E7B80B012030B50446481CE568FA
:100C100035F8100035F81150401B1060A06830F80E
:100C200011001860E06830F811006568284430BD94
:100C30002DE9FF4F85B005461746384681101E291D
:100C400000D91F2100BF012000FA01FA069817F011
:100C500037FC0490069817F037FC80466FEA0800CE
:100C600080B2039095F82A00C0F3C00002904FF0C4
:100C7000FF300190002431E0E86800EBC4067068A2
:100C8000C0F3406000B92EE0029800B125E0706822
:100C9000C0F3806000B120E0E96801EBC40149685D
:100CA00021F07F4017F00CFC834604998B4500D05F
:100CB00013E03068406800EA0A0000B90DE03068CF
:100CC0003946089A18F086FC8146B9F1010F03D124
:100CD000012009B0BDE8F08F00BF641C688DC0F32F
:100CE0000510A042C8D800BF42E0E86850F83400C0
:100CF000406800EA0A0000B939E0E86800EBC40087
:100D00004068C0F3806000B131E0E86800EBC400E7
:100D10000090E96801EBC401496821F07F4017F0B9
:100D2000CFFB834604998B4500D020E0E96801EBB6
:100D3000C401496821F07F4017F0C6FB06460398BE
:100D4000304000B113E00198864200DC0FE00099CA
:100D500008683946089A18F03DFC8146B9F1010F40
:100D600004D1464501D10120B3E7019600BF641CC0
:100D7000688DC0F30510A042B7D80198002801DBA8
:100D80000120A6E70020A4E72DE9F05F83468A460C
:100D900090461D46404608EBD0714C1008F001000B
:100DA00080F0010958461AF0DAF8AAEB040148432A
:100DB000C61158461AF0DCF8AAEB04014843C711E3
:100DC000002E08DDA6F180000612301B4844286082
:100DD0003019A86008E006F180000612301B286078
:100DE0003019A0EB0900A860002F08DDA7F18000F2
:100DF0000712381B484468603819E86008E007F1BA
:100E000080000712381B68603819A0EB0900E86001
:100E1000BDE8F09F2DE9F0470546884614461E467A
:100E2000404617F04DFB07463346224641462846CA
:100E3000FFF7FEFE8146B9F1010F02D10120BDE8A6
:100E4000F0874FF0000A8B2C04DA2248005D00F096
:100E5000010A09E02048406B30B11F48416BA4F102
:100E60008B00085C00F0010ABAF1000F17D00FB137
:100E7000002700E06D680FE0288D40EA0708334640
:100E8000224641462846FFF7D3FE8146B9F1010FBD
:100E900001D10120D3E76D68002DEDD118E0BFB975
:100EA000012C01D0022C13D129680EE0012C05D1B0
:100EB000886948B1886930600120C0E7C86918B105
:100EC000C86930600120BAE709680029EED100BF87
:100ED0000020B4E7E15F0408B80B012070B50446B8
:100EE0000025204618F02DFB451C284670BD70B526
:100EF00004460E46002510E0E06800EBC50040689F
:100F0000C0F3406040B1E06800EBC500406820F0ED
:100F10007F40B04200D105E06D1C608DC0F305102C
:100F2000A842E9D800BF608DC0F30510A84203D0E5
:100F3000E06800EBC50070BD608D0009401C618D4C
:100F400060F30911618500BF608DC0F3051018B909
:100F500000BF00BF00BFFEE700BF628DC2F30512F5
:100F6000D100E06817F0C0FFE060608DC0F30510AD
:100F7000451E09E0E06800EBC5010246681E02EB71
:100F8000C00205CA05C16D1E002DF3D10821E0681D
:100F900012F0F0FB0C2012F0AFF9E1680860E16894
:100FA000086818F0ADFBE068406820F0007000F1C0
:100FB0000070E1684860E068406866F31700E16827
:100FC0004860E068B7E72DE9F047054689462E46B8
:100FD00000BF1EB900BF00BF00BFFEE700BF06F1A3
:100FE000300012F076F8044612E027686968386924
:100FF00006F002FC8046404606F008FC10B9404668
:10100000BDE8F087214606F1300012F05CF8044696
:10101000002CEAD10020F3E7704770477047704713
:101020002DE9FC5F0446894615461E4601202870BE
:101030003070B9F1030F03D1204613F049FF02E0ED
:10104000204613F050FF8246B9F1030F4FD100271D
:10105000BAF1010F1FD0BAF1020F23D0BAF1030F7A
:1010600027D10021204614F044FD8346002120466C
:1010700014F055FD0190676904F1140005F0BBFC04
:10108000A0EB0B010198081A009000EBD07007EB61
:1010900060075F440EE00021204614F02AFD6169DC
:1010A000471807E00021204614F039FDE1690F1AC6
:1010B00000E000BF00BF00236FF06042791C2046B3
:1010C000FEF780FF80466FF06041884501D1002027
:1010D00030707A1E00232F492046FEF773FF8046AA
:1010E0006FF06040804501D1002028704FE000275C
:1010F000BAF1010F1FD0BAF1020F23D0BAF1030FDA
:1011000027D10021204614F020FD834600212046EF
:1011100014F0D9FC0190A76904F1140005F058FC03
:10112000A0EB0B010198081A009000EBD07007EBC0
:1011300060075F440EE00021204614F006FDA1691F
:10114000471807E00021204614F0BDFC216A0F1A61
:1011500000E000BF00BF00236FF06042791C204612
:10116000FEF7C0FF80466FF06041884501D1002046
:1011700030707A1E002307492046FEF7B3FF8046F1
:101180006FF06040804501D10020287000BFBDE8AD
:10119000FC9F0000010000E00146302905DB3929F1
:1011A00003DCA1F13000C0B27047612902DBA1F17C
:1011B0002000C1B2412904DB462902DCA1F137003D
:1011C00000E00020C0B2EFE72DE9F04F87B00646FF
:1011D000D6F804A0D6F808B096F82180D6F800908A
:1011E000F0680690B0690590F069049037697069FD
:1011F000039001A807F08EF996F82200002823D169
:101200001FBBB8F1FD0F20DB00251BE000240CE024
:1012100021460598FFF7CFF8C0EB002009F814002D
:10122000FF2009EB44014870641C5445F0DB48463C
:101230000699FDF701FD8146DDE90410FDF7FCFC90
:1012400005906D1C5D45E1DBB8E047BBB8F1FD0FD3
:1012500025DA002520E0002411E021460598FFF75B
:10126000AAF8C0EB0020C0B28DF800008DF8018014
:1012700009EB440101AA009806F03CFC641C5445AB
:10128000EBDB48460699FDF7D7FC8146DDE9041003
:10129000FDF7D2FC05906D1C5D45DCDB8EE05FB395
:1012A000B8F1FD0F28DB002523E0002412E02146E1
:1012B0000598FFF780F8C0EB0020C0B28DF8000061
:1012C000385D8DF8010009EB440101AA009806F091
:1012D00011FC641C5445EADB48460699FDF7ACFC5A
:1012E0008146DDE90410FDF7A7FC0590039807444B
:1012F0006D1C5D45D9DB61E077B3B8F1FD0F2BDAEA
:10130000002526E0002415E021460598FFF753F854
:10131000C0EB0020C0B28DF80000385D00FB08F083
:1013200000128DF8010009EB440101AA009806F0B3
:10133000E1FB641C5445E7DB48460699FDF77CFC5D
:101340008146DDE90410FDF777FC0590039807441A
:101350006D1C5D45D6DB31E000252DE000241BE04F
:1013600021460598FFF727F8C0EB0020C0B28DF8A2
:10137000000017B98DF8018005E0385D00FB08F02A
:1013800000128DF8010096F8222009EB440001AB11
:101390000099FAF7DBFA641C5445E1DB0FB10398BE
:1013A000074448460699FDF747FC8146DDE90410ED
:1013B000FDF742FC05906D1C5D45CFDB07B0BDE835
:1013C000F08F2DE9F04F8BB00746D7F804B0B8681E
:1013D0000A9097F821A0D7F80090F8680990B869AA
:1013E0000890F8690790D7F810807869069097F808
:1013F000220000287DD1B8F1000F31D1BAF1FD0FE4
:101400002EDB002428E00025002618E0314608984D
:10141000FEF7E6FFC0EB0020C0B2059009EB8501A6
:101420000598C87009EB85010598887009EB85015E
:1014300005984870059809F825006D1C761C5E45D6
:10144000E4DB48460999FDF7FDFB8146DDE907101D
:10145000FDF7F8FB0890641C0A988442D3DBD4E0C3
:10146000B8F1000F28D1BAF1FD0F25DA00241FE0F2
:10147000002500260FE031460898FEF7B1FFC0EBCB
:101480000020C0B2059009EB85015246059806F090
:101490002AFE6D1C761C5E45EDDB48460999FDF77A
:1014A000D1FB8146DDE90710FDF7CCFB0890641CF9
:1014B0000A988442DCDBA8E0B8F1000F2DD0BAF125
:1014C000FD0F2ADB002424E00025002610E0314631
:1014D0000898FEF785FFC0EB0020C0B2059018F811
:1014E000062009EB8501059806F0FDFD6D1C761CB4
:1014F00000E044E05E45EADB48460999FDF7A2FBBF
:101500008146DDE90710FDF79DFB089006988044B1
:10151000641C0A988442D7DB77E0B8F1000F74D0DE
:10152000BAF1FD0F71DA002425E00025002613E052
:1015300031460898FEF754FFC0EB0020C0B205907A
:1015400018F8060000FB0AF0021209EB8501059865
:1015500006F0C9FD6D1C761C5E45E9DB484609991D
:10156000FDF770FB8146DDE90710FDF76BFB089086
:1015700006988044641C0A988442D6DB45E001A8A2
:1015800006F0EDFF00243CE00025002627E0314670
:101590000898FEF725FFC0EB0020C0B28DF81600BA
:1015A0009DF816008DF815009DF816008DF81400B2
:1015B000B8F1000F02D18DF817A006E018F8050069
:1015C00000FB0AF000128DF8170097F8222009EBB3
:1015D000850001AB0599FAF713FA6D1C761C5E4580
:1015E000D5DBB8F1000F01D0069880444846099930
:1015F000FDF728FB8146DDE90710FDF723FB089086
:10160000641C0A988442BFDB00BF0BB0BDE8F08FBA
:101610002DE9F04F8BB00646D6F804B0B0680A90BA
:1016200096F821A030680990F0680890B06907909A
:10163000F0690690D6F8108070690590706AC1173D
:1016400000EB5171C910A0EBC10996F822000028E7
:1016500076D1B8F1000F2AD1BAF1FD0F27DB0025B2
:1016600021E00024002711E039460798FEF7CDFE5F
:1016700028B104EB0901099824F0D1FB04E004EB44
:1016800009010998FBF7CEFD641C7F1C5F45EBDB6D
:10169000DDE90810FDF7D9FA0990DDE90610FDF73C
:1016A000D4FA07906D1C0A988542DADB1CE1B8F188
:1016B000000F3DD1BAF1FD0F3ADA002534E00024E5
:1016C000002724E039460798FEF79FFE049004EBBC
:1016D00009010998FEF799FE0390049800FB0AF0AF
:1016E000CAF1FF02039901FB0200C0B20290029806
:1016F0007F2805DD04EB0901099824F090FB04E044
:1017000004EB09010998FBF78DFD641C7F1C5F4504
:10171000D8DBDDE90810FDF798FA0990DDE906103D
:10172000FDF793FA07906D1C0A988542C7DBDBE052
:10173000B8F1000F45D0BAF1FD0F42DB00253CE0C7
:101740008FE00024002729E018F8070004903946AC
:101750000798FEF75AFE039004EB09010998FEF77B
:1017600054FE0290DDE9030110FB01F10498C0F181
:10177000FF02029810FB0210C0B2019001987F286E
:1017800005DD04EB0901099824F049FB04E004EBB2
:1017900009010998FBF746FD641C7F1C5F45D3DBFC
:1017A000DDE90810FDF751FA0990DDE90610FDF7B3
:1017B0004CFA0790059880446D1C0A988542C0DB5E
:1017C00092E0B8F1000FB2D0BAF1FD0FAFDA002508
:1017D00043E00024002731E018F807000490049843
:1017E00000B929E039460798FEF70FFE039004EB95
:1017F00009010998FEF709FE0290049800FB0AF01F
:10180000001201900199039841430198C0F1FF0231
:10181000029800FB0210C0B2009000987F2805DDFE
:1018200004EB0901099824F0FAFA04E004EB090139
:101830000998FBF7F7FC00BF641C7F1C5F45CBDBFE
:10184000DDE90810FDF701FA0990DDE90610FDF762
:10185000FCF90790059880446D1C0A988542B8DB16
:1018600042E000253CE00024002727E039460798A5
:10187000FEF7CBFDC0EB0020C0B28DF812009DF842
:1018800012008DF811009DF812008DF81000B8F1CB
:10189000000F02D18DF813A006E018F8040000FB39
:1018A0000AF000128DF8130096F8223004EB0901BB
:1018B000049A0998FAF773F9641C7F1C5F45D5DB1D
:1018C000B8F1000F01D005988044DDE90810FDF75C
:1018D000BCF90990DDE90610FDF7B7F907906D1C1A
:1018E0000A988542BFDB00BF0BB0BDE8F08F2DE941
:1018F000F04F87B00646D6F804B0B068069096F868
:101900002190D6F800A0F0680590B0690490F069C5
:10191000039037697069029096F8220000287ED102
:1019200057BBB9F1FD0F27DB002421E04FF0000881
:10193000002510E029460498FEF77CFDC0EB00204E
:10194000C0B201900AEB08014A46019806F003FC78
:1019500008F101086D1C5D45ECDB50460599FDF76B
:1019600077F98246DDE90310FDF772F90490641CF3
:1019700006988442DADBCEE057BBB9F1FD0F27DAD7
:10198000002421E04FF00008002510E029460498CB
:10199000FEF750FDC0EB0020C0B201900AEB080139
:1019A0004A46019806F0D7FB08F101086D1C5D4519
:1019B000ECDB50460599FDF74BF98246DDE9031053
:1019C000FDF746F90490641C06988442DADBA2E035
:1019D00037B3B9F1FD0F2CDB002426E04FF00008EF
:1019E000002510E029460498FEF724FDC0EB0020F6
:1019F000C0B201907A5D0AEB0801019806F0ABFBDA
:101A000008F101086D1C5D45ECDB50460599FDF7BA
:101A10001FF98246DDE90310FDF71AF901E03AE00B
:101A200007E0049002980744641C06988442D5DBC2
:101A300071E0002F6FD0B9F1FD0F6CDA002426E0C1
:101A40004FF00008002513E029460498FEF7F2FC49
:101A5000C0EB0020C0B20190785D00FB09F00212DB
:101A60000AEB0801019806F076FB08F101086D1CED
:101A70005D45E9DB50460599FDF7EAF88246DDE968
:101A80000310FDF7E5F8049002980744641C0698DB
:101A90008442D5DB3FE0002439E04FF00008002508
:101AA00025E029460498FEF7C5FCC0EB0020C0B233
:101AB0008DF806009DF806008DF805009DF80600DB
:101AC0008DF8040017B98DF8079006E017F80800A4
:101AD00000FB09F000128DF8070096F822200AEBAF
:101AE00008000199FAF7BDF808F101086D1C5D4581
:101AF000D7DB0FB10298074450460599FDF7A8F8C7
:101B00008246DDE90310FDF7A3F80490641C0698F3
:101B10008442C2DB00BF07B0BDE8F08F2DE9F04F73
:101B200089B08046D8F804000890D8F808000790DB
:101B300098F82190D8F80050D8F80C000690D8F802
:101B400018000590D8F81C000490D8F81070D8F848
:101B50001400039098F82200002867D177BBB9F1F0
:101B6000FD0F2BDB002625E000240020029013E06F
:101B700002990598FEF773FCC0EB002000F0FF0A05
:101B8000504603F0D8FF834606F06BFD25F814009D
:101B9000641C0298401C029008988442E8DB2846A6
:101BA0000699FDF758F80546DDE90410FDF753F8EE
:101BB0000590761C07988642D6DBBAE1AFBBB9F137
:101BC000FD0F34DA00262CE00024002002901AE0F9
:101BD00002990598FEF743FCC0EB002000F0FF0AD5
:101BE00035F8140006F03DFD4A4601460190504686
:101BF00006F0F2F9834606F034FD25F81400641C63
:101C00000298401C029008988442E1DB284606991D
:101C1000FDF721F80546DDE90410FDF71CF80590F5
:101C2000761C07988642CFDB83E100E076E0BFB305
:101C3000B9F1FD0F35DB00262EE0002400200290D4
:101C40001AE002990598FEF70AFCC0EB002000F0AC
:101C5000FF0A35F8140006F004FD01903A5D0146D4
:101C6000504606F0B9F9834606F0FBFC25F814004F
:101C7000641C0298401C029008988442E1DB2846CC
:101C80000699FCF7E8FF0546DDE90410FCF7E3FFE1
:101C9000059003980744761C07988642CDDB48E1FF
:101CA000FFE7002F89D0B9F1FD0F86DA002631E079
:101CB0000024002002901DE002990598FEF7CFFB5A
:101CC000C0EB002000F0FF0A35F8140006F0C9FC54
:101CD0000190385D00FB09F002125046019906F0B0
:101CE0007BF9834606F0BDFC25F81400641C0298BD
:101CF000401C029008988442DEDB28460699FCF7D7
:101D0000AAFF0546DDE90410FCF7A5FF059003983E
:101D10000744761C07988642CADB0AE1002604E1E4
:101D2000002400200290EEE0002001900299059826
:101D3000FEF795FBC0EB0020C0B2009098F822009F
:101D4000012806D0022820D0032839D004287CD1CD
:101D500066E035F8140006F084FC8246009803F033
:101D6000EAFE50444FF6FF71884209DA35F8140054
:101D700006F077FC8246009803F0DDFE504401E057
:101D80004FF6FF7080B2019075E035F8140006F050
:101D900068FC8246009803F0CEFEAAEB0000002803
:101DA0000ADD35F8140006F05CFC8246009803F06A
:101DB000C2FEAAEB000000E0002080B201905AE0D1
:101DC00035F8140006F04DFC4FEAE02A009803F0C5
:101DD000B2FEC0101AFB00F0C0064FEA104A35F8F8
:101DE000140006F03EFCC0F3451B009803F0A3FE70
:101DF000C0F385001BFB00F080114AEA401A35F859
:101E0000140006F02EFC00F01F0B009803F093FE68
:101E100000F01F001BFB00F04AEA601001902AE06E
:101E200035F8140006F01DFC8246009803F083FE8E
:101E3000AAEB000000280CDD35F8140006F011FCB8
:101E40008246009803F077FE00E00FE0AAEB000066
:101E500009E0009803F06FFE824635F8140006F0A2
:101E600000FCAAEB000080B2019004E000BF00BFBC
:101E700009B0BDE8F08F00BF47B9B9F1FD0F05DB30
:101E8000019806F0EEFB25F8140038E097B9B9F197
:101E9000FD0F0FDA35F8140006F0E3FB83464A46DF
:101EA0005946019805F000FE824606F0DAFB25F857
:101EB000140024E0B9F1FD0F0FDB35F8140006F033
:101EC000D0FB83463A5D5946019805F0EDFD824608
:101ED00006F0C7FB25F8140011E035F8140006F0F1
:101EE000C0FB8346385D00FB09F002125946019899
:101EF00005F0DAFD824606F0B4FB25F81400641CF8
:101F00000298001D029008988442FFF60DAF284603
:101F10000699FCF7A0FE0546DDE90410FCF79BFEE0
:101F200005900FB103980744761C07988642FFF688
:101F3000F7AE00BF9CE72DE9F04F89B08046D8F896
:101F400004000890D8F80800079098F82190D8F875
:101F50000050D8F80C000690D8F818000590D8F872
:101F60001C000490D8F81070D8F81400039098F86A
:101F7000220000287DD14FBBB9F1FD0F26DB0026E2
:101F800020E00024A2460FE051460598FEF77CFAB7
:101F9000C0EB002000F0FF0B584603F0D8FD25F8F9
:101FA0001400641C0AF1010A08988442ECDB2846FC
:101FB0000699FCF753FE0546DDE90410FCF74EFEDA
:101FC0000590761C07988642DBDB63E167BBB9F1BD
:101FD000FD0F29DA002623E00024A24612E0514634
:101FE0000598FEF751FAC0EB002000F0FF0B35F822
:101FF00014104A46584606F021F825F81400641CCF
:102000000AF1010A08988442E9DB28460699FCF7A0
:1020100025FE0546DDE90410FCF720FE0590761C40
:1020200007988642D8DB35E187B3B9F1FD0F2EDB87
:10203000002627E00024A24612E051460598FEF74C
:1020400023FAC0EB002000F0FF0B3A5D35F81410C6
:10205000584605F0F3FF25F81400641C0AF1010A44
:1020600008988442E9DB28460699FCF7F7FD054607
:1020700000E040E0DDE90410FCF7F0FD0590039876
:102080000744761C07988642D4DB03E1FFE7002F64
:102090009BD0B9F1FD0F98DA002628E00024A24673
:1020A00015E051460598FEF7EFF9C0EB002000F06F
:1020B000FF0B385D00FB09F0021235F8141058468A
:1020C00005F0BCFF25F81400641C0AF1010A089809
:1020D0008442E6DB28460699FCF7C0FD0546DDE9AB
:1020E0000410FCF7BBFD059003980744761C079885
:1020F0008642D3DBCEE00026C8E00024A246B3E04F
:102100000020029051460598FEF7BEF9C0EB002072
:10211000C0B2019098F82200012806D002281AD0F7
:1021200003282BD004286AD151E0019803F00FFD59
:1021300035F8141008444FF6FF71884206DA01980A
:1021400003F005FD35F81410084401E04FF6FF7068
:1021500080B2029058E0019803F0F9FC35F81410B1
:10216000081A002806DD019803F0F1FC35F8141078
:10217000081A00E0002080B2029045E0019803F0C8
:10218000E6FCC01035F81410C91210FB01F0C006AF
:102190004FEA104B019803F0DAFCC0F3850035F8E4
:1021A0001410C1F3451110FB01F080114BEA401BE4
:1021B000019803F0CCFC00F01F0015F8141001F09A
:1021C0001F0110FB01F04BEA601002901CE0019827
:1021D00003F0BDFC35F81410081A002806DD01983C
:1021E00003F0B5FC35F81410081A05E0019803F067
:1021F000AEFC35F81410401A80B2029004E000BF23
:1022000000BF09B0BDE8F08F00BF37B9B9F1FD0FCD
:1022100003DB029825F8140023E05FB9B9F1FD0F44
:1022200008DA35F814104A46029805F03DFC25F806
:10223000140016E0B9F1FD0F08DB3A5D35F8141013
:10224000029805F031FC25F814000AE0385D00FB27
:1022500009F0021235F81410029805F025FC25F853
:102260001400641C0AF1040A08988442FFF648AF7F
:1022700028460699FCF7F2FC0546DDE90410FCF758
:10228000EDFC05900FB103980744761C0798864231
:10229000FFF633AF00BFB4E72DE9F04F87B0074634
:1022A0008B4678680690B868059097F82190D7F823
:1022B00000A0F8680490B8690390F8690290D7F814
:1022C00010807869019097F8220000287ED1B8F13B
:1022D000000F2ED1B9F1FD0F2BDB002425E00026E5
:1022E000002514E029460398FEF7E3F8C0EB002030
:1022F000C0B20090B11C00980AF80100711C00984F
:102300000AF8010000980AF806005E446D1C069861
:102310008542E7DB50460499FCF7A3FC8246DDE9E1
:102320000210FCF79EFC0390641C05988442D6DBE7
:10233000D3E0B8F1000F29D1B9F1FD0F26DA00245E
:1023400020E0002600250FE029460398FEF7B1F8AB
:10235000C0EB0020C0B200900AEB06014A4600988C
:1023600005F09EFE5E446D1C06988542ECDB5046EF
:102370000499FCF776FC8246DDE90210FCF771FC5B
:102380000390641C05988442DBDBA6E0B8F1000FE3
:102390002ED0B9F1FD0F2BDB002425E0002600250F
:1023A00010E029460398FEF784F8C0EB0020C0B285
:1023B000009018F805200AEB0601009805F070FE61
:1023C0005E446D1C06988542EBDB00E043E050461E
:1023D0000499FCF746FC8246DDE90210FCF741FC5B
:1023E000039001988044641C05988442D6DB74E015
:1023F000B8F1000F71D0B9F1FD0F6EDA002426E0BC
:102400000026002513E029460398FEF752F8C0EB9A
:102410000020C0B2009018F8050000FB09F002127D
:102420000AEB0601009805F03BFE5E446D1C069821
:102430008542E8DB50460499FCF713FC8246DDE94F
:102440000210FCF70EFC039001988044641C059870
:102450008442D5DB41E000243CE00026002526E054
:1024600029460398FEF725F8C0EB0020C0B28DF88E
:1024700002009DF802008DF801009DF802008DF821
:102480000000B8F1000F02D18DF8039006E018F8B3
:10249000050000FB09F000128DF8030097F82220D8
:1024A0000AEB06000099F9F71CFC5E446D1C0698C7
:1024B0008542D5DBB8F1000F01D001988044504629
:1024C0000499FCF7CEFB8246DDE90210FCF7C9FB5C
:1024D0000390641C05988442BFDB07B0BDE8F08F11
:1024E000FFB585B007460D4614460E9E206950B1D3
:1024F0002069806C04905DB129463846049A15F035
:10250000EFFE049004E02946384613F06DFB04907A
:10251000002E0FDD9DF8130000280BDD31460898D2
:1025200006F0B7F801460390049806F02BF80290E5
:1025300009B0F0BD9DF81300002801DD0498F7E70D
:102540003146089806F0A5F80190F1E72DE9F04131
:1025500006460C4615461F46BC421FD1012C11D120
:102560002946304616F0C0FF8046B8F1000F08D06B
:10257000B8F1000F02DD0120BDE8F0814FF0FF301F
:10258000FAE709E044B9AE4206D0AE4201D90120D3
:10259000F2E74FF0FF30EFE70020EDE7BC4201DD4E
:1025A0000120E9E74FF0FF30E6E72DE9F04106466C
:1025B0000C4615461F46BC421FD1012C11D129469D
:1025C000304616F091FF8046B8F1000F08D0B8F100
:1025D000000F02DD0120BDE8F0814FF0FF30FAE787
:1025E00009E044B9AE4206D0AE4201D90120F2E77B
:1025F0004FF0FF30EFE70020EDE7BC4201DD0120A6
:10260000E9E74FF0FF30E6E770B504460D462B7A58
:10261000217A6A686068FFF799FF70BD70B504465B
:102620000E46E5681021284607F093F910B12846B8
:1026300007F08CF8207A012802D160680EF0A0F82B
:1026400070BD00002DE9F04F87B007460E460C2103
:10265000304611F0C5F8D7F80C803D7C3DB94146B5
:10266000086918B9002007B0BDE8F08F00BF012D40
:1026700001D100BF01E000BF00BF0FF015F8814697
:10268000B9F1000F28D0012D26D18DF80850CDF8D2
:1026900004804E490022D1F8300101A904F0E6FF80
:1026A0008246BAF1000F16D0504605F09AF88346DC
:1026B000DBE90312DBF8080086E80700DBF81440CA
:1026C00042490022D1F83001514605F0F5F800BF2B
:1026D00000BF2046C7E700BF012D0ED102224146B0
:1026E00007F114000EF038F98246BAF1000F03D05A
:1026F00000BF00BF0020B6E700BF354810F0C4FCA3
:10270000044627E0206800B36068F0B1002211465B
:1027100007F114000EF0B8FA324639462046236815
:1027200098478246BAF1010F0CD1308980B240B986
:1027300000BF00BF304600F0BDF9B16860F30F0183
:10274000B16009E000BF00BF00BF2146204810F083
:10275000B3FC0446002CD5D100BF0CB900BF01E08A
:1027600000BF00BF012D03D107F114000EF038F8AF
:10277000B9F1000F27D0012D25D124B38DF80850D1
:10278000404616F0CAFE0190069496E8070003AB97
:1027900007C30E490022D1F8300101A904F091FFCE
:1027A0008246BAF1000F06D1012D02D101980DF039
:1027B000E7FF002057E705490022D1F830015146D4
:1027C00005F07AF800BF20464DE70000B80B012065
:1027D000D80C012070B504460D462B7921792A6862
:1027E0002068FFF7E2FE70BD70B504460D46207903
:1027F000012802D120680DF0C3FF70BD2DE9F04F14
:1028000095B08346894615461C46DDE91F7A1E9E13
:10281000B9F84C00ADF8480099F84E008DF84A0020
:10282000286B1390686B1490E86A60B11CB127495B
:102830002068884207D112AB2A4649465846CDE95E
:102840000067D0473FE097E80F00CDE91023CDE9BE
:102850000E0170684242306841420EA804F080FACE
:1028600004B90AAC194820606060A060E0604FF0D5
:10287000010824E022460EA928460EF0B1FD80464C
:1028800094E80F00CDE90823CDE9060106A8D6E9B2
:10289000001204F065FAB8F1010F0FD106AA39460B
:1028A00002A804F0BBF840B102A806A912AB2A4660
:1028B000CDE9001049465846D04700BF00BFB8F1E7
:1028C000010FD7D000BF15B0BDE8F08F010000E0C8
:1028D0002DE9FF4F91B00C461E9D206B38B9606BFF
:1028E000B0F5807F03D1A06BB0F5807F01D00120CF
:1028F00000E000200746E06A002801DD012000E03A
:10290000002080461398D0F82CB0DBF81090DA46FF
:10291000BBF8080080B21090BBF80000C0F3072697
:102920002C2105A810F09BFF94F850008DF828008A
:1029300094F8510000F00F008DF83C0010980790BB
:1029400037BBB8F1000F23D10E2E21D1119A3832A6
:10295000294601A804F062F810B915B0BDE8F08F5F
:10296000CDF82C900D9510980E9000200690B4F89C
:102970004C00ADF8290094F84E008DF82B00022091
:102980008DF83000059505A9119809F02FF98FE011
:10299000A7BBB8F1000F32D1142E30D194F84F00FC
:1029A00002282CDC606D48BB284604F011F8049026
:1029B000284604F020F803900995CDF81890CDF83A
:1029C0002C90039910984843BAF8041089B2B0FBD0
:1029D000F1F10B9A049801FB00200B90109840082D
:1029E0000E9005950D9502208DF8300012208DF87F
:1029F000200005A9119809F0F9F859E0FFE79FB9FF
:102A0000B8F1000F10D1062E01D0152E0CD1606D3B
:102A100050B90995CDF8189005958DF8206005A955
:102A2000119809F0E3F843E09FB9B8F1000F10D115
:102A300094F84F0002280CDC606D50B90995CDF870
:102A4000189005958DF8206005A9119809F0CEF829
:102A50002EE08FB9B8F1000F0ED194F84F00022884
:102A60000ADD606D40B91F982B4600902146139AED
:102A700011981CF058FF1BE08FB9B8F1000F0ED071
:102A800094F84F0002280ADC606D40B91F982B466D
:102A900000902146139A11981CF00EFB08E01F9835
:102AA000CDE900502146DDE91323119827F067FC9A
:102AB00000BF52E710B504462088C0F30720142851
:102AC00003D1A0880004C00B10BD2188C1F30720EA
:102AD00005F071FBA18889B24843C01DC008F3E727
:102AE00004460D46164614A10020F0F7B5FA1CA1C5
:102AF0000020F0F7B1FA21460020F0F7ADFA1AA154
:102B00000020F0F7A9FA29460020F0F7A5FA19A14C
:102B10000020F0F7A1FA324619A10020F0F7A9FA37
:102B200000BF502080F31188BFF34F8FBFF36F8F2A
:102B300000BF00BFFEE700000D0A5B415353455242
:102B4000545D20456173794C6F67676572206173CE
:102B500073657274206661696C65640D0A0000001B
:102B6000657870723A2000000D0A66756E633A202F
:102B7000000000000D0A6C696E653A20000000003C
:102B8000256C750D0A00000000BF4FF0FF310D48A5
:102B9000006818F023FE30B10BA10020F0F75CFABA
:102BA000002029F087FB00BF4FF480610F48FCF73D
:102BB000BFF904461CB121460C48FCF703FE002C6B
:102BC000F2D1E2E78401002053656D6170686F7295
:102BD00065206661696C65642E205461736B2064A6
:102BE000656C6574652E0D0A00000000F8AD0020CC
:102BF00010B5FF210020FCF791FE17210120FCF702
:102C00008DFE17210220FCF789FE17210320FCF717
:102C100085FE17210420FCF781FE17210520FCF713
:102C20007DFE10BD0146062910D2DFE801F0030544
:102C300007090B0D002070470120FCE70220FAE78E
:102C40000320F8E70420F6E70520F4E70120F2E787
:102C500030B5DDE9034530BD0146881D072811D296
:102C6000DFE800F00C0A080E061004000020704790
:102C70000220FCE70320FAE70620F8E70520F6E744
:102C80000720F4E70120F2E7014621B101F00040FE
:102C900008B9012070470020FCE7014601F0004020
:102CA00008B900207047881C08B90220FAE7C81C40
:102CB00008B90720F6E7081D08B90320F2E7881DC8
:102CC00008B90520EEE70120ECE70146002903DB07
:102CD000042901DC012070470020FCE7014602487E
:102CE00050F821007047000050E403082DE9F04738
:102CF0000646701C18B94FF0FF30BDE8F0870EB9DA
:102D00000020FAE718F089FB8146B9F1000F01D1E4
:102D10000020F2E7A6FB092040F2E733D71840F184
:102D200000015A1C00233846EDF7B4FA04460D465C
:102D30006FF001030022181BAA4101D21846DCE7FC
:102D40002046DAE70948006840F0807007490860CB
:102D50000748006800F0010038B9002004494860C5
:102D60000846006840F0010008607047FCED00E094
:102D7000001000E0044A516800BF034A5268521A2A
:102D80008242FAD370470000001000E0FEB505460D
:102D90000E4614463DB134B1206820B1A08825F01C
:102DA00061F8012801D00320FEBD00960348019080
:102DB00002946946284619F0CDFBF5E724E40308A0
:102DC00070B586B005460C46164605B114B9032009
:102DD00006B070BD01940296054803900548049022
:102DE0000548059001A928461AF06AFCF0E70000A2
:102DF00034E4030848E40308200100202DE9F043EF
:102E00008BB007460D4616461C46DDE912891CB9F3
:102E100003200BB0BDE8F0830195029694E807000B
:102E200003AB07C307480690074807900748089078
:102E3000CDF82480CDF8289001A938461BF0B3F9CD
:102E4000E7E70000FCE3030810E40308FC000020AF
:102E50002DE9F04104460D46D4F8240118B900BF0D
:102E600000BFBDE8F081D4F82401296B50F831602F
:102E7000D4F82401296B00EBC100476895F82000C5
:102E800038B195F82000012801D100BF01E000BF52
:102E900000BF95F82000012808D1E06BB04202D1B4
:102EA000206CB84202D0204600F08AFF204601F094
:102EB000A5F900B1D5E76663A76395F8200001285E
:102EC00003D1204600F090FD02E0204600F078FF9C
:102ED000207A6072204601F091F900B1C1E7616B80
:102EE000E163A16B216400BFBBE7000070B504463D
:102EF0004349886D042113F027F900B970BD40499A
:102F0000886D11F001FE0546D4F8DC0020B1D4F83C
:102F1000DC0011F0F9FD00E000200646B54228D1A2
:102F20004DB13749886D0DF085FF204601F066F9F7
:102F300000285FD0E2E73249D4F8DC00896D88428E
:102F400058D02F494A6D1421D4F8DC0014F0A2FFA8
:102F5000204601F053F900B1D0E729494A6D886D48
:102F6000132114F097FF204601F048F9002841D0C2
:102F7000C4E776B9D4F8DC0058B121494A6D142170
:102F8000D4F8DC0014F086FF204601F037F9E0B1F8
:102F9000B4E7D4F8DC00C0B15EB919494A6D142118
:102FA000D4F8DC0014F076FF204601F027F960B178
:102FB000A4E713494A6D1521D4F8DC0014F06AFF28
:102FC000204601F01BF900B198E745B10C49886D26
:102FD0000DF030FF204601F011F958B18EE7084995
:102FE0004A6D886D132114F055FF204601F006F953
:102FF00000B183E70248816DC4F8DC1000BF7DE7B3
:10300000B80B01202DE9F04704460D4695F8200045
:10301000012805D1E07AC0F3C00008B1BDE8F0870F
:10302000E07AC0F3C00060B1E07A20F00800E072FE
:1030300000202061E07A20F00100E072002084F896
:10304000140194F8148195F8200084F814014FF4C9
:103050008C70E96A0151D4F82091B9F1000F00D1C8
:10306000DCE748460DF06CFFF04988650846806D46
:1030700000B9D3E795F8200008B10020A886EB49F5
:10308000886D802113F07FF880F0010695F820000C
:10309000012856D1B8F1000F53D100BF00BFE0683E
:1030A0002061E86A0A281CD1E049886D13F0B2FB60
:1030B00028B9DE49886D102113F046F808B10120C7
:1030C00000E00020074648460DF032FF00B93FB946
:1030D00036B1D648416D012021F098FF00B99DE737
:1030E00040E1E86A142804D1A88E401E00B2A886E8
:1030F00038E1E86A132804D1A88E401C00B2A886E3
:1031000030E1E86A1B2812D11B2148460DF0B3FFBD
:10311000204601F073F800B180E7002EE0D0C348EC
:10312000416D272021F072FF0028D9D176E748466B
:10313000E96A0DF0A0FF204601F060F80028CFD02A
:103140006CE795F82000012879D1B8F1010FFBD187
:10315000E07A00F00100002856D1D4E9030117F00D
:1031600029FCA18D88424FD9E07A20F00100401C53
:10317000E072E0686061E86A0A283FD1AB498A6D75
:10318000486D08210FF043F8A849486D01F036F862
:1031900000B143E7A549886D13F03CFB28B9A3496A
:1031A000886D102112F0D0FF08B1012000E000204E
:1031B0000746AFB148460DF0CEFE01281DD900BF2D
:1031C00000BF48460DF0B4FE80F0010A5146484663
:1031D0000DF06EFF9549886D202114F08FFB0CE0F7
:1031E0005EB192494A6D886D082114F053FE8F49F3
:1031F000486D01F003F800B110E700BFE07A20F05D
:103200000100401CE072ADE0E07A00F0010000280F
:10321000F9D06169E06817F0CDFBE18D8842F2D901
:10322000E0686061E86A0A280AD1002EEBD07F4886
:10323000416D092021F0EAFE0028E4D1EEE619E014
:10324000E86A142804D1A88E401E00B2A88689E03E
:10325000E86A132804D1A88E401C00B2A88681E039
:103260004846E96A0DF007FF204600F0C7FF002836
:1032700078D0D3E695F82000002873D1B8F1010F7B
:1032800070D100BF00BFE86A0A2865D16749886D20
:1032900013F0C0FA28B96549886D102112F054FF67
:1032A00008B1012000E000200746CFB936B15F48E1
:1032B000416D0B2021F0AAFE00B9AFE6E07A00F0E4
:1032C000010028B926B1204600F008FF00B9A5E6A4
:1032D00086B35648416D0A2021F098FE50BB9DE60A
:1032E00048460DF025FE60B3E07A00F0010020B101
:1032F00048460DF030FE01281DD896B14B48416D6F
:103300000B2021F083FE00B988E6204600F0E6FE9F
:1033100000B983E64548416D0A2021F077FE00B9E7
:103320007CE60A2148460DF0A6FE204600F066FF26
:1033300000B173E60FE03D49886D202114F0DEFAFC
:1033400009E0E07A00F0010028B900BF00BF0121C8
:1033500048460DF0ADFE00BF00202061E07A20F06D
:103360000100E072002031498865A88E78B3484694
:103370000DF0DEFD60B300BF00BFB5F934000028DA
:1033800011DA002709E0142148460DF074FE2046AA
:1033900000F034FF00B141E67F1CB5F93400404233
:1033A000B842F0DC13E0B5F9340000280FDD002747
:1033B00009E0132148460DF05EFE204600F01EFF96
:1033C00000B12BE67F1CB5F93400B842F1DC2AE0ED
:1033D00000BF00BFB5F93400002810DA002708E06C
:1033E00048460DF083FD204600F008FF00B115E6C9
:1033F0007F1CB5F934004042B842F1DC12E0B5F967
:10340000340000280EDD002708E048460DF0F6FCE9
:10341000204600F0F3FE00B100E67F1CB5F9340051
:10342000B842F2DC00BF00BFF8E50000B80B012095
:1034300070B50446D4F8D80000B170BD94F81101FD
:1034400000F0010000B1F8E7D4F8D05003E02846BE
:1034500011F0CFFB054635B14FF40041284612F07C
:1034600073FE0028F3D105B9E7E7E06C002801DD21
:10347000E06C01E0E06C40425049496D91F82A103F
:10348000884211DA206D002801DD206D01E0206DF9
:1034900040424A49496D91F82A10884204DA0021D5
:1034A000C4F8F410C4F8F810D4F8F410E06C014437
:1034B000C4F8F410D4F8F810206D0144C4F8F810E2
:1034C000D4F8F400002802DDD4F8F40002E0D4F8C7
:1034D000F40040423949496D91F82B1088420FDCC5
:1034E000D4F8F800002802DDD4F8F80002E0D4F89F
:1034F000F80040423149496D91F82B1088425ADD5D
:1035000094F8110120F00100401C84F81101D4F856
:10351000F400002802DDD4F8F40002E0D4F8F4004E
:103520004042D4F8F810002902DDD4F8F81002E087
:10353000D4F8F8104942884213DDD4F8F40000288A
:1035400007DD94F8100120F0F000203084F810011D
:103550001AE094F8100120F0F000103084F8100107
:1035600012E0D4F8F800002807DD94F8100120F0EC
:10357000F000803084F8100106E094F8100120F08B
:10358000F000403084F810010C481021426D2846AC
:1035900014F080FC204600F031FE00B14DE70749F1
:1035A0002A46486D10210EF032FE0449486D00F0A5
:1035B00025FE00B141E700BF3FE70000B80B012046
:1035C0002DE9F04704460D4695F82000012805D165
:1035D000E07AC0F3C00008B1BDE8F087E07AC0F33C
:1035E000C00060B1E07A20F00800E07200202061A5
:1035F000E07A20F00100E072002084F81401D4F891
:1036000018914FF48C70E96A0151D4F82081B8F117
:10361000000F00D1E0E740460DF092FC8749886535
:103620000846806D00B9D7E78449886D802112F083
:10363000AAFD80F0010694F8147195F8200084F832
:10364000140195F82000012859D1002F57D100BF4F
:1036500000BFE0682061E86A09280CD100214046DB
:103660000DF026FD40460DF0C9FB204600F0C6FDDA
:10367000002873D0B0E7E86A0B280CD1002140463F
:103680000DF016FD40460DF031FC204600F0B6FD71
:103690000028EED0A0E7002EEBD0E86A0A2810D16F
:1036A0000A2140460DF0E7FC204600F0A7FD00B1DE
:1036B00092E76248416D012021F0A8FC00284DD11D
:1036C0008AE7E86A1B2810D11B2140460DF0D3FC85
:1036D000204600F093FD00B17EE75848416D272059
:1036E00021F094FC0028EAD176E74046E96A0DF023
:1036F000C2FC204600F082FD0028BAD06CE7002E04
:103700006CD095F82000012868D1012F66D1E86AB5
:103710000A2806D14948416D022021F077FC00B902
:103720005AE7E07A00F00100C8B9D4E9030117F0C4
:1037300041F9A18D884212D9E07A20F00100401CA5
:10374000E072E86A0A2874D1E06860613B48416D24
:10375000082021F05BFC00286BD13DE752E0E07AC5
:1037600000F00100002864D06169E06817F022F9D8
:10377000E18D88425DD9E0686061E86A0A2806D177
:103780002E48416D092021F041FCD8BB24E7E86AAE
:1037900009280BD1002140460DF08AFC40460DF06F
:1037A0002DFB204600F02AFD60B315E7E86A0B28E0
:1037B0000BD1002140460DF07BFC40460DF096FBFE
:1037C000204600F01BFDE8B106E74046E96A0DF02F
:1037D00052FC204600F012FDA0B1FDE696B195F82E
:1037E000200078B9012F24D100BF00BFC5F82C906C
:1037F000E86A0A2817D11148416D0B2021F006FC18
:1038000008B9E9E615E0E07A00F0010020B92046A9
:1038100000F064FC00B9DFE60848416D0A2021F0A1
:10382000F5FB00B9D8E600202061E07A20F0010025
:10383000E07200200149886500BFCDE6B80B012089
:1038400070B505460C462E6A616A6964A16AA9646E
:1038500096F8000300F00700022805D096F8000350
:1038600000F00700032809D13068616A401A401E41
:1038700060627168A06A081A401EA06296F8000390
:1038800000F00700012805D096F8000300F00700BB
:10389000032807D1A06A626AA2627168091A491EE8
:1038A000616200BF606A002801DA00BF00BF286AB9
:1038B00005F03BF9616A884201DC00BF00BFA06AE5
:1038C000002801DA00BF00BF286A05F0C6F9A16A26
:1038D000884201DC00BF00BFD5F81C0168B1E86B6D
:1038E000616A884203D1296CA06A814205D0D4E97B
:1038F0000912D5F81C0114F056FB606A6863A16ACE
:10390000A963B4F93410C5F8FC10284600F012F889
:10391000287A012803D1284600F066F802E02846FC
:1039200000F04EFA287A6872696BE963A96B296422
:1039300070BD00002DE9F84F0446D4F8DC500DB9F5
:10394000BDE8F88FD4F8FC0000B9F9E72548856593
:10395000284612F05FFF0646A6B1276B2149886D05
:10396000002112F069F98046D4F8FC00784300FB8E
:1039700008F000F50040001400906946122021F084
:1039800045FB2DE0D4F8FC00002802DD94F8280067
:1039900002E094F8280040428346C4F850B0C4F8CE
:1039A000D05020460DF0EEFE074607B9C8E7D4F820
:1039B00030900021384612F03FF98246D4F8FC00DE
:1039C00000FB09F000FB0AF000F500404FEA204838
:1039D000C4F8C480C4F8CC8020460EF071F900BF52
:1039E00000BFADE7B80B01202DE9F041044600BF50
:1039F00000BFF149D4F8D0008865E07AC0F3C00078
:103A000008B1BDE8F081EC48406D066A0027EA483D
:103A1000806D40B904F1340130461AF017FDE649D3
:103A20008865012711E0D4F8D80070B9E249886DA3
:103A30004FF4005112F088FB38B904F134013046DC
:103A40001AF004FDDC4988650127A7B1D4F8D80035
:103A500088B1D4F8400130B1D849204602F0A6FB25
:103A60000020C4F8400120460EF013FA204600F072
:103A7000C5FB00B1C5E7D048816DD4F8D0008142C4
:103A80007ED0616BE163A16B2164607A08B901208B
:103A900000E0002094F8111160F3820184F8111104
:103AA000D4F8E000F8B1C449D4F8E000896D884248
:103AB00019D022461921D4F8E00014F0EBF9204681
:103AC00000F09CFB00B19CE719212046D4F8E020CF
:103AD0000EF09DFB204600F091FB00B191E7B64847
:103AE000816DC4F8E010D4F8D00068B1D4F8D0509B
:103AF000B1480321426D284614F0CCF9204600F06D
:103B00007DFB00B17DE700BFAB48816DC4F8D010EC
:103B1000816DC4F8D410806D00285FD0E06820610A
:103B2000E07A20F00100E0720021C4F8B810C4F877
:103B3000BC1094F8100120F00F0184F8101100213E
:103B4000C4F8D81094F8100120F0F00184F8101196
:103B500094F8110120F0010184F811110021C4F83A
:103B6000F410C4F8F81094F8110120F0020184F860
:103B700011110021E1642165607A01281ED000E066
:103B80002CE08D49886D802112F0FDFA80F001054E
:103B90009DB18949D4F8E000896D884206D08648F5
:103BA000416D182021F032FA00B92AE78248416DB0
:103BB000012021F02BFA00B923E700BF7E48406DB9
:103BC000C07AC0F3C00000B11BE77B49486DFFF726
:103BD0008DF9204600F012FB00B112E7616BE06B3B
:103BE000091AE164A16B206C091A216594F8B410DC
:103BF00004F1540000EBC101D4E9130205C194F8AB
:103C0000B42004F19400E16840F8221094F8B41054
:103C1000481CC11700EB5171C910A0EBC10184F819
:103C2000B4100021C4F8C010C4F8C410002522E06C
:103C300004F1940252F82510E06816F0BBFE8046AD
:103C400004F1540151F83500414600F0A9FBD4F8C5
:103C5000C0100144C4F8C01004F1540101EBC501C7
:103C60004868414600F09CFB0146D4F8C40001447A
:103C7000C4F8C4106D1C082DDADB04F1B401084649
:103C80000269C068C1E90502E06C002801DDE06C52
:103C900001E0E06C404294F8281088420ADC206D74
:103CA000002801DD206D01E0206D404294F82810CD
:103CB000884206DD94F8110120F00200801C84F88F
:103CC00011013D48806D002873D03B49886D8021EB
:103CD00012F059FA80F0010535B13748416D0220E4
:103CE00021F094F900B98CE63348406DC07AC0F3F6
:103CF000C00000B185E6D4F8D80018B1D4F8D800D7
:103D000014F0DAFA20460DF0DBFF204600F076FAD8
:103D100000B176E62046FFF78BFB204600F06EFAF6
:103D200000B16EE6A07A022808D1606A30B1606AFC
:103D300016F0FCFE10B1606A16F0BAFFD4F8D80095
:103D4000D8B9E07A00F00100B8B9D4E9030116F05F
:103D500031FE1949496D898D88420ED935B1164811
:103D6000416D082021F052F900B94AE6E07A20F0CE
:103D70000100401CE072E0686061D4F8D800B8B976
:103D8000E07A00F0010098B16169E06816F012FE77
:103D90000949496DC98D88420AD93DB10648416D2E
:103DA000092021F033F908B92BE602E0E0686061F0
:103DB00000BF00BF25E60000B80B0120CD4201087E
:103DC0002DE9F04F87B00446E07AC0F3C00038B95F
:103DD000616BE06B884203D1216CA06B814238D0CB
:103DE00004F1E00504F072FE804604F134011AF09B
:103DF0002DFB07462868B8422AD0224618213846AB
:103E000014F048F8204600F0F9F910B107B0BDE809
:103E1000F08F3A46182120460EF0F9F9204600F0BE
:103E2000EDF900B1F2E722461921286814F032F8C2
:103E3000204600F0E3F900B1E8E7192120462A689E
:103E40000EF0E5F9204600F0D9F900B1DEE72F6069
:103E500000BFE07AC0F3C000D8B180494A6D0321A9
:103E6000D4F8D00014F016F8204600F0C7F920B1BD
:103E7000E07A20F00800E072C8E70021C4F8D01012
:103E8000C4F8D410002020616061E07A20F00800BE
:103E9000E0727249D4F8D0008865D4F8D860A07A6E
:103EA000022808D1606A30B1606A16F03FFE10B98E
:103EB000606A16F0E3FE6948806D002873D000BF89
:103EC00000BF6649886D802112F05DF980F0010025
:103ED0000690069830B16148416D0B2021F096F8AC
:103EE00000B993E7069800B3A6B994F81101C0F39E
:103EF0008000D0B1E07A00F0010020B9204600F047
:103F0000EDF800B982E75548416D0A2021F07EF8AE
:103F100058B97BE751480D21426D304613F0BAFF86
:103F2000204600F06BF900B170E70021C4F8D01012
:103F3000002020616061002E7ED080464FF48077A3
:103F4000B9460490059035463EE04FF0000A7022D5
:103F50005146284611F004FE0190019840440FFAA2
:103F600080F8AB465D466E225146284611F0F8FDBA
:103F70000090009801900198002801DD019800E070
:103F800001200390AB464FF0000A5D466F22514678
:103F9000284611F0E5FD0090009801900198002856
:103FA00002DD019801E04AE0012002900398784385
:103FB000001207B20298784300120FFA80F92846DF
:103FC00010F017FE054600BF002DBED107B901272E
:103FD000B9F1000F01D14FF00109B8F1000F05D17F
:103FE000B9F5807F02D1B7F5807F24D0C8F10000F9
:103FF0000FFA80F84FF4803090FBF7F007B24FF4DF
:10400000803090FBF9F00FFA80F9002004A94B46AC
:104010003A46CDE90010414604F1C00014F0DDFD40
:10402000002004A94B463A46CDE90010414604F170
:10403000C80014F0D2FD00E000E000BF00BF56B1A0
:10404000D4F8400110B9204600F072F9204600F083
:10405000D5F800B1DAE600BFD8E60000B80B0120C1
:1040600010B50446E07AC0F34000002833D00021A8
:10407000C4F8D010C4F8D410C4F8D810C4F8E010B4
:1040800016F0A4FCE060E07A20F00100E07200206D
:10409000206160610021C4F8B810C4F8BC1094F825
:1040A000100120F00F0184F810110021C4F8D8107D
:1040B000C4F8C010C4F8C410C4F8F410C4F8F81060
:1040C000E07A20F00200E072E07A20F01000E07266
:1040D00000200149886510BDB80B012070B5044669
:1040E00094F80001401C84F80001D4F80C11E06839
:1040F00016F060FCA18D884203D9012184F80011DB
:104100001BE02078012802D02078032815D1636BAA
:10411000D4F80421D11AD4F80831A26B981A01FB03
:1041200001F200FB002294F8283013FB03F39A42BB
:1041300002DD012384F8003100BFE168C4F80C11EE
:1041400004F5827120460DF0E3FC1548416D042012
:1041500020F05CFF05460DB9284670BD94F80001BB
:10416000401E032190FBF1F201FB120020B1012857
:1041700008D0022812D10BE00948416D052020F03B
:1041800045FFEAE70648416D062020F03FFFE4E7DF
:104190000348416D072020F039FFDEE72846DCE7C1
:1041A000B80B012070B504460D46402128460FF09B
:1041B0007AFB2078012804D1606C6862A16CA96246
:1041C0000CE02078022804D14FF48C700059E8628A
:1041D00004E02078042801D10A20E862606848B130
:1041E0002946204662689047A86B28B916F0EEFB76
:1041F000A86301E000BF00BF70BD00000146C87A9F
:10420000C0F3400010B10020024A9065C87AC0F3A4
:1042100040007047B80B01202DE9F04104460D46DF
:1042200000260027E07A20F00200801CE072264879
:10423000406DA04202D100202349886520780128E2
:1042400002D0207802283DD11DB1D4F8DC00A8426C
:1042500002D10021C4F8DC10D4F8D00078B1D4F831
:10426000D0600021C4F8D01022461721304613F048
:1042700011FE3246172120460DF0C9FF00261DB160
:10428000D4F8D400A84202D10021C4F8D410D4F844
:10429000D80078B1D4F8D8700021C4F8D8102246DC
:1042A0001721384613F0F6FD3A46172120460DF047
:1042B000AEFF00271DB1D4F8E000A84202D10021D2
:1042C000C4F8E010BDE8F081B80B012070B50546D8
:1042D0000E4600BF1DB900BF00BF00BFFEE700BF14
:1042E0002C4620460DF0D5FD94F8100100F00F008B
:1042F00010B1D4F8D80040B9D4F8400128B100BFBB
:1043000000BF0249204601F051FF70BDCD420108B7
:10431000014659B1086838B10023C0F8C030C0F870
:10432000C4300022C0F8402100BF00BF7047000029
:1043300010B598B0044600BF1CB900BF00BF00BF55
:10434000FEE700BF684601F07DFF2146684602F0A7
:1043500040F84FF48061684602F01CF84FF4806228
:104360000021684602F02FF80B49684602F01BF85E
:104370000A49684602F007F80849684602F008F85A
:104380004FF0FF31684602F012F8684602F04EF82E
:10439000C4F8400118B010BDCD4201081143010816
:1043A00010B50246002901DC104610BD632901DB6F
:1043B0000020FAE74802632490FBF4F0C0F5007097
:1043C00000FB02F3D81703EBD0504012EDE7014693
:1043D000C87AC0F30010704770B505462C4600BF80
:1043E000206918B900BF00BF00BFFEE700BF00BFD3
:1043F000A06918B900BF00BF00BFFEE700BF00BF43
:10440000606818B900BF00BF00BFFEE700BF60686A
:1044100018B1206908B1A06908B9002070BD6068B2
:1044200003F0FEF9061D324604F12400216914F060
:1044300079FC08B90020F1E7042104F130000EF006
:104440004EFE0248E0630120E8E7000059D2000870
:10445000F8B50446D4F8D8508021284611F074FEEF
:1044600050B96FF06040034642421146009004F19B
:10447000E40002F082FCA5E0284610F034FD01289B
:1044800004D0022816D0032842D125E0A869411C97
:1044900000236FF060422846FBF724FEC4F8E800D2
:1044A000A869421E00235E492846FBF71BFEC4F89C
:1044B000F00034E000236FF060422846296AFBF7E1
:1044C00011FEC4F8E8000023554928462A6AFBF784
:1044D00009FEC4F8F00022E005F1140002F078FAB9
:1044E000074600EBD7704110A8690E1800236FF043
:1044F0006042711C2846FBF7F5FDC4F8E800721E07
:10450000002347492846FBF7EDFDC4F8F00006E01C
:104510004349C4F8E8104942C4F8F01000BF00BF96
:10452000284610F0D5FC012804D0022814D0032816
:1045300040D123E000236FF0604228466969FBF711
:1045400041FDC4F8E4000023354928466A69FBF7B9
:1045500039FDC4F8EC0034E000236FF060422846D7
:10456000E969FBF72FFDC4F8E40000232C49284635
:10457000EA69FBF727FDC4F8EC0022E005F114001E
:1045800002F039FA074600EBD770696901EB600663
:1045900000236FF06042711C2846FBF713FDC4F83E
:1045A000E400721E00231E492846FBF70BFDC4F8E9
:1045B000EC0006E01A49C4F8E4104942C4F8EC10D3
:1045C00000BF00BF6FF06041D4F8E400884202D120
:1045D0004142C4F8E4106FF06041D4F8E80088422A
:1045E00002D14142C4F8E810D4F8E40010B90C49F3
:1045F000C4F8E410D4F8EC0018B96FF06041C4F8C6
:10460000EC10D4F8E80010B90549C4F8E810D4F863
:10461000F00018B96FF06041C4F8F010F8BD000068
:10462000010000E070B505462C4600BF206918B9AE
:1046300000BF00BF00BFFEE700BF00BFA06918B900
:1046400000BF00BF00BFFEE700BF00BF606818B931
:1046500000BF00BF00BFFEE700BF606818B120695F
:1046600008B1A06908B9002070BD606803F0D8F8EF
:10467000061D324604F12400216914F053FB08B9E9
:104680000020F1E7042104F130000EF028FD02487B
:10469000E0630120E8E700007B7D03082DE9F04797
:1046A00004460D4616461F4604F1380000EBC610BE
:1046B00050F8278000BFB8F1000F03D100BF00BF42
:1046C00000BFFEE700BF00BF1DB900BF00BF00BFB5
:1046D000FEE700BFC5F80880EC60C8F80C5000BFCA
:1046E0002846F7F75DFE82462846F7F759FE8146D1
:1046F0000421F1F7A9FC824503D000BF00BF00BF31
:10470000FEE700BF04F1380000EBC61040F8275068
:104710000121B14020690843206104F1140050F8E0
:1047200026000121B940084304F1140141F8260094
:10473000BDE8F0872DE9FF4106460D46174674682F
:1047400019E0206D042806D0206D022805D194F8C8
:104750005900B84201D124680DE005F1180204F1B6
:104760001801684602F05AF918B1002004B0BDE8FB
:10477000F081246800BF0CB1AC42E2D10120F5E722
:1047800001460A2907D00B2905D00C2903D00D2991
:1047900001D00E2901D1012070470020FCE701461D
:1047A0000AE0886838B18868408EC0F3812002280A
:1047B00001D10120704749680029F2D10020F9E7B2
:1047C00030B5024614460B461D882068A84203D027
:1047D0001D882068401B30BD5D886068401BFAE77B
:1047E00030B5024614460B461D782068A84203D017
:1047F0001D782068401B30BD5D786068401BFAE77B
:104800002DE9F04F87B00646D6F804B0B0680690A0
:1048100096F82180D6F80090F0680590D6F818A098
:10482000F069049037697069039001A803F072FE83
:1048300096F82200002870D107BBB8F1FD0F1DDBF0
:10484000002517E0002408E01AF8040009F8140015
:10485000FF2009EB44014870641C5C45F4DB4846CA
:104860000599FAF7E9F9814650460499FAF7E4F90F
:1048700082466D1C06988542E4DBABE027BBB8F1AD
:10488000FD0F21DA00251BE000240CE01AF80400DB
:104890008DF800008DF8018009EB440101AA009811
:1048A00003F028F9641C5C45F0DB48460599FAF7EB
:1048B000C3F9814650460499FAF7BEF982466D1C49
:1048C00006988542E0DB85E047B3B8F1FD0F26DBB3
:1048D00000251EE000240DE01AF804008DF8000009
:1048E000385D8DF8010009EB440101AA009803F03E
:1048F00001F9641C5C45EFDB48460599FAF79CF921
:10490000814650460499FAF797F98246039807447E
:104910006D1C06988542DDDB5CE02DE0FFE7002F93
:1049200058D0B8F1FD0F55DA002521E0002410E041
:104930001AF804008DF80000385D00FB08F0001242
:104940008DF8010009EB440101AA009803F0D2F8A8
:10495000641C5C45ECDB48460599FAF76DF9814625
:1049600050460499FAF768F98246039807446D1C8B
:1049700006988542DADB2DE0002528E0002416E0C9
:104980001AF804008DF8000017B98DF8018005E0D1
:10499000385D00FB08F000128DF8010096F8222027
:1049A00009EB440001AB0099F6F7D0FF641C5C45AD
:1049B000E6DB0FB10398074448460599FAF73CF93E
:1049C000814650460499FAF737F982466D1C0698DD
:1049D0008542D3DB07B0BDE8F08F2DE9F04F8BB0F7
:1049E000074678680A90B868099097F821B0D7F818
:1049F00000A0F8680890D7F81890F8690790D7F8E1
:104A000010807869069097F8220000287DD1B8F1CF
:104A1000000F2ED1BBF1FD0F2BDB002525E000267A
:104A2000002414E019F804000AEB8601C87019F894
:104A300004000AEB8601887019F804000AEB86016D
:104A4000487019F804000AF82600761C641C0A98BD
:104A50008442E7DB50460899FAF7F4F88246484664
:104A60000799FAF7EFF881466D1C09988542D6DB65
:104A7000BEE0B8F1000F22D1BBF1FD0F1FDA002517
:104A800019E00026002408E00AEB860119F804006A
:104A90005A4603F028FB761C641C0A988442F3DB18
:104AA00050460899FAF7CEF8824648460799FAF731
:104AB000C9F881466D1C09988542E2DB98E0B8F19F
:104AC000000F27D0BBF1FD0F24DB00251CE00026E2
:104AD000002409E018F804200AEB860119F8040004
:104AE00003F001FB761C641C0A988442F2DB5046FA
:104AF0000899FAF7A7F8824648460799FAF7A2F804
:104B00008146069880446D1C00E02FE0099885429C
:104B1000DDDB6DE0B8F1000F6AD0BBF1FD0F67DAA5
:104B200000251FE0002600240CE018F8043003FBE9
:104B30000BF31A120AEB860119F8040003F0D3FAFA
:104B4000761C641C0A988442EFDB50460899FAF7F9
:104B500079F8824648460799FAF774F8814606982C
:104B600080446D1C09988542DCDB41E001A803F01C
:104B7000F6FC002538E00026002422E019F80400A5
:104B80008DF8160019F804008DF8150019F80400C6
:104B90008DF81400B8F1000F02D18DF817B006E0BF
:104BA00018F8060000FB0BF000128DF8170097F8BC
:104BB00022200AEB860001AB0599F6F721FF761C4F
:104BC000641C0A988442D9DBB8F1000F01D0069822
:104BD000804450460899FAF735F8824648460799C6
:104BE000FAF730F881466D1C09988542C3DB00BF97
:104BF0000BB0BDE8F08F2DE9F04F89B0074678681B
:104C00000890B868079097F821A038680690F8686F
:104C10000590D7F818B0F8690490D7F81080786933
:104C20000390786AC11700EB5171C910A0EBC1095C
:104C300097F82200002872D1B8F1000F2AD1BAF1FA
:104C4000FD0F27DB002621E00025002410E01BF8E3
:104C500004007F2805DD05EB0901069821F0DFF847
:104C600004E005EB09010698F8F7DCFA6D1C641CFA
:104C700008988442EBDBDDE90510F9F7E6FF0690C2
:104C800058460499F9F7E1FF8346761C0798864257
:104C9000DADB01E1B8F1000F39D1BAF1FD0F36DAF4
:104CA000002630E0002500241FE005EB09010698EE
:104CB000FBF7ABFBC0EB0020C0B202901BF8040076
:104CC000524602A903F034FA9DF808007F2805DD5A
:104CD00005EB0901069821F0A2F804E005EB0901B3
:104CE0000698F8F79FFA6D1C641C08988442DCDB78
:104CF000DDE90510F9F7A9FF069058460499F9F780
:104D0000A4FF8346761C07988642CBDBC4E0B8F14B
:104D1000000F3FD0BAF1FD0F3CDB002636E07EE00D
:104D20000025002422E01BF80400029005EB090195
:104D30000698FBF76AFBC0EB0020C0B2019018F8A0
:104D4000042001A9029803F0F3F99DF804007F28DC
:104D500005DD05EB0901069821F061F804E005EB9B
:104D600009010698F8F75EFA6D1C641C08988442E5
:104D7000D9DBDDE90510F9F768FF0690584604997C
:104D8000F9F763FF834603988044761C07988642B0
:104D9000C6DB81E0B8F1000F7ED0BAF1FD0F7BDAFF
:104DA000002638E00025002425E01BF804000290CE
:104DB00005EB09010698FBF728FBC0EB0020C0B209
:104DC000019018F8040000FB0AF0021201A90298F1
:104DD00003F0AEF99DF804007F2805DD05EB09011D
:104DE000069821F01CF804E005EB09010698F8F795
:104DF00019FA6D1C641C08988442D6DBDDE90510A5
:104E0000F9F723FF069058460499F9F71EFF8346E9
:104E100003988044761C07988642C3DB3CE000265A
:104E200036E0002421E01BF804008DF80A001BF88E
:104E300004008DF809001BF804008DF80800B8F193
:104E4000000F02D18DF80BA006E018F8040000FB5B
:104E50000AF000128DF80B0097F8223004EB0901DC
:104E6000029A0698F6F79BFE641C08988442DADBE7
:104E7000B8F1000F01D003988044DDE90510F9F77F
:104E8000E4FE069058460499F9F7DFFE8346761C47
:104E900007988642C5DB00BF09B0BDE8F08F2DE959
:104EA000F04F87B00646D6F804B0B068069096F882
:104EB000219030680590F0680490D6F818A0F06949
:104EC000039037697069029096F82200002872D129
:104ED000C7B9B9F1FD0F15DB00250FE05A46514661
:104EE00005980EF0A7FADDE90410F9F7B1FE059078
:104EF00050460399F9F7ACFE82466D1C0698854230
:104F0000ECDBB6E027BBB9F1FD0F21DA00251BE091
:104F10004FF0000800240AE0059A02EB08011AF895
:104F200004004A4603F017F908F10108641C5C45C7
:104F3000F2DBDDE90410F9F78BFE0590504603998A
:104F4000F9F786FE82466D1C06988542E0DB90E00C
:104F500037B3B9F1FD0F23DB00251DE04FF000084A
:104F600000240AE03A5D059B03EB08011AF80400EF
:104F700003F0F1F808F10108641C5C45F2DBDDE99F
:104F80000410F9F765FE059050460399F9F760FEA5
:104F90008246029807446D1C06988542DEDB68E075
:104FA000002F66D0B9F1FD0F63DA002521E04FF044
:104FB000000800240EE020E03B5D03FB09F31A1219
:104FC000059B03EB08011AF8040003F0C4F808F18C
:104FD0000108641C5C45EFDBDDE90410F9F738FEDD
:104FE000059050460399F9F733FE8246029807442C
:104FF0006D1C06988542DADB3BE0002535E04FF07A
:105000000008002421E01AF804008DF806001AF8C0
:1050100004008DF805001AF804008DF8040017B993
:105020008DF8079006E017F8080000FB09F0001261
:105030008DF8070096F82220059901EB08000199E8
:10504000F6F70FFE08F10108641C5C45DBDB0FB1CD
:1050500002980744DDE90410F9F7FAFD059050467F
:105060000399F9F7F5FD82466D1C06988542C6DB6B
:1050700000BF07B0BDE8F08F2DE9F04F8BB082463E
:10508000DAF804000A90DAF8080009909AF821008A
:105090000890DAF80060DAF80C000790DAF818B037
:1050A000DAF81C000690DAF81090DAF8140005908F
:1050B0009AF8220000287DD1B9F1000F27D1089875
:1050C000FD2824DB4FF000081DE0002400200490A0
:1050D0000DE004991BF8010000F02DFD054603F0DA
:1050E000C0FA26F81400641C0498401C04900A9826
:1050F0008442EEDB30460799F9F7ADFD0646069887
:10510000834408F1010809988045DEDBF7E1B9F135
:10511000000F2ED10898FD282BDA4FF0000824E06C
:1051200000240020049014E036F8140003F099FAEB
:10513000074604991BF801003946089A02F04CFF13
:10514000054603F08EFA26F81400641C0498401CEF
:1051500004900A988442E7DB30460799F9F77BFD13
:1051600006460698834408F1010809988045D7DB74
:10517000C5E1B9F1000F33D00898FD2830DB4FF0BE
:10518000000829E000240020049017E036F81400FD
:1051900003F067FA074619F8042004991BF8010088
:1051A000394602F019FF054603F05BFA26F81400B1
:1051B000641C00E04CE00498401C04900A9884426F
:1051C000E4DB30460799F9F746FD06460698834426
:1051D0000598814408F1010809988045D2DB8EE1E9
:1051E000B9F1000F92D00898FD288FDA4FF000082F
:1051F0002AE000240020049018E036F8140003F0A0
:1052000030FA074619F80410089B59430A1204990A
:105210001BF80100394602F0DFFE054603F021FAD3
:1052200026F81400641C0498401C04900A988442D8
:10523000E3DB30460799F9F70EFD064606988344EE
:105240000598814408F1010809988045D1DB56E1B1
:105250000020039080464DE1354630460A9909F01A
:10526000A8FF00240020049032E104981BF80000FD
:10527000C71004981BF80000801002909AF82200D2
:10528000012806D002283DD0032876D004286DD10D
:1052900094E035F8140007EBD0201F2804DA35F825
:1052A000140007EBD02000E01F204FF6FF7101EA49
:1052B000C020039035F81400C0F34511029808444B
:1052C0003F2806DA35F81400C0F345110298084467
:1052D00000E03F20039901EB401080B2039015F8E5
:1052E000140000F01F0038441F2805DA15F81400D8
:1052F00000F01F00384400E01F200399084480B2EA
:105300000390A5E035F81400C7EBD020002804DD99
:1053100035F81400C7EBD02000E000204FF6FF71F5
:1053200001EAC020039035F81400C0F3451102983B
:10533000081A002806DD35F81400C0F3451102985C
:10534000081A00E00020039901EB401080B203909E
:1053500015F8140000F01F00C01B002807DD15F829
:10536000140000F01F00C01B02E006E06BE000200C
:105370000399084480B203906AE035F81400C00A2B
:10538000784340114FF6FF7101EAC020039035F8D1
:105390001400C0F34510029948438111039800EBB3
:1053A000411080B2039015F8140000F01F007843FC
:1053B000039901EB601080B2039049E035F81400C6
:1053C000C7EBD020002804DD35F81400C7EBD0204F
:1053D00003E035F81400A7EBD0204FF6FF7101EA87
:1053E000C020039035F81400C0F345110298081A44
:1053F000002806DD35F81400C0F345110298081A9C
:1054000005E035F81400C0F345110298401A0399DD
:1054100001EB401080B2039015F8140000F01F005B
:10542000C01B002805DD15F8140000F01F00C01B8C
:1054300004E015F8140000F01F00381A039908441E
:1054400080B2039004E000BF00BF0BB0BDE8F08F56
:1054500000BFB9F1000F06D10898FD2803DB0398BF
:1054600026F8140030E0B9F1000F0ED10898FD289D
:105470000BDA36F81410089A039802F015FB019025
:1054800003F0EFF826F814001EE00898FD280CDB66
:1054900019F8042036F81410039802F005FB019067
:1054A00003F0DFF826F814000EE019F80400089B5A
:1054B0005843021236F81410039802F0F5FA0190DE
:1054C00003F0CFF826F81400641C0498001D049023
:1054D0000A988442FFF6C9AE30460799F9F7BBFB3C
:1054E000064606988344B9F1000F01D0059881441F
:1054F00008F1010809988045FFF6AEAE00BF00BF75
:10550000A3E72DE9F04F89B08246DAF8040008904D
:10551000DAF8080007909AF821000690DAF800609F
:10552000DAF80C000590DAF818B0DAF81C000490EC
:10553000DAF81090DAF8140003909AF822000028A4
:105540007DD1B9F1000F24D10698FD2821DB4FF061
:1055500000081AE00024002002900AE002991BF8DB
:10556000010000F0F4FA26F81400641C0298401CB4
:10557000029008988442F1DB30460599F9F76EFBFA
:1055800006460498834408F1010807988045E1DB4A
:10559000D5E1B9F1000F27D10698FD2824DA4FF0A4
:1055A00000081DE00024002002900DE036F81410E1
:1055B000029A1BF80200069A02F040FD26F8140039
:1055C000641C0298401C029008988442EEDB30462E
:1055D0000599F9F743FB06460498834408F101084E
:1055E00007988045DEDBAAE1B9F1000F2CD00698C0
:1055F000FD2829DB4FF0000820E000240020029065
:105600000EE019F8042036F81410029B1BF8030072
:1056100002F014FD26F81400641C0298401C02904D
:1056200008988442EDDB30460599F9F717FB0646EA
:10563000049883440398814408F1010800E034E0B1
:1056400007988045D9DB7AE1B9F1000FA0D0069820
:10565000FD289DDA4FF0000823E00024002002908E
:1056600011E019F80430069D6B431A1236F8141035
:10567000029B1BF8030002F0E1FC26F81400641CF6
:105680000298401C029008988442EADB3046059953
:10569000F9F7E4FA0646049883440398814408F134
:1056A000010807988045D8DB49E100200190804639
:1056B00040E1354600240020029029E102981BF8C1
:1056C0000000C71002981BF80000801000909AF8A4
:1056D0002200012806D002283DD0032876D00428D5
:1056E0006DD194E035F8140007EBD0201F2804DAC0
:1056F00035F8140007EBD02000E01F204FF6FF71B3
:1057000001EAC020019035F81400C0F3451100985B
:1057100008443F2806DA35F81400C0F34511009814
:10572000084400E03F20019901EB401080B2019055
:1057300015F8140000F01F0038441F2805DA15F88A
:10574000140000F01F00384400E01F2001990844B5
:1057500080B20190A5E035F81400C7EBD0200028F6
:1057600004DD35F81400C7EBD02000E000204FF630
:10577000FF7101EAC020019035F81400C0F3451113
:105780000098081A002806DD35F81400C0F345110A
:105790000098081A00E00020019901EB401080B247
:1057A000019015F8140000F01F00C01B002807DD51
:1057B00015F8140000F01F00C01B02E006E06BE0CB
:1057C00000200199084480B201906AE035F8140085
:1057D000C00A784340114FF6FF7101EAC0200190E2
:1057E00035F81400C0F34510009948438111019821
:1057F00000EB411080B2019015F8140000F01F007A
:105800007843019901EB601080B2019049E035F8CE
:105810001400C7EBD020002804DD35F81400C7EBD6
:10582000D02003E035F81400A7EBD0204FF6FF712D
:1058300001EAC020019035F81400C0F3451100982A
:10584000081A002806DD35F81400C0F34511009849
:10585000081A05E035F81400C0F345110098401A05
:10586000019901EB401080B2019015F8140000F08E
:105870001F00C01B002805DD15F8140000F01F00F4
:10588000C01B04E015F8140000F01F00381A01993D
:10589000084480B2019004E000BF00BF09B0BDE839
:1058A000F08F00BFB9F1000F06D10698FD2803DB89
:1058B000019826F8140027E0B9F1000F0BD10698E3
:1058C000FD2808DA36F81410069A019802F0ECF870
:1058D00026F8140018E00698FD2809DB19F80420C2
:1058E00036F81410019802F0DFF826F814000BE0E7
:1058F00019F80400069B5843021236F81410019858
:1059000002F0D2F826F81400641C0298001D0290E0
:1059100008988442FFF6D2AE30460599F9F79EF911
:10592000064604988344B9F1000F01D003988144DE
:1059300008F1010807988045FFF6BBAE00BF00BF25
:10594000ACE72DE9F34F87B0074678680690B86852
:10595000059097F821B0D7F80080F8680490D7F840
:1059600018A0F8690390D7F810907869029097F81A
:105970002200002875D1B9F1000F27D1BBF1FD0F2E
:1059800024DB00251EE00026002410E01AF8041095
:10599000B01C08F800101AF80410701C08F8001069
:1059A0001AF8040008F8060008980644641C0698D3
:1059B0008442EBDB0498804450460399F9F751F98F
:1059C00082466D1C05988542DDDBB1E0B9F1000F20
:1059D00020D1BBF1FD0F1DDA002517E000260024C1
:1059E00009E008EB06011AF804005A4602F058FBD9
:1059F00008980644641C06988442F2DB04988044AC
:105A000050460399F9F72DF982466D1C0598854299
:105A1000E4DB8DE0B9F1000F24D0BBF1FD0F21DBF9
:105A200000251AE0002600240AE019F8042008EBFB
:105A300006011AF8040002F033FB08980644641CBF
:105A400006988442F1DB0498804450460399F9F7A4
:105A500008F98246029881446D1C05988542E1DB75
:105A600066E029E0B9F1000F62D0BBF1FD0F5FDA0B
:105A700000251DE0002600240DE019F8043003FB8A
:105A80000BF31A1208EB06011AF8040002F008FBE7
:105A900008980644641C06988442EEDB049880440F
:105AA00050460399F9F7DDF88246029881446D1C4F
:105AB00005988542DEDB3BE0002535E0002600242A
:105AC00022E01AF804008DF806001AF804008DF898
:105AD00005001AF804008DF80400B9F1000F02D196
:105AE0008DF807B006E019F8060000FB0BF0001275
:105AF0008DF8070097F8222008EB06000199F6F7C9
:105B0000F0F808980644641C06988442D9DBB9F181
:105B1000000F01D0029881440498804450460399B4
:105B2000F9F79FF882466D1C05988542C6DB00BFD9
:105B300009B0BDE8F08F014601F0F800000201F065
:105B4000FC0200EBC20000EBD10080B270470146BE
:105B500001F0F800000201F0FC0200EBC20000EBD3
:105B6000D10080B270472DE9F0438DB006468846DB
:105B700017461C46149D40460EF0BEFF814629463E
:105B800040460EF073FF4A464946284600F039FF6A
:105B9000022F34D1D5E90213D5E90002CDE907136C
:105BA000CDE90502002205A9404610F01EFA05AA1B
:105BB00006F1340109A800F031FF18B900200DB03A
:105BC000BDE8F08309A80FC8CDE90323CDE90101A1
:105BD000022201A9404610F008FA2A4601A901A8AC
:105BE00000F01CFF08B90020E9E701A80FC884E80D
:105BF0000F0005221146204600F003FF16E0012F9A
:105C000010D12A4606F1340109A800F007FF08B9AF
:105C10000020D4E70AA80DC80999C4E90223C4E901
:105C2000001003E000BF00BF0020C8E70120C6E766
:105C30002DE9F84304460D4604F1140000F0C8FEB7
:105C4000074604F1140000F0D6FE8046009594F853
:105C50004C103B464246206803F02DFF064600BF2D
:105C60001EB900BF00BF00BFFEE700BFBDE8F8835C
:105C70002DE9F041044620460EF07BFE0646002545
:105C800007E0A068006850F825703846FFF7F0FF7D
:105C90006D1CB542F5D394F82A0000F0010068B1FC
:105CA000608D20F001006085204611F0C3FB204686
:105CB00011F07AFA16B120460DF092F994F82A0004
:105CC000C0F3400038B1608D20F0020060850021F3
:105CD000204610F0C2FEBDE8F0812DE9F04F85B0FE
:105CE00007468B4691461E460E9DA86A00FB0BF0A8
:105CF00080120490A86A00280DDD0498484516DD3E
:105D000095F83400C0F3400018B1012005B0BDE89B
:105D1000F08F0020FAE70498484508DA95F8340037
:105D2000C0F3400008B10120F0E70020EEE70BEBE4
:105D30000601A86A484380120490A86A00280BDD77
:105D40000498484514DA95F83400C0F3400008B1CF
:105D50000020DBE70120D9E70498484508DD95F8E5
:105D60003400C0F3400008B10020CFE70120CDE7A8
:105D7000A86A002806DD4FEA0920696A48438012B4
:105D8000039006E009F101000002696A48438012AD
:105D900003900398001202900398C0B201900198FA
:105DA00010B94FF0FF0807E00198C0F1FF00296B20
:105DB0004843FF21A1EB20280298A0EB0B04019897
:105DC000D8B1002C18DBB44216DA0198C0F1FF00FC
:105DD000C8F1FF014843FF21A1EB602000F0FF0A5A
:105DE00095F83400C0F3400008B1CAF1FF0A385DED
:105DF000514615F077F93855641C1BE0002C12DB76
:105E0000B44210DA288EA8EB600000F0FF0A95F883
:105E10003400C0F3400008B1CAF1FF0A385D5146B2
:105E200015F060F93855286BA8EB0008641CB442E3
:105E300000DB02E0286B4045E0DB00BFB4421DDA26
:105E4000002C1BDB686A00FB08F0801200900098B1
:105E500000FB08F0C0F3472AA86A002801DACAF15B
:105E6000FF0A95F83400C0F3400008B1CAF1FF0AF8
:105E7000385D514615F036F9385500BF95F83400B5
:105E8000C0F3400068B10298A0EB0B04B44201DDFE
:105E900000203BE7002C0FDB214638460DF0FAFCD2
:105EA0000AE0641C002C01DA00202FE7B44203DC76
:105EB000311B38190DF0EEFC022027E72DE9FF4FCA
:105EC00087B007468A461E46149D686A099948436A
:105ED00080120690686A002802DD0698401C069031
:105EE000069850450ADA95F83400C0F3400018B11E
:105EF00001200BB0BDE8F08F0020FAE7686A09992D
:105F00004843801206900AEB06010698814208DA9F
:105F100095F83400C0F3400008B10020E9E7012003
:105F2000E7E709980002696A4843801205900598DE
:105F30004FEA202B0598C0B204900998401C00023B
:105F4000696A4843801203900398001202900398F4
:105F5000C0B20190ABEB0A040298834509D0686A8D
:105F6000002806DA049820B9FF200490DDF808B074
:105F7000641E0298834534D1002C12DBB44210DA3F
:105F8000019904980844C0F3470895F83400C0F319
:105F9000400008B1C8F1FF08385D414615F0A2F88D
:105FA0003855641C95F83400C0F3400060B1ABEB89
:105FB0000A04B44201DB00209BE7002C03DB2146EE
:105FC00038460DF067FCC9E0B44200DD34460CB938
:105FD00000208EE7002CF6DD311B38190DF05AFC3D
:105FE000BCE0686A00285ADAA86A4042049948432B
:105FF0004FEAA029002C12DBB44210DA049809FB06
:1060000000F0C0F3472895F83400C0F3400008B111
:10601000C8F1FF08385D414615F064F83855641E34
:10602000C9F1FF00696A4942484380120090002C80
:1060300016DBB44214DAC9F1FF0000994843FF218E
:10604000A1EB602000F0FF0895F83400C0F3400099
:1060500008B1C8F1FF08385D414615F043F83855DE
:10606000A41C95F83400C0F3400068B1ABEB0A0003
:10607000441EB44201DD344610E0002C0EDD214602
:1060800038460DF007FC09E0B44201DD012030E79D
:10609000002C03DB311B38190DF0FCFB5DE004988C
:1060A000C0F1FF00A96A48434FEAA029002C17DB82
:1060B000B44215DA0498C0F1FF0000FB09F0FF219B
:1060C000A1EB602000F0FF0895F83400C0F3400019
:1060D00008B1C8F1FF08385D414615F003F838559E
:1060E000641CC9F1FF00696A484380120090002CCB
:1060F00013DBB44211DAC9F1FF0000994843C0F341
:10610000472895F83400C0F3400008B1C8F1FF08F3
:10611000385D414614F0E6FF3855641C95F83400AC
:10612000C0F3400060B1ABEB0A04B44201DD0020D3
:10613000DFE6002C10DB214638460DF0ABFB0BE010
:10614000B44200DD34460CB90020D2E6002C03DD59
:10615000311B38190DF09EFB00BF00BF0220C8E6BE
:10616000024600BF00BF00207047000010B560214C
:106170000C480CF0B4FF002221210B4814F04AFC1B
:106180000849B039C1F8AC00F0F7A8F8002005497B
:10619000B03981F8A80000210248B03880F8A91071
:1061A00010BD0000680C01205D6300082DE9F0417E
:1061B00005460E46002714480CF066FF04461DE015
:1061C0004FF000082068A84200D055B96068B0427E
:1061D00000D036B920461AF09FF8F0F77FF8012773
:1061E000B846B8F1000F03D007480CF04DFF03E0AC
:1061F000214605480CF060FF044600BF002CDFD1AB
:106200003846BDE8F0810000680C012070B50646F4
:106210000D460B480CF038FF04460DE02068B042F4
:1062200005D16068A84200D00DB9204670BD214656
:1062300003480CF041FF0446002CEFD10020F5E7A5
:10624000680C012070B5044660252A4600212046CE
:106250000DF05CFA00BF4FF4FA702063002060621A
:106260006420E062012060640448206294F85C00CD
:1062700020F01000103084F85C0070BDE762010867
:106280002DE9F84F04460E4617469846DDF828904B
:106290004FF48060009000231946D4E90C200DF0E3
:1062A0007BF8824643463A4631465046CDF8009048
:1062B00002F03BFA8346616AE06A401A00FB0BF584
:1062C000AD12606A05442846BDE8F88F38B504462B
:1062D0004FF4806040F25123002211460090204686
:1062E000FFF7CEFF38BDF8B504464FF4806000904C
:1062F00000231946D4E90C200DF04EF80646616AD9
:10630000E06A401A00FB06F5AD12606A05442846B3
:10631000F8BD2DE9F04103460C4603F0004010B9EA
:106320001846BDE8F081A01A002801DDA01A00E09F
:10633000101B8446C3F3090764200CFB00F0B0FB7C
:10634000F7F5C3F30951C3F3892601EB8100B5EBDF
:10635000400F01D2284602E001EB8100400006EB2D
:106360008608B0EB480F03D206EB86004000D8E762
:1063700001EB8100B5EB400F01D22846D1E701EBDC
:1063800081004000CDE7016170474A424263704797
:10639000416170470163704790F85C2061F304121B
:1063A00080F85C207047416070470162704741642B
:1063B00070470164704781637047C1637047C16073
:1063C0007047C161704741624FF000438362C2620F
:1063D00070470160704710B5034642F21070834267
:1063E00003D900BF00BF42F2F67342F2107081423F
:1063F00003D900BF00BF42F2F67142F21070824230
:1064000003D900BF00BF42F2F672581D0A24B0FB48
:10641000F4F3481DB0FBF4F1501DB0FBF4F2A007FB
:1064200000EB025000EB8120184410BD70B505460A
:1064300095F85C00C0F3001030B1686808B9A8682E
:1064400010B1284619F0BAFF27480CF050FE044658
:1064500000BF1CB900BF00BF00BFFEE700BF0CB902
:10646000002070BD6022294620460CF0E3FF28681A
:10647000A84200D124601C48B03890F8A9105034CC
:10648000207B61F38200207314F0A0FA2060207B4F
:1064900020F001002073207B503CC0F30010F8B1C5
:1064A000A06950B12046A16988470646606A304419
:1064B0006062E06A3044E06200BF20461AF080F873
:1064C0002046216A8847A062606818B1D4E90002BA
:1064D000A16A9047A06818B12046A268A16A9047B7
:1064E000EFF7FCFE2046BCE7680C01202DE9FC4FCD
:1064F00006460D4617469946162F72D2DFE807F07A
:10650000712C2F414C577285970BB1B7CCDAE0FC58
:10651000FAF9F8F7F6F5304600F06DFA009000EB66
:10652000D0704FEA600B284600F065FA019000EB4E
:10653000D070ABEB6003304600F04AFA009000EBFD
:10654000D0704FEA600B284600F042FA019000EB51
:10655000D070ABEB600432E1002300242FE1304621
:1065600000F049FA009000EBD0704FEA600B28462B
:1065700000F041FA019000EBD070ABEB6003002417
:106580001DE1304600F037FA8346284600F033FA22
:10659000ABEB0003002412E10023304600F018FAB0
:1065A0008346284600F014FAABEB000407E13046BE
:1065B00000F021FA009000EBD0704FEA600B284603
:1065C00000F019FA019000EBD070ABEB600330469D
:1065D00000F0FEF98346284600F0FAF9ABEB000420
:1065E000EDE0E9E0304600F006FA8346284600F088
:1065F00002FAABEB0003304600F0EAF98346284686
:1066000000F0E6F9ABEB0004D9E00023304600F0DF
:10661000DFF9009000EBD0704FEA600B284600F0E5
:10662000D7F9019000EBD070ABEB6004C7E03046C7
:1066300000F0E1F98346284600F0DDF9ABEB0003FA
:10664000304600F0C5F9009000EBD0704FEA600BC7
:10665000284600F0BDF9019000EBD070ABEB600470
:10666000ADE00023284600F0B3F94442A7E03046ED
:1066700000F0C1F9009000EBD0704FEA600B2846A3
:1066800000F0B9F9019000EBD070ABEB6003284645
:1066900000F09EF9444292E0304600F0ACF98346A7
:1066A000284600F0A8F9ABEB0003284600F090F96B
:1066B000444284E00023304600F08AF904467EE03C
:1066C000304600F098F9009000EBD0704FEA600B74
:1066D000284600F090F9019000EBD070ABEB60031E
:1066E000304600F075F9044669E057E041E03AE0D1
:1066F0002BE015E00EE0FFE7304600F07CF9834622
:10670000284600F078F9ABEB0003304600F060F962
:10671000044654E0284600F06EF9434200244EE05F
:10672000284600F068F94342304600F051F90090E5
:1067300000EBD0704FEA600B284600F049F9019059
:1067400000EBD070ABEB600439E0284600F053F961
:106750004342304600F03CF98346284600F038F9C1
:10676000ABEB00042BE0304600F045F90346002473
:1067700025E0304600F03FF90346304600F028F9A6
:10678000009000EBD0704FEA600B284600F020F933
:10679000019000EBD070ABEB600410E0304600F0ED
:1067A0002AF90346304600F013F98346284600F0E4
:1067B0000FF9ABEB000402E00023002400BF00BF90
:1067C0003068034470680444284600F014F9824697
:1067D000284600F0FDF8804603EB090028600B987E
:1067E0002044686028685044401EA860686840449F
:1067F000401EE860BDE8FC8F0A6802604A6842609B
:106800008A688260CA68C26070470A6802604A6823
:1068100042608A688260CA68C26070470A68026023
:106820004A6842608A688260CA68C26070470A68C3
:1068300002604A6842608A688260CA68C2607047C3
:106840000A6802604A6842608A688260CA68C260F8
:1068500070470A6802604A6842608A688260CA6853
:10686000C26070472DE9F04F89B007460C461546C7
:106870002946204600F053F920B94FF0FF3009B007
:10688000BDE8F08F00222946204600F0F4F808B158
:106890000020F4E70026204600F0ADF8401E0490EA
:1068A000204600F095F8401E039068686168A0EBF0
:1068B000010ABAF1000F13DD2068059060680690A8
:1068C000A068079060685044401E08903046711CD4
:1068D0004EB207EB001005A991E80E10A0E80E10CB
:1068E000E8686168411A0398A0EB010BBBF1000F47
:1068F00017DDE868E168884213DA20680590E868E7
:10690000401C0690A0680790E868584408903046FC
:10691000711C4EB207EB001005A991E80E10A0E81B
:106920000E1068686168884201DD686800E0606890
:106930008046E868E168884201DAE86800E0E068DB
:1069400002900298A0EB080928682168401A01907B
:106950000198002818DDB9F1000F15DB20680590BB
:10696000CDF81880216801980844401E079008EB74
:10697000090008903046711C4EB207EB001005A9C3
:1069800091E80E10A0E80E10A8682168411A04983A
:10699000401A00900098002818DDB9F1000F15DBAF
:1069A000A868401C0590CDF81880A9680098084494
:1069B000079008EB090008903046711C4EB207EBB7
:1069C000001005A991E80E10A0E80E10304656E719
:1069D00001464A68C868801A401C704710B50146D5
:1069E0000B688A68D21A521C4C68CB681B1B5B1C54
:1069F00002FB03F010BD01460A688868801A401C3B
:106A0000704703685B1A036083680B4483604368C4
:106A10009B1A4360C3681344C360704730B5034694
:106A20000C681568AC4201DD0C6800E014681C605D
:106A30004C685568AC4201DD4C6800E054685C600D
:106A40008C689568AC4201DA8C6800E094689C60C0
:106A5000CC68D568AC4201DACC6800E0D468DC6070
:106A600001209D681C68AC4203DCDD685C68AC42B8
:106A700000DD002030BD2DE9FC4104460D461646E0
:106A800000272068296888420CDB606869688842B2
:106A900008DBA068A968884204DCE068E9688842ED
:106AA00000DC012717B90020BDE8FC810EB90120E8
:106AB000FAE76846D4E9001212F07EF832466946D9
:106AC000284600F090F808B90020EDE76846D4E9C0
:106AD000012112F071F832466946284600F083F829
:106AE00008B90020E0E76846E268216812F064F81F
:106AF00032466946284600F076F808B90020D3E708
:106B00006846D4E9021212F057F832466946284620
:106B100000F069F808B90020C6E70120C4E7024682
:106B200010688B6898420DDC90680B68984209DB0E
:106B30005068CB68984205DCD0684B68984201DB0E
:106B4000012070470020FCE77CB504460D46164640
:106B5000A068296888420BDBE0686968884207DB27
:106B60002068A968884203DC6068E968884201DD22
:106B700001207CBD0EB90020FBE76846D4E9001275
:106B800012F01AF832466946284600F02CF808B18F
:106B90000020EEE76846D4E9012112F00DF83246F4
:106BA0006946284600F01FF808B10020E1E7684672
:106BB000E268216812F000F832466946284600F083
:106BC00012F808B10020D4E76846D4E9021211F0A7
:106BD000F3FF32466946284600F005F808B1002068
:106BE000C7E70120C5E72DE9FF4705460E461446D5
:106BF0004FF0000A3068296888420DDB3068A968C8
:106C0000884209DC70686968884205DB7068E96859
:106C1000884201DC4FF0010ABAF1000F03D10020D5
:106C200004B0BDE8F087002C01DC0120F8E728461D
:106C3000FFF7E1FE034600EBD37047102846FFF74D
:106C4000C7FE034600EBD3704FEA6008474501DA00
:106C5000384600E0404681464C4500DD4C462868F9
:106C60000090286820440290686801906868204479
:106C70000390002231466846FFF7B5FF50B10298F5
:106C8000204402900398204403903146684611F056
:106C9000B6FFC5E7E868001B0190E8680390002292
:106CA00031466846FFF79FFF50B10298204402909A
:106CB0000198001B01903146684611F0A0FFAFE734
:106CC000A868001B0090A868029000223146684620
:106CD000FFF789FF50B10098001B00900198001B3E
:106CE00001903146684611F08AFF99E76868019083
:106CF000686820440390002231466846FFF773FF1E
:106D000050B10098001B0090039820440390314636
:106D1000684611F074FF83E7012081E710B50B6826
:106D20001468A34201DA0B6800E0136803604B6843
:106D30005468A34201DA4B6800E0536843608B68F3
:106D40009468A34201DD8B6800E093688360CB68A0
:106D5000D468A34201DDCB6800E0D368C36010BDF6
:106D600003680B44036083680B44836043681344E7
:106D70004360C3681344C360704710B5029C016050
:106D800042608360C46010BD42680A44521EC26003
:106D9000704702680A44521E82607047024650687B
:106DA000884201D80020704700BF106818B900BFA2
:106DB00000BF00BFFEE700BFD368106801FB0300FF
:106DC000F1E710B50446206830B1207C10B120688E
:106DD00009F0D6FC0020206000206060A06010BD9B
:106DE00070B504460D46164600206060A560E6605A
:106DF00005FB06F00CF080FA20600120207400BF33
:106E0000206818B900BF00BF00BFFEE700BF70BD1B
:106E10002DE9F04104460E4600BF206818B900BFB6
:106E200000BF00BFFEE700BFD4E90101884208D1DE
:106E3000A068011D204600F01DF810B90020BDE833
:106E4000F081E268D4E9000101FB02052EB1314670
:106E50002846E2680CF0EEFA07E0E7683A460021BF
:106E600028460CF053FC00BF00BF6068401C606007
:106E70000120E4E770B504460D46207C18B900BF38
:106E800000BF002070BDE26802FB05F1206812F02F
:106E90002BF8064600BF1EB900BF00BF00BFFEE7CB
:106EA00000BF0EB90020EDE72660A5606068A8422B
:106EB00000D965600120E5E72DE9F04706460F4659
:106EC000002013F025FE04464FF0000819E020468C
:106ED00013F01EFE81460D49A06888420FD1E56877
:106EE0002868B0420AD16868B84207D1204613F03A
:106EF000BFFD284609F044FC4FF0010800BF4C4696
:106F000000BF002CE3D14046BDE8F087116F0108B7
:106F10007CB50446E568D5E90001CDE900012046CD
:106F200013F0A6FD284609F02BFCDDE90010884788
:106F30007CBD70B506460D46AC6C34B1206C20B1FA
:106F4000206C02F003FC002020642846F9F7F1F9D8
:106F500070BD00002DE9FF4F89B00E461D46308CF4
:106F6000C0F30724072C01DB0A2C0DDD102C0BD0FD
:106F7000112C09D00F2C07D0122C05D01B2C03D0BC
:106F8000132C01D0142C01D1012000E00020089026
:106F9000089828B900BF00BF00200DB0BDE8F08FF1
:106FA0000C200790D6F84880B8F1000F03D100BF3D
:106FB00000BF0020F1E7D8F800000690204601F05D
:106FC000FAF883460B98FFF716FD814600200590DE
:106FD0008246307C012801D10C2000E000200746C9
:106FE0008E496868884238D1072C03DB0A2C01DC03
:106FF000102000E0204604900020009001234A4623
:10700000D8F84000049902F056FD8246BAF1000F0C
:1070100019D1D8F8400030B1D8F8400002F096FB02
:107020000020C8F8400000200090012249467C481A
:10703000049B02F031FB8246BAF1000F01D100201F
:10704000ABE7C8F840A00B9890E80E00C06885E850
:107050000E00E8606868E86007E06868401C6860E7
:10706000E868401CE860D8F840A0DAF81000059005
:1070700069680B98C068814201DD00208DE7072C0C
:107080005CDB0A2C5ADC0820B0FBFBF02968B1FB62
:10709000F0F200FB1210049009FB0BF0C01D01215F
:1070A00001EBD000039000200290706B07EB80078B
:1070B000308D80B2696801FB0077286800FB0BF017
:1070C00007EBD007307C01281FD103980CF014F98E
:1070D000029000BF029818B900BF00BF00BFFEE7D2
:1070E00000BF029808B9002057E7002000903946F9
:1070F000DDE902230698F9F73DF90790079848B1B2
:10710000029809F03DFB002047E7F0680169394427
:10711000029100BF05990298CDE900014B46316B01
:107120002046049AF6F72BFC307C012802D1029805
:1071300009F026FBC6F82CA001202EE7102C09D060
:10714000112C07D00F2C05D0122C03D01B2C01D0F2
:10715000132C1ED109FB0BF0C0080490308D80B2B7
:10716000696801FB0077286800FB0BF007EBD0078C
:10717000002000903946DDE904320698F9F7FAF864
:107180000790079808B1002007E7C6F82CA0012057
:1071900003E7142C40D14FF0100BBAF8080080B26E
:1071A0000490308D80B2696801FB0077286800FB8D
:1071B0000BF007EBD007002000903946DDE90432E0
:1071C0000698F9F7D7F80790079808B10020E4E689
:1071D0000C27706A010C308D80B201FB0077318D75
:1071E00088B200EBD07149106A6802FB0177286809
:1071F000074400204B460090DDE904104218394650
:107200000698F9F7B7F80790079808B10020C4E688
:10721000C6F82CA00120C0E60020BEE6010000E078
:10722000BC0C01202DE9F84F82460D461446D5F8D6
:107230000C802E7C36B947460C22394620460CF08D
:10724000F9F84AE0012E31D1404609F061FB814650
:107250002CA112F049F910B10020BDE8F88F6B465F
:107260000C22214605F1140009F0E2FB074617B98C
:1072700000980C2803D000BF00BF0020EDE7207865
:1072800019280BD000BF00BF2078216860F30F21C0
:107290002160206820F0FF00193020602021206844
:1072A00041EA104161F31F40206016E0022E10D128
:1072B00060686FF30F00401C6060A08880B200F52A
:1072C00080306060206820F47F4000F560602060BE
:1072D00003E000BF00BF0020BFE72088C0F3072005
:1072E00018B900BF00BF0020B7E72078192807D0E1
:1072F0006FF00101206801EA104161F31F40206036
:107300000120AAE762696E0010B50AF051F8044640
:1073100000BF1CB900BF00BF00BFFEE700BF14B92B
:1073200000BF00BF10BD0A4920460AF083F9094991
:1073300020460AF081F9084920460AF079F9074900
:1073400020460AF073F906A0606100BFEAE700007A
:107350002572010865730108556F0108336F010834
:1073600042494E002DE9F34F91B00C464FF0000B0F
:107370000C20109000200F90207C012860D1E06844
:1073800009F0C6FAA9A1079012F0AEF818B10020D2
:1073900013B0BDE8F08F2046F9F7F4F805460DB9B3
:1073A0000020F5E7A5640C200BF0A6FF8046B8F19D
:1073B000000F04D12046F8F7BCFF0020E8E70222C6
:1073C0004046E16809F0C8FA1090109848B100BF33
:1073D00000BF404609F0D4F92046F8F7AAFF002084
:1073E000D6E7C5F80080208CC0F307260821206A64
:1073F00001EA104028B121461198F6F739FA834680
:107400001DE0072E0FDB0A2E0DDCE07928B12146A6
:107410001198FEF7A5FE834611E021461198F6F774
:107420002CFA83460BE00B2E07DB0E2E05DC2146E3
:107430001198F6F763F9834601E04FF0010B86E0FF
:10744000207C0028FBD1D4F80C80D8F8100008B9B3
:1074500000209DE7B8F80000C0F307250821206A46
:1074600001EA104028B121461198F6F701FA834647
:107470006CE0072D18DB0A2D16DC2046F9F782F8A0
:1074800006460EB9002083E7E07938B1214611980D
:10749000FEF766FE834601200F9004E02146119816
:1074A000F6F7EBF9834651E00B2D0FDB0E2D0DDCCB
:1074B0000CD02046F9F766F806460EB9002067E7BB
:1074C00021461198F6F71AF983463FE02046F9F76E
:1074D00059F807901021D8F8000001EA104018B1BF
:1074E00046464FF0010B22E0079800F12406B8F859
:1074F000080080B2B0B91C2241466846E8F72CFF6C
:10750000284600F058FE019989B24843C01DC110B9
:10751000029861F30F0002906946304602F090F93C
:10752000834604E04146304602F08AF98346BBF1C7
:10753000010F0AD1E662308980B220B9208DB1688E
:1075400060F30F01B16001200F9000BF00BFBBF1DD
:10755000010F04D02046F8F7ECFE584618E7E06A21
:1075600008B9012014E7D4F82C90206AC0F3004039
:1075700018B10121484602F0D6FA4946204609F0E2
:10758000D9FF074627B92046F8F7D3FE0020FFE6CB
:107590004F450AD000200F902046F8F7CAFE20463B
:1075A000F8F7F0FF0546EF6100BFE7624FF47F4157
:1075B000206A01EA104030B10B46226A03EA124108
:1075C000E06A02F0B0FA0F9808B9A07938B1207AD1
:1075D00018B10F9808B1002121720120D8E609F0F6
:1075E00099FE08B90120D3E6207C8DF82C00E068D4
:1075F0000A90E06AC068099009A9A36CE26A119830
:1076000009F092FE8246BAF1000F04D12046F8F745
:1076100090FE0020BCE6C4F844A02046F8F7B2FF74
:10762000089000210898C1610120B1E662696E00EE
:1076300070B505460C461021204610F0CFF84FF4E7
:10764000806120460CF06DF970BD000070B50446F5
:1076500000BF00BF214604480CF01AFC054628462E
:107660000CF08FFC284670BDB86004082DE9F0418D
:1076700004460E46174600BF1CB900BF00BF00BF3E
:10768000FEE700BF00BF1EB900BF00BF00BFFEE79E
:1076900000BF00BF00BFE06820B900BF00BF0020EE
:1076A000BDE8F08120683A463146C36820469847D5
:1076B000054615B1284600F05BF800BF00BF28461C
:1076C000EEE72DE9F04104460E46174600BF1CB90F
:1076D00000BF00BF00BFFEE700BF00BF1EB900BF74
:1076E00000BF00BFFEE700BF00BF00BFA06820B919
:1076F00000BF00BF0020BDE8F0813A463146204679
:10770000F4F798FF054615B1284600F031F800BFA0
:1077100000BF2846EFE70FB42DE9F04105460E46BD
:10772000174628688047044600BF1CB900BF00BF49
:1077300000BFFEE700BF25606660A7600020E06034
:1077400009A807C8C4E905122061206841682046DD
:10775000884748B900BF00BF204609F011F8002053
:10776000BDE8F0015DF814FB00BF00BF2046F7E75D
:1077700000B5024600BF1AB900BF00BF00BFFEE758
:1077800000BF104600F050F8104600F02AF800BD87
:1077900000BF18B900BF00BF00BFFEE700BF4168CF
:1077A000491E41604168002903DA00BF00BF002183
:1077B0004160704770B5044600BF1CB900BF00BFF0
:1077C00000BFFEE700BF207B00F0020000B170BDEB
:1077D000204600F006F80546284608F0D1FF00BF15
:1077E000F5E7014600BF19B900BF00BF00BFFEE7C3
:1077F00000BF8868081A7047024600BF1AB900BF68
:1078000000BF00BFFEE700BF50187047014600BF31
:1078100019B900BF00BF00BFFEE700BF486870474E
:10782000014601F11000704700BF18B900BF00BF4A
:1078300000BFFEE700BF4168491C4160704700BFC0
:1078400018B900BF00BF00BFFEE700BF00BF19B9F5
:1078500000BF00BF00BFFEE700BF016082600023E1
:10786000436003737047014600BF19B900BF00BFF2
:1078700000BFFEE700BF087B00F00100704700B5C5
:1078800002460B4600BF1AB900BF00BF00BFFEE7AB
:1078900000BF1046FFF7BAFF10B900BF00BF00BD20
:1078A0001046FFF775FF00BFF9E70146886808B189
:1078B000012070470020FCE72DE9F04105460C4609
:1078C000164600BF1CB900BF00BF00BFFEE700BFE7
:1078D00000BF00BF31462046FFF7D1FF2046FFF72B
:1078E00095FF68B92046FFF7BEFF48B12046FFF775
:1078F00078FF07463146AA6990472046FFF75AFFAE
:1079000000BF00BFBDE8F08100B97047016200BF51
:10791000FBE708B50146CA0ABDF8000062F3CF20B4
:1079200000904809BDF8002060F34A120092BDF8AB
:10793000000061F304000090BDF80020104608BD6F
:1079400008B50146CA0ABDF8000062F3CF200090D6
:107950004809BDF8002060F34A120092BDF800000B
:1079600061F304000090BDF80020104608BD08B582
:107970000146CA0ABDF8000062F3CF200090480912
:10798000BDF8002060F34A120092BDF8000061F3D8
:1079900004000090BDF80020104608BD01B5BDF8F8
:1079A0000000C00AC0EBC01000EB8000BDF8001062
:1079B000C1F3451140F2652212FB0100BDF8001031
:1079C00001F01F01E72212FB0100C0F3072008BDF0
:1079D00070B504460D46FF2D00D170BD25B90221BA
:1079E00020460BF069FFF8E72088C00A6843010AC7
:1079F000208861F3CF2020802088C0F345106843A1
:107A0000010A208861F34A102080207800F01F00CE
:107A10006843010A208861F30400208000BFDCE78E
:107A200003B5BDF80000BDF80410884201D1012063
:107A30000CBD0020FCE7014688784D2210FB02F0C7
:107A40004A78972313FB02000A781C2313FB0200D9
:107A5000C0F30720704703B5DDE90001884201D17A
:107A600001200CBD0020FCE701B59DF802004D216E
:107A700010FB01F09DF80110972212FB01009DF808
:107A800000101C2212FB0100C0F3072008BD18B52E
:107A900004468DF802408DF801108DF800208DF815
:107AA0000330009818BD0000F0B50346FF2A01D14D
:107AB0001846F0BD0AB90846FBE78B4201D11846CB
:107AC000F7E7101DC20841EA0140DFF824C000EAD0
:107AD0000C0443EA034000EA0C06301B504304EB5D
:107AE000501000EA0C0747EA174085B22846E0E745
:107AF0001FF8E00737B582B00D4614469DF809001F
:107B0000FD2802DA6878022803DCBDF80800288026
:107B10005CE09DF80900022858DD6878FF280AD14A
:107B2000288801460090029800F055FC0190BDF8AD
:107B3000040028804AE06978E078814204D19DF809
:107B40000900617888421CD09DF80900C0F1FF004F
:107B50006978C1F1FF0110FB01F0FF21A1EB2020AA
:107B6000A07100BFA07918B900BF00BF00BFFEE739
:107B700000BF9DF80900C0EB0020A179B0FBF1F037
:107B8000E07160880190288800900199FFF748FF14
:107B900030B12088014601900298FFF741FF98B963
:107BA000BDF80800208028886080E0798DF8090001
:107BB000288801460090029800F00DFC0190BDF865
:107BC0000400A080A1796171A088288005B030BD33
:107BD00070B503460AB9084670BDFF2A0DD19878E2
:107BE00000F0F80000025C7804F0FC0400EBC40034
:107BF0001C7800EBD40080B2EEE7C2F1FF04987865
:107C0000C0105043CD0A05FB04004FF4784505EA47
:107C1000C005587880105043C1F3451606FB040098
:107C20004FF4FC6606EAE00005441878C0105043A3
:107C300001F01F0606FB040005EB202080B2CBE715
:107C400070B503460AB9084670BDFF2A0DD1987871
:107C500000F0F80000025C7804F0FC0400EBC400C3
:107C60001C7800EBD40080B2EEE7C2F1FF049878F4
:107C7000C0105043CD0A05FB04004FF4784505EAD7
:107C8000C005587880105043C1F3451606FB040028
:107C90004FF4FC6606EAE00005441878C010504333
:107CA00001F01F0606FB040005EB202080B2CBE7A5
:107CB000F0B503460AB90846F0BDFF2A0DD1987801
:107CC00000F0F80000025C7804F0FC0400EBC40053
:107CD0001C7800EBD40080B2EEE7C2F1FF04987884
:107CE0004FEAE00CC80A60430CEB202558784FEAB5
:107CF000A00CC1F3451060430CEB202618784FEA26
:107D0000E00C01F01F0060430CEB2027E80200EBC1
:107D10004610384480B2CFE7F0B503460AB90846AA
:107D2000F0BDFF2A0DD1987800F0F80000025C78D1
:107D300004F0FC0400EBC4001C7800EBD40080B21B
:107D4000EEE7C2F1FF0498784FEAE00CC80A6043FE
:107D50000CEB202558784FEAA00CC1F34510604386
:107D60000CEB202618784FEAE00C01F01F0060436E
:107D70000CEB2027E80200EB4610384480B2CFE736
:107D800030B502B930BDFD2A06DB03780B704378AD
:107D90004B7083788B7017E0C2F1FF030478544373
:107DA0000D7805FB0344240A0C70447854434D7845
:107DB00005FB0344240A4C70847854438D7805FBFA
:107DC0000344240A8C7000BF00BFDBE730B502B962
:107DD00030BDFD2A06DB03780B7043784B70837847
:107DE0008B7014E0C2F1FF0305780C785C4305EB5F
:107DF00014240C7045784C785C4305EB14244C70CB
:107E000085788C785C4305EB14248C7000BF00BF30
:107E1000DEE717B583B014469DF80F00FD2803DA9E
:107E20009DF81300022802DC039806B010BD9DF8EF
:107E30000F00022801DC0498F7E79DF81300FF28E3
:107E400005D1DDE9030100F0DCFA0290EDE79DF8D1
:107E50001310E079814204D19DF80F00E178884247
:107E60001DD09DF80F00C0F1FF009DF81310C1F167
:107E7000FF0110FB01F0FF21A1EB2020207300BFC8
:107E8000207B18B900BF00BF00BFFEE700BF9DF810
:107E90000F00C0EB0020217BB0FBF1F06073606845
:107EA000014601900498FFF7D6FD30B120680146E5
:107EB00001900398FFF7CFFD70B9039820600498F4
:107EC0006060607B8DF80F00DDE9030100F099FA36
:107ED0000190A060217BE172A0680190A5E717B531
:107EE00083B014469DF80F00FD2803DA9DF81300B7
:107EF000022802DC039806B010BD9DF80F0002288E
:107F000001DC0498F7E79DF81300FF2805D1DDE9AF
:107F1000030100F0CBFA0290EDE79DF81310E07931
:107F2000814204D19DF80F00E17888421DD09DF870
:107F30000F00C0F1FF009DF81310C1F1FF0110FB0D
:107F400001F0FF21A1EB2020207300BF207B18B996
:107F500000BF00BF00BFFEE700BF9DF80F00C0EBF1
:107F60000020217BB0FBF1F0607360680146019056
:107F70000498FFF770FD30B1206801460190039826
:107F8000FFF769FD28BB03992160049961609DF8A2
:107F90000F10C1F1FF009DF80E109DF8122012FB8A
:107FA00000F201EB1221A1729DF80D109DF8112035
:107FB00012FB00F201EB122161729DF80C109DF88A
:107FC000102012FB00F201EB12212172227BE272DF
:107FD00000BFA06801908EE770B503460AB9084655
:107FE00070BDFF2A0AD103F0F800000203F0FC0480
:107FF00000EBC40000EBD30080B2F1E7C2F1FF0454
:10800000D8105043CD0A05FB04004FF4784505EA2B
:10801000C00598105043C1F3451606FB04004FF409
:10802000FC6606EAE0000544D810504301F01F0644
:1080300006FB040005EB202080B2D1E770B50346B3
:108040000AB9084670BDFF2A0AD103F0F800000201
:1080500003F0FC0400EBC40000EBD30080B2F1E7B6
:10806000C2F1FF04D8105043CD0A05FB04004FF4C1
:10807000784505EAC00598105043C1F3451606FB44
:1080800004004FF4FC6606EAE0000544D8105043B3
:1080900001F01F0606FB040005EB202080B2D1E7AB
:1080A00030B502B930BDFD2A03DB08704870887016
:1080B00017E0C2F1FF0300FB02F40D7805FB034457
:1080C000240A0C7000FB02F44D7805FB0344240ADB
:1080D0004C7000FB02F48D7805FB0344240A8C707D
:1080E00000BF00BFDEE730B502B930BDFF23CB7063
:1080F000FD2A03DB88704870087017E0C2F1FF03A7
:1081000000FB02F48D7805FB0344240A8C7000FB0D
:1081100002F44D7805FB0344240A4C7000FB02F482
:108120000D7805FB0344240A0C7000BF00BFDCE798
:1081300030B502B930BDFD2A01DB087009E0C2F19B
:10814000FF0300FB02F40D7805FB0344240A0C70C6
:1081500000BF00BFEEE730B502B930BDFD2A01DB3C
:10816000087009E0C2F1FF0300FB02F40D7805FB83
:108170000344240A0C7000BF00BFEEE708B50022DC
:108180001146104600F0D9F80090BDF800100846DE
:108190009DF8021040EA014008BD13B5009800F0B8
:1081A0008AFA0446019800F086FA844201D101203F
:1081B0001CBD0020FCE70146362941D2DFE801F072
:1081C000414040404040291B1E212B1C1F222A3ABF
:1081D0003C3E3239313536372C403D33404040400B
:1081E000404040404040344040404040404040409B
:1081F000232526272E2F00BF0120704700BF022015
:10820000FBE700BF00BF0420F7E700BF00BF062068
:10821000F3E700BF00BF00BF0820EEE700BF0C205F
:10822000EBE700BF00BF00BF00BF00BF00BF1020D2
:10823000E3E700BF1820E0E700BF00BF2020DCE735
:1082400000BF0020D9E700B502461046FFF7B3FF94
:10825000C01DC01000BD0146C81F14281CD2DFE895
:1082600000F00E0F10110A0B0C0D1B141B1B131228
:10827000161819171B1500BF00BF00BF00BF00BFB5
:1082800000BF00BF00BF00BF00BF00BF00BF00BFF6
:1082900000BF00BF012070470020FCE708B5014681
:1082A000080C8DF80200080A8DF80100C8B28DF89C
:1082B0000000BDF8002010469DF8022040EA024070
:1082C00008BD07B59DF802009DF80A1088421FDC22
:1082D0009DF801009DF80910884219DC9DF8000006
:1082E0009DF80810884213DC9DF802009DF80610E6
:1082F00088420DDB9DF801009DF80510884207DBE0
:108300009DF800009DF80410884201DB01200EBD9D
:108310000020FCE701B59DF802004D2110FB01F0A3
:108320009DF80110972212FB01009DF800101C22FD
:1083300012FB0100C0F3072008BD18B503468DF8F5
:1083400002308DF801108DF80020BDF80040204665
:108350009DF8024040EA044018BD07B581B09DF881
:108360000A00C2F1FF0148439DF8061001FB02001C
:1083700000EBC01101EBC030C0F3C7508DF8020014
:108380009DF80900C2F1FF0148439DF8051001FB6B
:10839000020000EBC01101EBC030C0F3C7508DF8F4
:1083A00001009DF80800C2F1FF0148439DF8041048
:1083B00001FB020000EBC01101EBC030C0F3C7505D
:1083C0008DF80000BDF8001008469DF8021040EA44
:1083D000014004B000BD03B59DF800009DF80110F8
:1083E00010FB01F09DF804109DF80120C2F1FF027E
:1083F00011FB0200000A8DF80400BDF804100846C5
:108400000CBD03B59DF80300FD2805DB9DF80700B2
:108410008DF8030000980CBD9DF80300022801DCD4
:108420000198F8E79DF802009DF8031010FB01F099
:108430009DF806109DF80320C2F1FF0211FB020017
:1084400000EBC01101EBC030C0F3C7508DF806003F
:108450009DF801009DF8031010FB01F09DF8051038
:108460009DF80320C2F1FF0211FB020000EBC011D6
:1084700001EBC030C0F3C7508DF805009DF8000037
:108480009DF8031010FB01F09DF804109DF80320E7
:10849000C2F1FF0211FB020000EBC01101EBC03082
:1084A000C0F3C7508DF804000198B4E703B59DF8F8
:1084B0000300FD2801DB00980CBD9DF80300022895
:1084C00001DC0198F8E79DF80300C0F1FD019DF87B
:1084D00002009DF8062012FB01F200EB1220C0B250
:1084E0008DF806009DF801009DF8052012FB01F2B1
:1084F00000EB1220C0B28DF805009DF800009DF839
:10850000042012FB01F200EB1220C0B28DF804002F
:108510000198D1E710B50446022120460BF069F915
:108520000221A01C0BF065F90221201D0BF061F95E
:10853000FF20A071E07110BD10B504460421204653
:108540000BF060F90421201D0BF05CF9042104F10B
:1085500008000BF057F9FF202073607310BD10B5B1
:108560000446042120460BF056F90421201D0BF08F
:1085700052F9042104F108000BF04DF9FF2020739B
:10858000607310BD33B582B09DF80B00FD2803DA8F
:108590009DF80F00022802DC029804B030BD9DF85F
:1085A0000B00022801DC0398F7E79DF80F00FF2875
:1085B00005D1DDE90201FFF724FF0090EDE79DF80A
:1085C0000B00C0F1FF009DF80F10C1F1FF0110FB7F
:1085D00001F0FF21A1EB20249DF80B00C0EB00204F
:1085E000B0FBF4F0C5B28DF80B50DDE90201FFF7E6
:1085F00008FF01908DF807400198CEE710B50446BA
:10860000E078FF2800D110BDE07820B90421204691
:108610000BF052F9F7E7A078E17810FB01F00012B7
:10862000A0706078E17810FB01F000126070207893
:10863000E17810FB01F00012207000BFE3E7014673
:10864000081240EA012080B270470146081240EA51
:10865000012080B270470146081240EA012080B232
:1086600070470146081240EA012080B27047014677
:10867000081240EA012080B270470146081240EA21
:10868000012080B270470146081240EA012080B202
:10869000704703B581B09DF806008DF802009DF883
:1086A00005008DF801009DF804008DF800008DF89C
:1086B000031000980EBD01B5694608784A7800EBB2
:1086C00002208A7800EB024008BD01B59DF8020047
:1086D00000F0F80000029DF8011001F0FC0100EB31
:1086E000C1009DF8001000EBD10080B208BD01B5BB
:1086F0009DF802004FF07F4101EB00409DF8011012
:1087000000EB01209DF80010084408BD08B5FF22C9
:1087100011461046FFF711FE0090BDF80010084604
:108720009DF8021040EA014008BD2DE9FF4F87B0D7
:10873000044614B1B4F5806F03D120460BB0BDE8F8
:10874000F08F089800EB400908990A98401A00EB4E
:108750004000A0EB09000690C9F580610698A1EBE6
:10876000000B099800EB4000039009991498401AF7
:1087700000EB40010398081A04900398C0F580614B
:108780000498081A059025460020029035E04B46D3
:1087900059462846069AF5F7ACF9071B002F01DD6C
:1087A000384600E07842012800DC5AE05E4606EBDD
:1087B0004600684386120221069801FB0060684368
:1087C00086124E44002E01DD304600E07042012842
:1087D00000DC15E04FF4806087FB00103246F31791
:1087E000CDE9001008460199E7F785FD064606B970
:1087F00006E0AD1B0298401C029002980828C6DBD8
:1088000000BF4FF000084FF4806A2546454501DA65
:10881000454626E0554501DD554622E01DE04B4624
:1088200059462846069AF5F764F90746381B00288A
:1088300001DD381B00E0E01B012800DC11E0BC4238
:1088400001DDA84600E0AA46AAEB080000EBD071C3
:1088500008EB6105454500D101E0D045DFDB00BFF5
:1088600000BF2846DDE903320599F5F742F965E7CF
:108870002DE9F04104460D4616461F4600BF1CB9BF
:1088800000BF00BF00BFFEE700BF3B46324629469F
:1088900004F53A7007F095FABDE8F081FEB505469B
:1088A0000E4676480AF023FC044600BF1CB900BF00
:1088B00000BF00BFFEE700BF0CB90020FEBD4FF4B3
:1088C000497120460AF068FF256066604FF0FF306E
:1088D000A060E060002020616061E06B20F48030E7
:1088E00000F58030E0638220A061122084F840000F
:1088F000E06B20F0FF7000F50030E06350200AF0DC
:10890000FBFCC4F8B00200BFD4F8B00218B900BF35
:1089100000BF00BFFEE700BFD4F8B00208B90020D6
:10892000CCE7D4F8B0020AF024FBD4F8B40220B1AA
:10893000204604F52C7106C990470020D4F8B012E7
:1089400048610021D4F8B0028161681ED4F8B012E9
:10895000C861701ED4F8B012086294F84000D4F8D0
:10896000B01281F84C000120C4F8680212F02EF811
:10897000C4F80C03102104F51B700AF0B0FB3F484B
:10898000083887698461224621213D4812F042F867
:10899000C4F8080300BFD4F8080318B900BF00BF2B
:1089A00000BFFEE700BFD4F8080320B9204607F057
:1089B000E7FE002082E711F0E3FF90B900200FF0FE
:1089C000EDFF029005200FF0E9FF01902D480023F4
:1089D00000902046DDE9011211F02EFFC4F80403D7
:1089E00003E011F01DFFC4F8040300200BF078FB36
:1089F00004F53074E06000200BF072FBA0600020F2
:108A00000BF06EFB606000200BF06AFB2060E068FA
:108A10000FF044F860680FF041F820680FF03EF85E
:108A2000022160680EF0DAFE022120680EF0D6FE08
:108A30000021E0680FF0CBFA002160680FF0C7FA60
:108A4000002120680FF0C3FAA068A4F530740DF07F
:108A500089FE0A4808388761806910B907480838D4
:108A600084610023382208492046FFF701FFD4F82B
:108A7000080312F00DF9204620E70000C00B01208A
:108A8000BD8C010840D104086DDA000870B50446B9
:108A90000D4600BF1CB900BF00BF00BFFEE700BF0E
:108AA000294604F53A7007F0B7FA70BD002141631A
:108AB000704700B5014611B900F008F8014609B940
:108AC000002000BD91F84000FBE7000001488069EC
:108AD00070470000B80B012000B5014611B9FFF73F
:108AE000F5FF014609B9822000BD8869FCE710B591
:108AF000044600BF1CB900BF00BF00BFFEE700BFB7
:108B000004F53A7007F088F910BD70B504460D46BB
:108B100000BF1CB900BF00BF00BFFEE700BF294671
:108B200004F53A7007F088F970BD00B5014611B937
:108B3000FFF7CCFF014609B9002000BD91F8000302
:108B400000F00700012802D0032803D100E000BF95
:108B50004868F2E70868F0E700B5014611B9FFF789
:108B6000B5FF014619B900BF00BF002000BDD1F814
:108B7000CC02FBE700B5014611B9FFF7A7FF01469C
:108B800019B900BF00BF002000BDD1F8C002FBE74B
:108B900000B5014611B9FFF799FF014619B900BFA9
:108BA00000BF002000BDD1F8C402FBE700B50146BC
:108BB00011B9FFF78BFF014609B9002000BD91F8FC
:108BC0000003C0F3C000F9E710B504461CB904481F
:108BD0000AF05AFA10BD214601480AF06DFAF9E789
:108BE000C00B012000B5014611B9FFF76FFF014628
:108BF00009B9002000BD0868FCE700B5014611B9BD
:108C0000FFF764FF014609B9002000BD4868FCE792
:108C100000B5014611B9FFF759FF014619B900BF68
:108C200000BF002000BDD1F8C802FBE700B5014637
:108C300011B9FFF74BFF014619B900BF00BF002073
:108C400000BDD1F8D002FBE700B5014611B9FFF72E
:108C50003DFF0146D1F8040300BD00B5014611B93E
:108C6000FFF734FF014609B9002000BD91F8000369
:108C700000F00700012802D0032803D100E000BF64
:108C80000868F2E74868F0E70146086A08B1012081
:108C900070470020FCE700B5014611B9FFF716FF49
:108CA000014619B900BF00BF002000BDD1F868021D
:108CB000002801DD0120F8E70020F6E72DE9F0416A
:108CC000064636B15649F0684861304611F0D6FF85
:108CD00003E0FFF7FBFE524948615148406918B96B
:108CE00000BF00BFBDE8F0814D484069846A1CB1F7
:108CF000206908B1E06810B900BF00BFF2E7484939
:108D000000224869392100F0D9F8074607B9E9E798
:108D100043494969D1F8C8020FF09EFD40484069B7
:108D2000D0F8D00228B13E494969D1F8D0020FF0FD
:108D300093FD3B494969D1F8CC020FF08DFD3849CC
:108D40004969D1F8C4020FF087FD35494969D1F866
:108D5000C0020FF081FD32484069D0F8C80238B92E
:108D600000202F494969C1F8640200BF00BF4CE0F0
:108D700010F068F917F0B8F917F05EF82848406964
:108D8000D0F8640200B940E025494869FFF77CFF4C
:108D900030B32348406990F83D00012820D10025D8
:108DA00017E01F48406900F51170405D00B10FE009
:108DB0001B49496901F51B700AF0F3F98046184810
:108DC0004069443000EB05130FCB88E80F0000BF6B
:108DD0006D1C13484069D0F86402A842E1D800BF76
:108DE0000F49496901F144004FF400710AF0CBFCCE
:108DF0000B49496901F5117020210AF0C4FC0020DB
:108E000007494969C1F8640200BF05F0DFFE044963
:108E1000002248693A2100F051F800BF62E70000E3
:108E2000B80B012070B504460E46154614B9FFF77D
:108E30004DFE04460CB9002070BD2B464122314640
:108E40002046FFF715FDD4F8200320B92246422121
:108E5000204600F033F8D4F82003401CC4F8200367
:108E60000120E9E72DE9F04780468946924600BF98
:108E7000B8F1000F03D100BF00BF00BFFEE700BF85
:108E80004046FFF734FE054600266C1E11E02146E1
:108E90004046FFF73AFE074657B13868484507D1C4
:108EA0007868504504D121464046FFF7EFFD761C17
:108EB000641E002CEBDA3046BDE8F08770B504463E
:108EC0000E4615462B462246314604F53A7007F009
:108ED00069F870BD2DE9FF5F04468846164699463D
:108EE000DDF838B000BFB8F1000F03D100BF00BFFC
:108EF00000BFFEE700BF2046FFF7DBFD03902046E2
:108F0000FFF770FE82462046FFF777FE074600BF58
:108F1000BAF1000F00D01FB900BF00BF00BFFEE7CD
:108F200000BF00BF4046039900F046FA404503D019
:108F300000BF00BF00BFFEE700BF00BF4EB130461C
:108F4000039900F039FAB04203D000BF00BF00BF60
:108F5000FEE700BF5046039900F0ECFD0546BBF16B
:108F6000000F0FD100BF1DB900BF00BF00BFFEE75B
:108F700000BFB9FBF5F700BF1FB900BF00BF00BFBE
:108F8000FEE709E000BF05FB07F0484503D900BF35
:108F900000BF00BFFEE700BF8DE820033A46514600
:108FA00004F51E70039B00F0DDFC8DE860023A467C
:108FB000514604F52570039B00F0D4FC16B104F56E
:108FC000257000E00020024604F51E71204600F0E6
:108FD0003AF85946204600F053F8E06B20F0007054
:108FE00000F10070E063BDE8FF9F70B504460D46D8
:108FF00014B9FFF76BFD044604B970BD84F8405006
:10900000D4F8B00280F84C50E06928B1E0690068FB
:1090100065F30F20E1690860206A28B1206A0068C2
:1090200065F30F20216A0860606A28B1606A0068F1
:1090300065F30F20616A0860002237212046FFF7A0
:109040003DFF00BFD9E700B5034613B9FFF73EFD6A
:10905000034603B900BDD9611A62D8699862D86B1A
:1090600020F00070D86300BFF4E700B5024612B9E3
:10907000FFF72CFD024602B900BDD16200BFFBE73D
:1090800000B5024612B9FFF721FD024602B900BD44
:1090900082F83D1000BFFAE770B504460D4614B9DA
:1090A000FFF714FD044614B900BF00BF70BDC4F83B
:1090B0000453D4F8D802042816D1D4F8BC12086896
:1090C0000BF057FC80B9D4F8BC1248680BF051FC87
:1090D00050B9D4F8BC1288680BF04BFC20B9D4F816
:1090E000BC12086811F08AFB00BFDFE72DE9F041F0
:1090F00004460E46174614B9FFF7E8FC044614B9B7
:109100000020BDE8F0813A4631462046FFF7AAFE2E
:1091100005460DB90020F4E7D4F82003401BC4F83D
:109120002003D4F8200320B9002242212046FFF773
:10913000C5FE0120E5E72DE9F04105460F4616463C
:1091400000BF0D2E22D2DFE806F007090B0D0F112C
:10915000131517191B1D1F00002018E0542016E0DE
:109160002C2014E0382012E0502010E06C200EE09B
:1091700070200CE070200AE0402008E03C2006E06F
:10918000682004E0342002E0002000E00020804657
:1091900000BFB8F1000F03D100BF00BF00BFFEE762
:1091A00000BF08F160000AF0E1F8044600BF1CB9F6
:1091B00000BF00BF00BFFEE700BF97E80F00083404
:1091C0000FC4183C97E80F0018340FC4283CA5645E
:1091D00005F134000FC838340FC4483C95F84E00F0
:1091E00084F85800267104F1600060650120206554
:1091F000686808B96C6007E0686800E000680168AA
:109200000029FBD1046000BF2046BDE8F08110B505
:1092100004462C2120460AF0DAFAFF2084F82800C0
:109220000F2084F829002C20606110BD2DE9FF5F1C
:1092300004460E4600BF1CB900BF00BF00BFFEE7DA
:1092400000BF00BF206918B900BF00BF00BFFEE724
:1092500000BF1CB9002004B0BDE8F09F206908B928
:109260000020F8E725462C46A8881FFA80F9686890
:10927000070C2021204600F06CFB08B90020EAE72B
:1092800036B92888C0F30721484600F053FC06464B
:10929000288980B2B04201D10120DCE72988C1F3DE
:1092A0000720FEF788FF824609FB0AF0C01D4FEA3F
:1092B000D00B5E4503D200BF00BF0020CBE728885B
:1092C000C0F30722334639464846EAF719FF0390B0
:1092D000E1680398814201D20020BCE72888C0F3EE
:1092E0000720072801D1022016E02888C0F30720B4
:1092F000082801D104200FE02888C0F3072009289E
:1093000001D1102008E02888C0F307200A2802D1E4
:109310004FF4807000E000204FEA8008288980B276
:10932000B04226D2206900EB0801288982B2781E5B
:1093300002FB00100290206900EB0801781E06FB7A
:1093400000100190002000900FE05A46DDE9010175
:109350000AF0AFF9298989B20298401A029001985F
:10936000801B01900098401C00900098B842ECD3FC
:109370001CE0206940440290206940440190002094
:1093800000900FE05A46DDE901010AF092F92989BF
:1093900089B20298084402900198304401900098E4
:1093A000401C00900098B842ECD300BFA06866F360
:1093B0000F00A06001204EE770B504460D462A4616
:1093C0002146024800F004F870BD0000840C012022
:1093D00070B504460D461646E06820B13146284671
:1093E000E268904770BD0020FCE72DE9F04F89B09E
:1093F0000446894600BF1CB900BF00BF00BFFEE79E
:1094000000BF25462C46288986B2B9F1000F13D13A
:1094100000221146204600F034FA00906868000CE3
:1094200000FB06F100980AF0C0F94946204600F01A
:10943000E5F909B0BDE8F08F002005900690A088FE
:1094400080B2401E079001216068C1EB1040089077
:1094500005AA494601A8FDF7E1FA00B9E9E701A824
:10946000FDF7C9FA002800DCE3E701A8FDF7B0FA30
:10947000002800DCDDE72046DDE9011200F001FAFA
:1094800007462988C1F30720FEF795FE824601A80A
:10949000FDF7B1FA00FB0AF0C01D4FEAE00BDDF862
:1094A000088006E0594638460AF07FF9374408F14B
:1094B000010804984045F5DA4946204600F09EF937
:1094C00000BFB6E72DE9FE4F044600BF1CB900BF40
:1094D00000BF00BFFEE700BF2088C0F30725072DAF
:1094E0001FDB0A2D1DDC072D01D102200DE0082D08
:1094F00001D1042009E0092D01D1102005E00A2D39
:1095000002D14FF4807000E00020804627690026D9
:1095100004E007EB8600FFF771F8761C4645F8DBA0
:1095200078E0102D1FD160684FEA104AA0881FFA1A
:1095300080FB208980B2029027694FF000080FE07D
:109540003E464FF0000905E03046FFF757F8361D5C
:1095500009F10109D945F7D30298074408F1010838
:10956000D045EDD356E0142D28D160684FEA10495C
:10957000A08880B20290208986B270080190276985
:1095800006FB097A4FF0000B15E000974FF000083A
:1095900009E01AF808100098FEF71AFA0098801CE3
:1095A000009008F1010802988045F2D337440198F1
:1095B00082440BF1010BCB45E7D32BE0132D23D1D4
:1095C00060684FEA104AA08880B20290208980B279
:1095D000019027694FF0000813E03E464FF0000964
:1095E00008E096F802B059463046FEF7F1F9F61C4D
:1095F00009F1010902988145F3D30198074408F164
:109600000108D045E9D305E00B2D01DB0E2D01DD6E
:1096100000BF00BF0120BDE8FE8F2DE9F0410446E8
:109620000E4615461F4600BF1CB900BF00BF00BF55
:10963000FEE700BF00BFA06918B900BF00BF00BFB0
:10964000FEE700BF00BFA069806818B900BF00BF77
:1096500000BFFEE700BF00BF1DB900BF00BF00BFD5
:10966000FEE700BFA0693B462A463146D0F808C055
:109670002046E047BDE8F081F8B504460D461646A1
:109680001F4633462A4621460248009700F004F858
:10969000F8BD0000840C01202DE9F05F83460F46E1
:1096A00090461D46DDF828901C2009F05FFE044618
:1096B00000BF1CB900BF00BF00BFFEE700BF14B968
:1096C0000020BDE8F09FB9F1000F04D129463846CB
:1096D00000F030FA81464B462A4641463846EAF7C2
:1096E0000FFD82462A4651465846F4F7FAFC0646D4
:1096F00036B900BF00BF204607F042F80020E0E77F
:10970000606867F30F006060606868F31F40606026
:10971000206865F30F202060208880B200F540109B
:109720002060A06869F30F00A060206820F0FF00AF
:109730001930206029463046FFF73EFE2061666101
:10974000C4F80CA0C4F818B02046BAE770B50446B7
:1097500000BF1CB900BF00BF00BFFEE700BF04B9D7
:1097600070BD1021206801EA104080B100BFA069DF
:1097700018B900BF00BF00BFFEE700BFA5692846BB
:109780006169F4F793FC204606F0FAFF01E000BFA0
:1097900000BF00BFE4E72DE9F84307460C46264624
:1097A000308980B200903088C0F307237068020CC3
:1097B000B08881B23846FFF76FFF054615B9002023
:1097C000BDE8F8832068010C286861F31F40286019
:1097D0003021286841EA104161F31F402860E068A9
:1097E000E968884201D2E06800E0E86880462169C3
:1097F0004246286909F01EFE2846E1E77FB5044687
:109800000E4600BF1CB900BF00BF00BFFEE700BF8F
:1098100000BFA06918B900BF00BF00BFFEE700BFCE
:10982000A569686900B97FBD26B969462046F4F785
:1098300046FC6E46314620466A69904700BFF2E713
:10984000FEB505460C46228992B2D4E90301CDE962
:10985000002102902088C0F307236068020CA088D2
:1098600081B2284600F07EF80646012E01D030462F
:10987000FEBD2068010C286861F31F402860304657
:10988000F6E72DE9F04104460E46174600BF1CB925
:1098900000BF00BF00BFFEE700BF14B90020BDE855
:1098A000F081A08880B2B04203D96068B7EB104F56
:1098B00003D300BF00BF0020F1E725692088C0F373
:1098C0000720072801D1022016E02088C0F30720D6
:1098D000082801D104200FE02088C0F307200928C0
:1098E00001D1102008E02088C0F307200A2802D107
:1098F0004FF4807000E0002005EB8005208980B2E5
:1099000000FB07550EB92846C9E72188C1F3072097
:10991000FEF751FC704305EBD000C0E72DE9F05F86
:1099200004460D4616461F46DDE90CABDDE90A8903
:109930001C21204609F039FF25606660A760C4F845
:109940000C80C4F81090C4F814A0C4F818B0BDE896
:10995000F09F0246106801EA104008B101207047EC
:109960000020FCE72DE9F05F04460E4617469846B6
:10997000DDE90BABDDF8289000BF1CB900BF00BFCC
:1099800000BFFEE700BF14B90020BDE8F09F1C2116
:10999000204609F00AFFB9F1000F04D141463046D4
:1099A00000F0C8F8814609FB07F0584503D900BF0D
:1099B00000BF0020E9E72546686866F30F0068608D
:1099C000686867F31F406860286868F30F202860A4
:1099D000A86869F30F00A860288880B2286028680A
:1099E00020F0FF0019302860C4F810A0C4F814A0BB
:1099F0000748A061C4F80CB041465046FFF7DCFCB4
:109A00006169884201D000BF00BF0120BDE70000AE
:109A1000840C012010B5064800F00CF804481C30F6
:109A200000F008F80248383000F004F810BD0000DB
:109A3000840C01201FB5044606480021064BCDE9E1
:109A40000031064B064ACDE9021006492046FFF7D1
:109A500065FF1FBD83C6030845C4000853C4000842
:109A60009FC50008ABC5000810B5044600BF1CB96F
:109A700000BF00BF00BFFEE700BF0CB9002010BD53
:109A80002068C0F3004008B10020F8E720212068DA
:109A900001EA104018B900BF00BF0020EFE72046E0
:109AA000FFF710FD0121206841EA104161F31F40DA
:109AB00020600120E3E72DE9F04704460D461646F5
:109AC0001F46DDF8208014B90020BDE8F08715B9E5
:109AD0002088C0F30725B8F1000F04D1294630468D
:109AE00000F028F8804643462A4639463046EAF7D1
:109AF00007FB8146E068484503D200BF00BF002055
:109B0000E3E7206865F30F202060606866F30F00CC
:109B10006060606867F31F406060A06868F30F00D2
:109B2000A0602046D1E7026841EA124363F31F4276
:109B30000260704770B504460D462A462146024829
:109B400000F004F870BD0000840C012070B50446DC
:109B50000D461646A06920B131462846A2699047B5
:109B600070BD0020FCE7000070B50546284609F0EE
:109B7000FDFB044600BF1CB900BF00BF00BFFEE7ED
:109B800000BF0948D0F8340120600748C0F83441CC
:109B9000D0F83801401C0449C1F838010846D0F813
:109BA0003801A060204670BDB80B012070B50026BA
:109BB0000FF0F0F9044664B1D4F8B05206E029463B
:109BC000204600F00DF800B10126ED68002DF6D119
:109BD00000BF1EB906F0F4F800F05EF870BD00009A
:109BE0002DE9F84F80460C464FF0000965680020CB
:109BF000009013E02E68286D04280DD141462846B8
:109C0000F3F7ACFA01200090B9F1000F02D0C9F8C7
:109C1000006002E0666000E0A9463546002DE9D10B
:109C2000AA46A068D8B194F84D00C0B16068B0B938
:109C3000A06842680FE0107907280BD1106D48B971
:109C4000536DD869A04204D10120106500F024F8BA
:109C500003E000BF1268002AEDD100BF16E00098B3
:109C600008B9606890B10B48D0F834710BE0214618
:109C70003846FA68904783460BF1010008B14FF06F
:109C8000010A3F6800BF002FF1D100BF5046BDE878
:109C9000F88F0000B80B012001210248C0F84011E4
:109CA00070470000B80B012000BF0548D0F8400104
:109CB0000028FAD000210248C0F840117047000087
:109CC000B80B012010B504465421204609F07FFD51
:109CD000FF2084F820005420606110BD2DE9F04180
:109CE00080460C46676DC7F81080224E307D60BB01
:109CF000386870B14FF4002138680CF025FA40B193
:109D0000012030752246222138680EF0C3F8002069
:109D10003075642084F85A00002084F859003568B2
:109D200006E0286918B1214628462A6990472D681F
:109D3000002DF6D194F8590020B900BF00BF0420CF
:109D4000206501E0FFF732FF11E0642084F85A003B
:109D5000002084F85900356806E0286918B12146CA
:109D600028462A6990472D68002DF6D100BFBDE82E
:109D7000F0810000EC0C012070B504460D4616463B
:109D80000748D0F83801012803D12046F6F711FC26
:109D900070BD32462946204600F004F8F8E700007E
:109DA000B80B01202DE9F05F06460F46904670681B
:109DB00018B30FF0EFF88346FEF7B7FE81460FF0B9
:109DC000E9F88346FEF749FF82467568286D012849
:109DD00012D0A86800280FDCA9F10100296981428E
:109DE0000ADBE868002807DCAAF101006969814202
:109DF00002DB0020BDE8F09F00BF0FB1386800E033
:109E00007068044612E094F85900404502D094F876
:109E1000590050B9206D012807D1424621463046ED
:109E2000FAF788FC08B12046E4E72468002CEAD160
:109E30000020DFE710B504463021204609F0BEFCC3
:109E400010BD000038B5044670252A460021204682
:109E500009F05CFC00BFFEF791F90090BDF800002E
:109E6000343420839DF80200A076FF202077401C28
:109E700020606060A08B20F4805000F58050A083AB
:109E8000343C024961667020606138BD010000E029
:109E90002DE9F0479EB080460D4614461E4626B971
:109EA00000BF00BF1EB0BDE8F08700BF20681A9059
:109EB00060681B90A0681C90E0681D9000BF286B34
:109EC00038B9686BB0F5807F03D1A86BB0F5807F9F
:109ED00027D02046FCF78FFD81462046FCF778FD11
:109EE000824605F14400298F89B2AA8E92B2CDE94B
:109EF00000210290524649461AA82B6B07F00AF936
:109F00001A98216808441A901B98616808441B90AD
:109F10001C98216808441C901D98616808441D9095
:109F200000BF08F138021AA916A8FCF777FD00B99E
:109F3000B8E7002203A8E96907F098FA0746012F5D
:109F400002D000BF00BFADE716A8002303AA294630
:109F5000CDE9010600944046F8F750FC03A807F04D
:109F600009FA00BF9EE700002DE9F04FA3B0834639
:109F70000C4616469846B8F1000F04D100BF00BF4A
:109F800023B0BDE8F08F002210A8E16907F06EFA57
:109F90008146B9F1010F02D000BF00BFF0E7A08CED
:109FA00085B2606A070C04F15C00FCF724FD002810
:109FB00007DB04F15C000FC8CDE90E23CDE90C01ED
:109FC00005E096E80F00CDE90E23CDE90C01294606
:109FD0000CA8FCF7DEFE39460CA8FCF7D5FEDDF830
:109FE00030A01C4B0FCBCDE90A23CDE9080128E0B6
:109FF00017E032460CA904A8FCF710FD50B104A8E4
:10A000000CA908AB10AACDE90108009121465846D9
:10A01000F8F7F4FB0C9828440C900E9828440E9006
:10A0200000BF0C98B1688842E3DD0D9838440D906C
:10A030000F9838440F90CDF830A00AEB0500401E71
:10A040000E900D98F1688842D2DD10A807F092F9C1
:10A0500000BF95E7DCE5030870472DE9F041804635
:10A060000C46164694F85A00022801DCBDE8F0813F
:10A07000E06910B1E069007800B9F7E7A06A10B9AB
:10A0800000BF00BFF2E7052231464046FFF753F814
:10A0900005466C222146686D09F0CCF994F85D0004
:10A0A00000F0010070B16F6D616DE0690FF064FA4E
:10A0B000F86100BFF86918B900BF00BF00BFFEE734
:10A0C00000BF00BF29464046FFF708FE00BFCDE7AE
:10A0D00038B504466C21204609F070FBFF2084F857
:10A0E0005A00FEF74BF80090BDF80000A0859DF8DF
:10A0F000020084F82E004FF0FF3060651148A06226
:10A100004FF6FF706064A064FEF738F80090BDF869
:10A110000000A4F84C009DF8020084F84E000520D1
:10A120000EF03CFC0090BDF80000A4F84F009DF834
:10A13000020084F85100002084F859006C2060610E
:10A1400038BD000040D104082DE9FF4FD9B00C46BE
:10A1500017465998406D5890D4F82880599A38324B
:10A16000394653A8FCF75AFC5290529810B95DB08A
:10A17000BDE8F08F94F85800519094F85900509031
:10A18000E0699DF8441109B90121519100BF94F88B
:10A190005C00C0F3C00020B93846FCF72CFC579097
:10A1A00026E05898006848B1589908684FF4002193
:10A1B0000BF0CAFF10B9206A579019E000200A90EE
:10A1C0000B900C900D90606B0A90206B0B906FF0D1
:10A1D00060400C9094F85C00C0088DF834000AAB25
:10A1E00008A8A26AE1690FF093FF0898579000BF92
:10A1F000404606F0A7FA4F90216B4F9808444E90C6
:10A2000000204D904BA8D7E900120EF0D5FC00209D
:10A210004A904990A06B4A90E06B49904C994998BC
:10A2200008444C900025681E4890206E00B3499861
:10A23000F0B9786800281BDA206E80687968401AC7
:10A24000002804DD206E80687968401A03E0786891
:10A25000216E8968401A4E994900C1F58061884293
:10A2600003DD4FF0FF30216E0860206E00684890DB
:10A27000206E40B14898002805DB489D4C98216E1F
:10A28000496808444C90D4F854A00020449045906C
:10A2900046904790606B449094F85C00C0088DF83D
:10A2A0001C015798469044A80090E1694819002382
:10A2B000424651460FF0C8FD461929E0701BAAEB33
:10A2C000000A354644A80090E16948190023424637
:10A2D00051460FF0B9FD06444C994E9808444C90F5
:10A2E000206E88B14C9810F5806F0DDB206E0068F1
:10A2F000002809DA206E05604C987968401A216EB2
:10A3000048607868216E8860E069405D00B92EE79A
:10A310004C994F9801445998C06B8142CEDB9DF80F
:10A320004401022814D1711BE269501944AB424622
:10A330000FF065FF4D903846FCF75DFB4D99A0EBA3
:10A34000010B0BEBDB704B9901EB60004B9013E0C2
:10A350009DF8440103280FD1711BE269501944ABE9
:10A3600042460FF04CFF4D903846FCF744FB4D99A8
:10A37000401A4B9908444B90606C4390A16C4291F9
:10A3800042994398884204D9439842994391429014
:10A3900000BF32A8FFF74EFD3C34A07F8DF8DF00F0
:10A3A0003EA8359034F8100CADF8DC0014F80E0C13
:10A3B0008DF8DE0060683A902AA83690E06A3990FD
:10A3C000E07F8DF8E300208DADF8E00094F82A00DE
:10A3D0008DF8E20015A8FFF775FCA07F3C3C8DF8D6
:10A3E000740098F8160010B198F9160000E00120EA
:10A3F0001490002011908146FDF7C0FE0F900020C0
:10A400000E90E7E14B994A9808444B904B98139073
:10A4100000201290E06928440D907AE10020089015
:10A420004FF6FF714398884209D04298884206D07F
:10A43000129AA918EF4AE06912689047089012AB87
:10A4400006AA07A90D980FF0E3FC94F85C00082118
:10A4500001EAD00000287BD0E7A000780799884265
:10A4600013D1B9F1000F04D1129811904FF00109E6
:10A470004FE1B9F1010F02D14FF0000905E0B9F148
:10A48000020F02D14FF0000943E1B9F1010F07D1EA
:10A490000798202804D10E9810B901200E9001E0F1
:10A4A00000200E90B9F1010F4ED10798202800D05E
:10A4B0002FE1DDE91101081A072837D1119A0D980B
:10A4C0008118062204A808F0B5FF00208DF81600B8
:10A4D0009DF81100F6F760FE83469DF81000F6F730
:10A4E0005BFE0BEB0010C0B203909DF81300F6F773
:10A4F00053FE83469DF81200F6F74EFE0BEB00105C
:10A50000C0B202909DF81500F6F746FE83469DF80E
:10A510001400F6F741FE0BEB0010C0B20190DDE92C
:10A5200001210398FDF709FF0F900BE02E20005D3D
:10A530008DF83E0094F82C008DF83C002D20005D35
:10A540008DF83D004FF002090E9800B1E1E0FFE701
:10A5500094F85C00082101EAD00028B1B9F1020F9B
:10A5600002D10898C01F08902AA94046DDE90632AA
:10A5700005F0C3FF07980FF0F5FE08B1002101E0D8
:10A58000BDF8AC101091606B00EBD0714B9AA2EB50
:10A5900061013E914C983F90616B481C00EBD0717B
:10A5A0004A104B9B10991944491E114440914C99F3
:10A5B0004E980844401E4190701B129988425AD808
:10A5C00094F85C0000F0010028B3139802904B99B6
:10A5D00010980844401E04904C98D8F80C10084479
:10A5E000D8F81010401A98F91510401A03900399E2
:10A5F00014980844401E0590A08DADF8750094F89D
:10A600002E008DF8770002AB15AA0021DDF870C18D
:10A610005998E04700BF94F85C0000F0020050B386
:10A62000139802904B9910980844401E0490D8E962
:10A630000312891A4900032291FBF2F14C9A11444A
:10A6400098F9160000EBD07201EB620103910399B7
:10A6500014980844401E0590A08DADF8750094F83C
:10A660002E008DF8770002AB15AA0021DDF870C12D
:10A670005998E04700BF4FF6FF714398884221D0B8
:10A68000429888421ED04399089888421AD342992A
:10A690000898884216D234F84C0FADF8DC00A07848
:10A6A0008DF8DE00B4F80300ADF8750060794C3C1D
:10A6B0008DF877003EAB15AA0021DDF870C15998DE
:10A6C000E04712E0B9F1020F08D1BDF83C00ADF847
:10A6D000DC009DF83E008DF8DE0006E0A08DADF8B0
:10A6E000DC0094F82E008DF8DE005C990798434654
:10A6F0004BAACDE9000132A9599805F093FA1098B8
:10A70000002805DD4B99626B1098104408444B906B
:10A7100000BF1298504504D2701B129988423FF630
:10A720007DAE002009900A900B900C90606B099010
:10A7300094F85C00C0088DF8300057980B90701B9F
:10A74000AAEB000A3546BAF1000F09D009A800901B
:10A75000E16948190023424651460FF075FB064453
:10A7600038684B909DF84401022814D1711BE269AE
:10A77000501909AB42460FF042FD4D903846FCF7A8
:10A780003AF94D99A0EB010B0BEBDB704B9901EB08
:10A7900060004B9013E09DF8440103280FD1711B1A
:10A7A000E269501909AB42460FF029FD4D90384639
:10A7B000FCF721F94D99401A4B9908444B904C995C
:10A7C0004E9808444C904C995998406C814200DD59
:10A7D00008E000BFBAF1000F04D0E069405D002836
:10A7E0007FF410AE00BF3D9810B13D98FEF7AEFF6C
:10A7F00000BFBCE4A4600408230000002DE9FE4F64
:10A8000081460C461546606B002802DDA06B0028CF
:10A8100001DCBDE8FE8F072229464846FEF78BFC87
:10A820000646776D70222146384608F003FE002068
:10A8300030652846FCF7CCF882462846FCF7DBF862
:10A84000834604F14400218F89B2A28E92B2CDE9F1
:10A85000002102905246594606F11800236B06F07B
:10A8600059FC06F11800D5E90012FCF779FA0A49FB
:10A87000786E884204D195E80F005C370FC76C3FB3
:10A88000D4F81C80012088F84D0031464846FFF777
:10A8900025FA00BFBDE70000010000E02DE9F0410E
:10A8A0000446206818B120680069BDE8F08104F111
:10A8B0001400FCF7A0F8074604F11400FCF788F830
:10A8C000054694F84C103846FFF734F900FB05F6BE
:10A8D00094F84C20002329463846FEF7CDFE206030
:10A8E000206818B900BF00BF0020DEE70A48D0F892
:10A8F0003C0181190848C0F83C1100BF00BF94F822
:10A900004C00FDF7A8FC18B100212068FEF76DFD92
:10A9100020680069C9E70000B80B01202DE9F0416B
:10A9200004460E461746502008F020FD054600BF9D
:10A930001DB900BF00BF00BFFEE700BF15B9002072
:10A94000BDE8F0813B4632462146284600F013F828
:10A950002CB194F84E0085F84E00A06CA8642846EF
:10A96000EEE770B504460D46164632462946206885
:10A97000FEF787FF70BD2DE9F04104460F46904673
:10A980001E46204608F0F5FA0EF004FB0546A760C7
:10A9900096E80F0034340FC4443C96E80F0014349A
:10A9A0000FC4243C96E80F0024340FC4343C84F8D0
:10A9B0004C80D5F8B40220B121462846D5F8B422FF
:10A9C0009047D5F8B00240B1D5F8B00200E0C068B9
:10A9D000C1680029FBD1C46001E0C5F8B042BDE800
:10A9E000F0812DE9F04F87B081468A4616461D4614
:10A9F000109CE068301A0690A068AAEB0000059051
:10AA00002069B4287DDA6069B428FBDA206900285F
:10AA100077D060690028FBD0D4E90410814270DD52
:10AA2000E068B04203DD012007B0BDE8F08F606F41
:10AA30000699484380120490E16B0698401C4143FC
:10AA40004FEAA1282069B0F5877F09DD2069B0F5BC
:10AA5000B47F05DAB8F1000F02DA4FF0000817E012
:10AA60002069002808DD20695A2805DCB8F1000FAC
:10AA700002DA4FF000080BE020695A2808DD20694F
:10AA8000B0F5877F04DAB8F1000F01DD4FF0000860
:10AA90006069B0F5877F09DD6069B0F5B47F05DADC
:10AAA000B8F1000F02DA4FF0000817E060690028E3
:10AAB00008DD60695A2805DCB8F1000F02DA4FF0B2
:10AAC00000080BE060695A2808DD6069B0F5877FEF
:10AAD00004DAB8F1000F01DD4FF000080498A0EB94
:10AAE0000800401003904FF0010B012002900398E2
:10AAF00008EB000105980F1AAF4200DD2F46002F2A
:10AB000000E031E010DD04F118003B4632465146CA
:10AB10000090484600F046F98346BBF1000F03D190
:10AB20003946484608F0B6FEAF4200DD2F46002FFA
:10AB300000DA002704F15000EB1B0AEB070100903C
:10AB400009EB0700324600F02DF90290029820B977
:10AB5000E91B09EB070008F09DFE0298834501D12F
:10AB6000584661E702205FE72069B4287DDD60690F
:10AB7000B428FBDDD4E904108142F7DDE068B0427F
:10AB800001DA012050E7606F069948438012049073
:10AB9000E16B0698401C41434FEAA1282069B0F5BB
:10ABA000877F09DD2069B0F5B47F05DAB8F1000FC1
:10ABB00002DA4FF0000817E02069002808DD20695C
:10ABC0005A2805DCB8F1000F02DA4FF000080BE05C
:10ABD00020695A2808DD2069B0F5877F04DAB8F1CA
:10ABE000000F01DD4FF000086069B0F5877F09DDD7
:10ABF0006069B0F5B47F05DAB8F1000F02DA4FF002
:10AC0000000817E06069002808DD60695A2805DC43
:10AC1000B8F1000F02DA4FF000080BE060695A2823
:10AC200008DD6069B0F5877F04DAB8F1000F01DD57
:10AC30004FF000080498A0EB0800401003904FF07C
:10AC4000010B01200290039808EB000105980F1AF0
:10AC5000AF4200DD2F46002F12DD04F150003B46CD
:10AC6000324651460090484600E029E000F09AF84C
:10AC70008346BBF1000F03D13946484608F00AFE6F
:10AC8000AF4200DD2F46002F00DA002704F1180044
:10AC9000EB1B0AEB0701009009EB0700324600F0BE
:10ACA00081F80290029820B9E91B09EB070008F02F
:10ACB000F1FD0298834501D15846B5E60220B3E67E
:10ACC0000127B8462069B42805D1E068B04200DD0C
:10ACD00022E0032720E0206930B9E068B04201DDBE
:10ACE000032719E0012717E02069B42802DAE06899
:10ACF000B04205DC2069B42804DDE068B04201DC24
:10AD0000032709E004F118002B4632465146009013
:10AD1000484600F047F807466069B42808D1E06863
:10AD2000B04202DD4FF0030826E04FF0010823E0B7
:10AD3000606940B9E068B04202DD4FF001081BE0F5
:10AD40004FF0030818E06069B42802DAE068B04206
:10AD500005DC6069B42805DDE068B04202DC4FF034
:10AD6000030809E004F150002B463246514600909A
:10AD7000484600F017F8804617B1B8F1000F01D12E
:10AD8000002051E6032F04D1B8F1030F01D10020B8
:10AD90004AE6012F04D1B8F1010F01D1012043E6A9
:10ADA000022041E62DE9F84F82460D4690461E46A8
:10ADB0000A9C206AA8EB0008E0692D1AE06A0028C6
:10ADC0006AD194F8340000F0010008B3207E00F04E
:10ADD000070020B1207E00F00700012802D10120E9
:10ADE000BDE8F88F207E00F00700022804D1B8F1FA
:10ADF000000F01DA0120F3E7207E00F007000328AE
:10AE000004D1B8F1000F01DD0120E9E70020E7E7F8
:10AE1000207E00F00700022804D0207E00F007000A
:10AE2000032801D10120DBE7207E00F00700012884
:10AE300002D1002D00DDD3E7207E00F00700A0B98D
:10AE4000A819002801DA0120CAE76F42002F01DAB1
:10AE50000020C5E7002F06DBB74204DAF11B0AEB3E
:10AE6000070008F017FD0220BAE7A819002801DA48
:10AE70000020B5E76F42002F00DA0027B74201DB60
:10AE80000020ADE7002F05DBB74203DA3946504614
:10AE900008F000FD0220A3E794F8340000F0010060
:10AEA00040B133464246294650460094FAF715FF12
:10AEB000814607E033464246294650460094FAF759
:10AEC000FDFF814648468BE72DE9F04F8FB0804665
:10AED0008A4691461D461898007F00F001000E90AA
:10AEE000189880690D901899083109A8FBF7B1FCF2
:10AEF0000E9848B90A98484502DC0C9848450BDA88
:10AF000000200FB0BDE8F08F0A98484502DC0C988D
:10AF1000484501DA0120F4E709990D9808445045A5
:10AF200006DC0AEB05010B9A0D98101A814209DD27
:10AF30000A990D980844484554DCDDE90C10081ABC
:10AF400048454FDB0E9848BB0998A0EB0A000190DA
:10AF50000198A84201DD0020D3E70198002803DB17
:10AF60004046019908F096FC0B98A0EB0A0000F10E
:10AF7000010BBBF1000F01DC0020C2E7AB4505DA95
:10AF8000A5EB0B0108EB0B0008F084FC019818B945
:10AF9000AB4501D10120B4E70220B2E70998A0EB4C
:10AFA0000A0BBBF1000F01DA4FF0000BAB4516DCCA
:10AFB0000B98A0EB0A00A0EB0B00401C019001983D
:10AFC0005844A84202DDA5EB0B000190019800282F
:10AFD00004DB08EB0B00019908F05CFC00BF00BF2C
:10AFE00002208EE70998A0EB0A00089009A8FBF759
:10AFF00002FD079009A8FBF7EBFC06900998AAEB65
:10B00000000A0A98A9EB00090D98814505DA0D9808
:10B01000A0EB0900401E039005E00D990698401A28
:10B02000A9EB00000390189904AB05AA086A0399DC
:10B03000F5F7EAFD0290DDE9071001440D98081AC2
:10B04000049946180D99089808440499401A471E17
:10B050000E9800285CD1002423E00598001B401EB8
:10B06000029911F800B0301900280BDB3019A84202
:10B0700008DA301918F80010584610F033F8311972
:10B0800008F80100381B0BD4381BA84208DA381B1B
:10B0900018F80010584610F025F8391B08F8010080
:10B0A000641C05988442D8DB3019A84201DA3019B3
:10B0B00000E02846002801DA002005E03019A84207
:10B0C00001DA301900E028460646A91B08EB060005
:10B0D00008F0E0FB0598381A401CA84203DA0598EE
:10B0E000381A401C00E02846002801DA002009E058
:10B0F0000598381A401CA84203DA0598381A401CF3
:10B1000000E0284607463946404608F0C3FB5AE0AF
:10B11000002425E00598401E011B0298405CC0F108
:10B12000FF000090301900280BDB3019A84208DA24
:10B13000301918F8001000980FF0D4FF311908F8F2
:10B140000100381B0BD4381BA84208DA381B18F84A
:10B15000001000980FF0C6FF391B08F80100641CAE
:10B1600005988442D6DB781CA84200DA00E0284625
:10B17000002801DA002004E0781CA84200DA00E090
:10B1800028468346A6EB0B00A5EB0B01884202DAAA
:10B19000A6EB0B0001E0A5EB0B00002801DA002074
:10B1A0000AE0A6EB0B00A5EB0B01884202DAA6EB46
:10B1B0000B0001E0A5EB0B00019008EB0B000199DF
:10B1C00008F068FB00BF02209BE62DE9F04106462F
:10B1D0000F4696F84C00FDF73EF818B900BF00BFC7
:10B1E000BDE8F0810B2206F114013046FDF7A3FF04
:10B1F000054634223946686D08F01CF96C6D2661ED
:10B200002068A0B14FF4002120680AF09DFF70B1C2
:10B210004FF4002120680CF0E1FA2A462221386818
:10B220000CF038FE4FF40021206808F07AFB294624
:10B230003046FEF753FD00BFD2E770B50446342513
:10B240002A460021204608F061FA00BF70BD2DE9B2
:10B25000F74F92B00C461746D4F8840088B194F8A2
:10B26000310002280DDDD4F8840001280CD1D4F877
:10B270009000002808DCD4F8880028B9D4F88C00A5
:10B2800010B94FF0000801E04FF0010894F82E00CB
:10B29000022802DC4FF0000901E04FF0010994F8A8
:10B2A0002B00022801DD206A10B90020109001E077
:10B2B0000120109094F82F0002280BDD206F48B178
:10B2C00094F87400C0F3401020B994F8740000F0B2
:10B2D0001F0010B94FF0000A01E04FF0010A94F886
:10B2E0003000022801DDA06F10B90020119001E0AC
:10B2F0000120119001200F9094F82E00FF2802DA0F
:10B3000000200F9018E04320005D00F00F0098B17E
:10B3100000200BE000EB800204F138011144C978F1
:10B32000FF2902D000210F9104E0401C4221095D59
:10B330008142EFD800BF00BFB8F1000F40D0032218
:10B3400039461298FDF7F7FE05466E6D8434E268C3
:10B35000114605F11800FBF754FB2268114605F170
:10B360001800FBF74EFBD4E90112843C05F11800EC
:10B37000FBF7F6FC1C2221463046E4F7EDFF3820AF
:10B380007061E069F0618220B4F880103184005D62
:10B3900086F8220054F8840F7062E068B06214F8F6
:10B3A000530C86F834006068F062A068843C306317
:10B3B0000F9886F8350029461298FEF78FFC00BFDB
:10B3C000B9F1000F52D0381D0DC839680CAE0DC64A
:10B3D0000B91206F01281FDD94F82F00FD281BDB47
:10B3E000E069C8B10B9814F8741FC1F380010844D8
:10B3F0000B902178C1F340010C9808440C902178FF
:10B40000C1F3C0010D98401A0D900E9814F87419EC
:10B4100001F00101401A0E9001220BA91298FDF7CC
:10B420008AFE05466E6D3046FEF74CFC1C22214616
:10B430003046E4F791FF54207061E069F061608E5E
:10B44000A6F8210094F8340086F82300302204F195
:10B45000380106F12400E4F77FFF94F82E0086F807
:10B46000200029461298FEF739FC00BF10980028EA
:10B470007CD0206A06F022F9834601200E90BBF1B1
:10B48000000F02D0BBF1010F05D10BA9206A05F016
:10B49000BBFF0E9008E00C210BA808F098F9BBF157
:10B4A000030F01D100200E900E98012861D1BBF14D
:10B4B000000F02D0BBF1010F5CD194F82D0030B128
:10B4C000062239461298FDF736FE05461CE000209C
:10B4D0000790089009900A900C9880B2401E09903D
:10B4E00001200C99C0EB11400A900020034609226C
:10B4F00007A900903846FAF7F9FF062207A9129823
:10B50000FDF719FE054600BF6E6D3046FEF79AFC4A
:10B510001C2221463046E4F71FFF702046F8140F26
:10B520001C346068B060E07B86F83C00A0893087FE
:10B53000A07B86F83A00207C86F83B00617CB08FC7
:10B5400061F34D30B087E06C30640BA807C8C6E9E2
:10B550000412F06054F81C09B06197E80F004836F7
:10B560000FC6583E143E2946129800E04BE0FEF705
:10B57000B5FB47E0002005900690079008908DF8F5
:10B5800020006FF06040079000200690059005AB0A
:10B5900009A8D4E908120EF0BBFD0020019002902A
:10B5A000039004900998401E03900A98401E04904E
:10B5B00000200346092201A900903846FAF796FFB9
:10B5C000052201A91298FDF7B6FD05466E6D3046BD
:10B5D000FEF77EFD1C2221463046E4F7BDFE6C20BE
:10B5E0007061208DB08594F82A0086F82E00606A7C
:10B5F000B062206AF0610520287129461298FEF792
:10B600006DFB00BF00BFBAF1000F26D00222394601
:10B610001298FDF790FD05466E6D1C2221463046BE
:10B62000E4F79AFE2C2046F8140FE069B060B4F8F5
:10B630006C00B08194F86E00B07394F82F003075F0
:10B64000206F306194F8740000F01F007075143E94
:10B6500029461298FEF742FB00BF1198E8B397E81D
:10B660000F000BAE0FC6D4E91E03C218C1180BA8F9
:10B67000FBF7C7F902220BA91298FDF75CFD0546FE
:10B680006E6DA26F114605F11800FBF7BAF9E26F73
:10B69000114605F11800FBF7B4F91C22214630468B
:10B6A000E4F75AFE2C20706147F6FF71E06988428A
:10B6B00000D104E0A16FE0690844E16F084446F856
:10B6C0001C0FB4F87500B08094F87700B07194F84E
:10B6D00030003073A06FB06000E007E00F2070739F
:10B6E0001C3E29461298FEF7F9FA00BF15B0BDE8D6
:10B6F000F08F000038B504469421204608F067F822
:10B70000FDF704F80090BDF8000060869DF8020087
:10B7100084F83400FCF7FAFF0090BDF800002087A1
:10B720009DF8020084F83A00FCF728FD00903F20C5
:10B73000BDF80010A4F83D109DF802100155FF213E
:10B7400084F84110022142200155FCF717FD0090BA
:10B75000BDF80000A4F86C009DF8020084F86E00AB
:10B76000FCF70CFD00908220BDF80010A4F88010BA
:10B770009DF802100155094844F8240FFF20A072DB
:10B78000E0712073E072607394F8500020F01F00A5
:10B790000F3084F85000243C38BD000040D104082C
:10B7A0002DE9F74FADF5087D0C4694F83A000228D4
:10B7B00003DC0DF50B7DBDE8F08F206A00B9F8E7DA
:10B7C000D4E90901884200D1F3E7256A208FA84215
:10B7D00000DA258F8A98D0E901320168C068859324
:10B7E000869284918790889A383284A980A8FBF742
:10B7F00015F900B9DDE7606B28BB606A00F5B4702D
:10B80000A16A884205D0D4E9091000F5B4708142DC
:10B8100019D107A8FDF7FBFC94F83A008DF8440015
:10B82000A08BADF83C00A07F8DF83E00109547F648
:10B83000FF700E900F208DF8450084AA07A9889804
:10B8400001F037FEB5E700BF84987C9085987D9025
:10B8500086987E9087987F9000BF7C98216A0844E4
:10B860007C907D98216A08447D907E98216A401AD8
:10B870007E907F98216A401A7F90D4F82490D4F863
:10B8800028A001E0A9F5B479B9F5B47FFADA01E0AE
:10B89000AAF5B47ABAF5B47FFADA002078907990F4
:10B8A0007A907B90CDF800A04B4655A8D4E90B12B6
:10B8B00003F0E4F855A87890002347F6FF7284A9B6
:10B8C0004CA803F0CDFA4CA87990002042907CA8B7
:10B8D000FBF791F800280FDD7CA8FBF779F800282A
:10B8E0000ADD012347F6FF727CA943A803F0B8FAEA
:10B8F00043A87A900120429080A8FBF769F8419014
:10B9000080A8FBF778F80746384607F0F5FC0646AE
:10B9100080A80FC8CDE93F23CDE93D012C212EA8F9
:10B92000E4F733FD349694F83A008DF8CC003DA846
:10B930002E90369000202D90606B30B9A08BADF822
:10B94000CD00A07F8DF8CF004EE000221AA8616BD9
:10B9500005F08CFD1190119808B1259840B900BFF1
:10B9600000BFA08BADF8CD00A07F8DF8CF003AE0EE
:10B97000002039903A902598808880B2401E3B90F4
:10B98000259840680121C1EB10403C902599898899
:10B9900088B200EBD07149101091236B10981A1ADD
:10B9A000E36A191A39A8FBF7DBF939A83290259810
:10B9B00000692F902598008980B2309025980088E2
:10B9C000000A8DF8C4009DF8C40014280AD1122082
:10B9D0008DF8C4003298FAF7FBFFDDE92F1202FB65
:10B9E00000102D9000BF00BF4FF0000B94F83B00FB
:10B9F00000F0010000285FD005FB05F007F07CFC9B
:10BA0000834600BFBBF1000F03D100BF00BF00BFE2
:10BA1000FEE700BF05FB05F2FF21584607F076FE62
:10BA200000200E900F9010901190681E10901190B1
:10BA300005EBD570421000230EA905A8019503F06F
:10BA40000FFA00200390049005A80390CDF808B0E9
:10BA50004FF0000812E043460022009503A8029927
:10BA600003F084F80190019818B92946029807F06C
:10BA7000DBFE02982844029008F10108A845EADBA1
:10BA800005A803F0C3F8EAB2218F16AB0FFA89F0CC
:10BA9000F5F77AF916A8D4E90B12FBF761F9EAB2C7
:10BAA000218F12AB0FFA8AF0F5F76EF912A8D4E9DC
:10BAB0000B12FBF755F900BF3E9840904FF000087D
:10BAC00076E03A46FF21304607F020FE00973146E7
:10BAD00078A8DDE93D2303F049F88DF8D40094F807
:10BAE0003B0000F0010088B317993E98884214DBB0
:10BAF00019993E98884210DC9DF8D40030B9394637
:10BB0000304607F091FE02208DF8D400334616AA85
:10BB10003DA958460095E8F7A2FF13993E98884240
:10BB200014DB15993E98884210DC9DF8D40030B99A
:10BB30003946304607F078FE02208DF8D4003346AF
:10BB400012AA3DA958460095E8F789FF2D9818B329
:10BB50009DF8D40000B32D99329B3E9A5B68D21AAF
:10BB6000309B5B0803FB0211329B3D9A1B68D21A83
:10BB70001144002006E0325C0B5C12FB03F212124F
:10BB80003254401CB842F6DB9DF8D420012A02D181
:10BB900002228DF8D42000BF2EA9889800F026F844
:10BBA0003E98401C3E904098401C409008F101088F
:10BBB0004198804585DB55A803F028F84CA803F090
:10BBC00025F8429810B143A803F020F8304604F05D
:10BBD000D7FD606B10B11AA805F0CCFBBBF1000FCC
:10BBE00002D0584604F0CCFD00BFE2E52DE9F04755
:10BBF00096B007460C46207D022802DC16B0BDE850
:10BC0000F087A06910B1207F00B9F7E707F138028B
:10BC100012A82168FAF702FF00B9EFE7BD6C2868A7
:10BC200000891FFA80F895F84C0002F097FC064650
:10BC30001EB121463846B047E0E76068002857D17A
:10BC400012A8FAF7D8FE089012A8FAF7C1FE0990D8
:10BC5000CDF82880207D8DF83700B4F81500ADF8B8
:10BC60003400E07D8DF8360000200C90A06910B9FA
:10BC700000200B9007E0207F012802D100200B90CC
:10BC800001E0A0690B9012A80FC8CDE91023CDE9FF
:10BC90000E01A8694242686941420EA8FBF760F8AC
:10BCA000139BA8691A1A12986B69C11A2846FEF7E5
:10BCB00058FE07900B98A8B1606A18B9206AFAF785
:10BCC0009AFE00E0606A0C901298216A0968401A96
:10BCD0001399226A5268891A0C9A02FB01000B9987
:10BCE00008440B9095F84C0007A900F09EF89AE0E4
:10BCF00012A912A82269FAF791FE00B97EE7206A1C
:10BD000030B112A912A8226AFAF788FE00B975E7C5
:10BD100012A8FAF770FE029012A8FAF759FE0390E3
:10BD2000CDF81080207D8DF8250094F828008DF83E
:10BD30002600A0680890207B8DF82400D4F8049099
:10BD4000207BFCF738FA8246139821694968401A2B
:10BD5000089901FB0099129821690968411A01FBB1
:10BD60000AF109EBD109CDF81C9000200690A069DA
:10BD700010B90020059007E0207F012802D10020A3
:10BD8000059001E0A06905900598F8B100BF206A10
:10BD900018B900BF00BF00BFFEE700BFA069059053
:10BDA000606A08B1606A02E0206AFAF724FE069031
:10BDB0001298216A0968401A1399226A5268891AEE
:10BDC000069A02FB010005990844059012A80FC8C5
:10BDD000CDE90C23CDE90A01A869424268694142D4
:10BDE0000AA8FAF7BDFF2369D3E90020D3E90213BB
:10BDF000CDE91013CDE90E20A8694242686941429D
:10BE00000EA8FAF7ADFF139BA8691A1A12986B696E
:10BE1000C11A2846FEF7A5FD019095F84C0001A92E
:10BE200001F017F900BF00BFE8E670B505460C4603
:10BE3000112D23D008DC062D29D0072D2FD00F2D52
:10BE400017D0102D2FD110E0122D06D0152D22D095
:10BE50001A2D18D01B2D26D103E0204600F071FDCD
:10BE600022E0204600F0B0FE1EE0204600F038F947
:10BE70001AE00321204600F0E9FF15E004212046E6
:10BE800000F0E4FF10E0204600F025FA0CE0204628
:10BE900000F096FC08E0204600F008F804E0204698
:10BEA00000F04EFB00E000BF00BF70BD2DE9F04F79
:10BEB00085B00646D6F80490D6F808B096F81BA0D0
:10BEC000D6F8108070690490F068039001A8FCF720
:10BED00021FBB8F1000F7CD1BAF1FD0F79DBB0691D
:10BEE000FCF718FA8DF80000FF208DF80100356886
:10BEF00000277DE0002467E005EB4400BDF800105A
:10BF00000180601C05EB4000BDF800100180A01C02
:10BF100005EB4000BDF800100180E01C05EB40007F
:10BF2000BDF800100180201D05EB4000BDF8001099
:10BF30000180601D05EB4000BDF800100180A01DD0
:10BF400005EB4000BDF800100180E01D05EB40004E
:10BF5000BDF80010018004F1080005EB4000BDF8B9
:10BF60000010018004F1090005EB4000BDF800104D
:10BF7000018004F10A0005EB4000BDF800100180CB
:10BF800004F10B0005EB4000BDF80010018004F146
:10BF90000C0005EB4000BDF80010018004F10D001D
:10BFA00005EB4000BDF80010018004F10E0005EB28
:10BFB0004000BDF80010018004F10F0005EB4000C7
:10BFC000BDF8001001801034A9F11000A04293DCEC
:10BFD00006E011E005EB4400BDF800100180641C90
:10BFE0004C45F7DB28460399F2F726FE05467F1CF1
:10BFF0005F45FFF67FAF70E0B8F1000F20D1BAF1D6
:10C00000FD0F1DDAB069FCF785F98DF800008DF899
:10C0100001A03568002710E0002406E005EB44018C
:10C0200001AA0098FBF766FD641C4C45F6DB284628
:10C030000399F2F701FE05467F1C5F45ECDB4CE0FF
:10C04000B8F1000F24D0BAF1FD0F21DBB069FCF785
:10C0500061F98DF800003568002716E000240AE039
:10C0600018F804008DF8010005EB440101AA0098BE
:10C07000FBF740FD641C4C45F2DB28460399F2F7C0
:10C08000DBFD0546049880447F1C5F45E6DB24E029
:10C09000B069FCF73FF98DF800003568002719E01A
:10C0A00000240DE018F8040000FB0AF000128DF8DF
:10C0B000010005EB440101AA0098FBF71BFD641C7D
:10C0C0004C45EFDB28460399F2F7B6FD0546049888
:10C0D00080447F1C5F45E3DB00BF05B0BDE8F08F07
:10C0E0002DE9F04F8BB00746D7F804A0B8680A9046
:10C0F00097F81BB0D7F8109078690990F868089005
:10C1000004A8FCF72CFAB9F1000F51D1BBF1FD0FD7
:10C110004EDBB869FCF7EBFA06463D684FF00008C5
:10C1200042E000242FE045F82460601C45F82060C0
:10C13000A01C45F82060E01C45F82060201D45F853
:10C140002060601D45F82060A01D45F82060E01DBE
:10C1500045F82060401C45F82060401C45F82060F0
:10C16000401C45F82060401C45F82060401C45F804
:10C170002060401C45F82060401C45F82060401CB1
:10C1800045F820601034AAF10F00A042CBDC02E099
:10C1900045F82460641C5445FADB28460899F2F7F8
:10C1A00051FD054608F101080A988045B9DB8FE08A
:10C1B000B9F1000F29D1BBF1FD0F26DA5946B86954
:10C1C000FCF767FA03903D684FF0000819E000247F
:10C1D0000EE005EB8400006804AA01460190039874
:10C1E000FBF717FE029005EB840002990160641CC6
:10C1F0005445EEDB28460899F2F724FD054608F180
:10C2000001080A988045E2DB62E0B9F1000F2FD007
:10C21000BBF1FD0F2CDBFF21B869FCF73AFA039064
:10C220003D684FF000081FE0002412E019F80400F8
:10C230008DF80F0005EB8400006804AA0146019008
:10C240000398FBF7E6FD029005EB8400029901607C
:10C25000641C5445EADB28460899F2F7F3FC0546CE
:10C260000998814408F101080A988045DCDB2FE039
:10C270005946B869FCF70DFA03903D684FF0000885
:10C2800022E0002415E019F8040000FB0BF0001276
:10C290008DF80F0005EB8400006804AA01460190A8
:10C2A0000398FBF7B6FD029005EB8400029901604C
:10C2B000641C5445E7DB28460899F2F7C3FC0546A1
:10C2C0000998814408F101080A988045D9DB00BF2C
:10C2D0000BB0BDE8F08F2DE9F04F8DB00546D5F8D5
:10C2E00004A0D5F808B0EF7ED5F8108068690C90EE
:10C2F000E8680B9007A8FCF71FF9FD2F00DBFF276C
:10C300003946A869FCF7C5F90690FF2F02D10698B7
:10C31000059013E08DF817709DF81A00784300120D
:10C320008DF816009DF81900784300128DF815005D
:10C330009DF81800784300128DF81400B8F1000F32
:10C340001AD1FD2F18DBA869FCF7D1F90490D5F8B4
:10C35000009000260DE0002403E0049849F8240032
:10C36000641C5445F9DB48460B99F2F768FC81469A
:10C37000761C5E45EFDBE0E0B8F1000F21D1FD2F28
:10C380001FDAD5F80090002618E000240EE009EB33
:10C390008400006807AA014603900598FBF79FFDFB
:10C3A000049009EB840004990160641C5445EEDBA1
:10C3B00048460B99F2F743FC8146761C5E45E4DB68
:10C3C000BBE0B8F1000F5BD0FD2F59DBD5F8009032
:10C3D000002652E0002446E00698049018F8040075
:10C3E000FD280EDB09EB8400006807AA01460290D5
:10C3F0000498FBF774FD039009EB84000399016036
:10C4000030E018F8040002282CDD18F804008DF83C
:10C4100013009DF812009DF8131010FB01F000129C
:10C420008DF812009DF811009DF8131010FB01F01B
:10C4300000128DF811009DF810009DF8131010FBEC
:10C4400001F000128DF8100009EB8400006807AAC3
:10C45000014602900498FBF742FD039009EB84002B
:10C4600003990160641C5445B6DB48460B99F2F70A
:10C47000E6FB81460C988044761C5E45AADB5CE0B6
:10C48000D5F80090002655E0002449E00698049075
:10C4900018F804007843001203900398FD280EDB7F
:10C4A00009EB8400006807AA014601900498FBF795
:10C4B00016FD029009EB8400029901602FE018F844
:10C4C000040002282BDD03988DF813009DF812005C
:10C4D0009DF8131010FB01F000128DF812009DF86A
:10C4E00011009DF8131010FB01F000128DF81100DF
:10C4F0009DF810009DF8131010FB01F000128DF84C
:10C50000100009EB8400006807AA01460190049816
:10C51000FBF7E5FC029009EB840002990160641CC2
:10C520005445B3DB48460B99F2F789FB81460C98DA
:10C530008044761C5E45A7DB00BF0DB0BDE8F08FE0
:10C540002DE9F04F89B00546D5F804A0A8680890F9
:10C5500095F81B802F6968690790E8680690A869BC
:10C56000FBF7D8FE0646C01706EB50604FEAE0190D
:10C5700028680590E869C11700EB5171C910A0EB5C
:10C58000C1040FBBB8F1FD0F1EDB4FF0000B17E02D
:10C5900000260CE0B9F1000F04D03119059819F00C
:10C5A0003EFC03E031190598F0F73CFE761C564539
:10C5B000F0DBDDE90501F2F748FB05900BF1010B1B
:10C5C00008988345E4DBF8E0002F42D1B8F1FD0F75
:10C5D0003FDABB4639E000262EE03019C11700EBE8
:10C5E0005171CA100599114404913019C11700EB1B
:10C5F0005171C910A0EBC101C1F10702049909787A
:10C60000114101F00101039108FB09F0C8F1FF029B
:10C61000039902FB0100FF2190FBF1F0C0B20290F0
:10C62000029820B13119059819F0F9FB03E031198E
:10C630000598F0F7F7FD761C5645CEDBDDE90501E0
:10C64000F2F703FB05900BF1010B08988345C2DB61
:10C65000B3E0002F5FD0B8F1FD0F5CDB0020049049
:10C6600054E0002646E017F806B0BBF1000F00D1F9
:10C670003FE0BBF1FF0F0CD1B9F1000F04D031192D
:10C68000059819F0CCFB33E031190598F0F7CAFD95
:10C690002EE03019C11700EB5171CA1005991144F1
:10C6A00003913019C11700EB5171C910A0EBC10102
:10C6B000C1F1070203990978114101F001010291CA
:10C6C0000BFB09F0CBF1FF02029902FB0100FF21F5
:10C6D00090FBF1F0C0B20190019820B1311905989A
:10C6E00019F09DFB03E031190598F0F79BFD00BFA1
:10C6F00000BF761C5645B6DBDDE90501F2F7A5FA69
:10C700000590079807440498401C049008990498E1
:10C710008842A6DB51E0002004904AE000263CE07D
:10C72000B85D0390039800B936E03019C11700EBEB
:10C730005171CA100599114402913019C11700EBCB
:10C740005171C910A0EBC101C1F10702029909782A
:10C75000114101F001010191039800FB08F0FF2154
:10C7600090FBF1F000F0FF0B0BFB09F0CBF1FF02A7
:10C77000019912FB0100FF2190FBF1F0C0B2009083
:10C78000009820B13119059819F049FB03E03119DF
:10C790000598F0F747FD00BF761C5645C0DBDDE984
:10C7A0000501F2F752FA0590079807440498401CD7
:10C7B0000490089904988842B0DB09B0BDE8F08F76
:10C7C0002DE9FE4F0746D7F804A0B868029097F805
:10C7D0001BB0D7F8109078690190F8680090B9F113
:10C7E000000F40D1BBF1FD0F3DDBB869FBF792FDB7
:10C7F00006463D684FF0000831E000241FE02E554A
:10C80000601C2E54A01C2E54E01C2E54201D2E54AF
:10C81000601D2E54A01D2E54E01D2E54401C2E547D
:10C82000401C2E54401C2E54401C2E54401C2E5490
:10C83000401C2E54401C2E54401C2E541034AAF17F
:10C840001000A042DBDC01E02E55641C5445FBDBEC
:10C8500028460099F2F7FCF9054608F1010802980C
:10C860008045CADB6BE0B9F1000F1FD1BBF1FD0FB2
:10C870001CDAB869FBF74EFD06463D684FF000082C
:10C8800010E0002405E029195A463046FBF763FC06
:10C89000641C5445F7DB28460099F2F7D9F90546A0
:10C8A00008F1010802988045EBDB48E0B9F1000F80
:10C8B00022D0BBF1FD0F1FDBB869FBF72BFD06464D
:10C8C0003D684FF0000813E0002406E019F804204A
:10C8D00029193046FBF73FFC641C5445F6DB28461B
:10C8E0000099F2F7B5F905460198814408F101086D
:10C8F00002988045E8DB22E0B869FBF70BFD0646AD
:10C900003D684FF0000816E0002409E019F8040023
:10C9100000FB0BF0021229193046FBF71CFC641CCB
:10C920005445F3DB28460099F2F792F90546019841
:10C93000814408F1010802988045E5DB00BFBDE8AD
:10C94000FE8F2DE9F04F87B08146D9F804B0D9F8B1
:10C9500008000690D9F81800FBF7B7FE059099F883
:10C960001B000490D9F81060D9F814000390D9F88E
:10C970000050D9F80C000290002E42D10498FD28F6
:10C980003FDB002739E005EB4B000190ABF10100E4
:10C9900020F00F0005EB4000009005F0030010B1FF
:10C9A00005982880AD1C059800EB004AA84611E0C8
:10C9B000C8F800A0C8F804A0C8F808A0C8F80CA0DF
:10C9C000C8F810A0C8F814A0C8F818A0C8F81CA08F
:10C9D00008F1200800988045EAD3454602E0059812
:10C9E0002880AD1C01988542F9D328460299F2F7B8
:10C9F00035F90546A5EB4B057F1C06988742C2DB3F
:10CA0000DFE0002E67D10498FD2864DA288800F161
:10CA1000010A00200190002759E0002405F00300DE
:10CA200030B12988DDE90420FBF73EF82880012495
:10CA300037E035F81410601C35F81000814212D030
:10CA400035F81410DDE90420FBF72EF825F8140062
:10CA5000601C35F81010DDE90420FBF725F8611C97
:10CA600025F811001CE005EB4408D8F800005045FB
:10CA700003D10198C8F8000011E0D8F800A035F8FB
:10CA80001410DDE90420FBF70FF825F8140035F841
:10CA90001410601C25F81010D8F80000019000BF99
:10CAA000A41CABF10200A042C3DC08E035F814106E
:10CAB000DDE90420FAF7F8FF25F81400641C5C4552
:10CAC000F4DB28460299F2F7C9F805467F1C069860
:10CAD0008742A2DB75E0002E52D00498FD284FDB80
:10CAE000002749E0002406F0010040B1325D35F82E
:10CAF00014100598FAF7D8FF25F81400641C23E0F9
:10CB000036F804804FF6FF70804507D1059825F868
:10CB10001400611C059825F8110014E0B8F1000F0D
:10CB200011D0325D35F814100598FAF7BDFF25F8DD
:10CB30001400601C325C35F810100598FAF7B4FF49
:10CB4000611C25F81100A41CABF10200A042D7DA49
:10CB500008E0325D35F814100598FAF7A5FF25F8BE
:10CB60001400641C5C45F4DB28460299F2F776F861
:10CB70000546039806447F1C06988742B2DB20E0F6
:10CB8000FEB10498FD281CDA002717E000240BE012
:10CB9000305D049B5843021235F814100598FAF7DB
:10CBA00083FF25F81400641C5C45F1DB28460299DC
:10CBB000F2F754F80546039806447F1C069887420E
:10CBC000E4DB07B0BDE8F08F2DE9F04F89B0814676
:10CBD000D9F804B0D9F808000890D9F81800FBF784
:10CBE00074FD07900798FBF73CFD069099F81B0031
:10CBF0000590D9F81060D9F814000490D9F80050C5
:10CC0000D9F80C000390002E42D10598FD283FDB97
:10CC1000002739E005EB4B000290ABF1010020F05A
:10CC20000F0005EB4000019005F0030010B10698DD
:10CC30002880AD1C069800EB004AA84611E0C8F811
:10CC400000A0C8F804A0C8F808A0C8F80CA0C8F84C
:10CC500010A0C8F814A0C8F818A0C8F81CA008F1C3
:10CC6000200801988045EAD3454602E006982880CE
:10CC7000AD1C02988542F9D328460399F1F7EBFFE2
:10CC80000546A5EB4B057F1C08988742C2DBDAE01E
:10CC90008EBB0598FD282FDA002728E02888401E43
:10CCA0001FFA80FA4FF00008002418E035F814004D
:10CCB000504511D035F81400FBF7D3FC0290059ACB
:10CCC00002990798FAF7F0FE80464046FBF7C9FC48
:10CCD000804635F814A000BF25F81480641C5C451C
:10CCE000E4DB28460399F1F7B6FF05467F1C089858
:10CCF0008742D3DBA7E0FFE7002E78D00598FD2818
:10CD000075DB00276EE0002406F0010090B135F8D5
:10CD100014804046FBF7A5FC8046325D41460798EB
:10CD2000FAF7C2FE80464046FBF79BFC25F814004C
:10CD3000641C00BF35E036F804804FF6FF70804574
:10CD400007D1069825F81400611C069825F81100F3
:10CD500026E0B8F1000F23D035F81400FBF781FC72
:10CD60008246611C35F81100FBF77BFC0290325DB6
:10CD700051460798FAF798FE8246601C325C029989
:10CD80000798FAF791FE02905046FBF76AFC25F8E7
:10CD900014000298FBF765FC611C25F8110000BF28
:10CDA000A41CABF10200A042C5DA11E035F81480F2
:10CDB0004046FBF756FC8046325D41460798FAF73D
:10CDC00073FE80464046FBF74CFC25F81400641CBB
:10CDD0005C45EBDB28460399F1F73DFF05460498D7
:10CDE00006447F1C089887428DDB2CE0FFE756B392
:10CDF0000598FD2827DA002722E0002416E035F800
:10CE000014804046FBF72DFC8046305D0599484371
:10CE10004FEA202A524641460798FAF745FE8046D7
:10CE20004046FBF71EFC25F81400641C5C45E6DB5D
:10CE300028460399F1F70FFF0546049806447F1C26
:10CE400008988742D9DB09B0BDE8F08F2DE9F04F93
:10CE500085B005468A46D5F80490A8680490E87E17
:10CE60000390D5F810B068690290E8680190BBF1B2
:10CE7000000F7BD10398FD2878DBBAF1030F22D194
:10CE80002E682F6809FB0AF9002408E0287E305537
:10CE9000697E601C3154A97EA01C3154E41C4C45B1
:10CEA000F4DB019806444FF0010808E04A46394691
:10CEB000304606F0BFFA0198064408F101080498CC
:10CEC0008045F3DB00BFBAF1040F4DD1A869FBF731
:10CED0000EFC07462E684FF0000842E000242FE0C9
:10CEE00046F82470601C46F82070A01C46F820709C
:10CEF000E01C46F82070201D46F82070601D46F8A2
:10CF00002070A01D46F82070E01D46F82070401CDF
:10CF100046F82070401C46F82070401C46F82070EF
:10CF2000401C46F82070401C46F82070401C46F813
:10CF30002070401C46F82070401C46F820701034C9
:10CF4000A9F11000A042CBDA02E046F82470641C7C
:10CF50004C45FADB30460199F1F783FE064608F1AD
:10CF6000010804988045B9DB70E0FFE7BBF1000FD2
:10CF700021D10398FD281EDAA869FBF7B8FB0090C1
:10CF80002E6809FB0AF94FF0000810E0002405E0C4
:10CF900031196846039AFAF7F3FE54444C45F7DB1F
:10CFA00030460199F1F75DFE064608F10108049844
:10CFB0008045EBDB4AE0BBF1000F23D00398FD284E
:10CFC00020DBA869FBF793FB00902E6809FB0AF9A8
:10CFD0004FF0000812E00024002707E01BF80720AC
:10CFE00031196846FAF7CCFE54447F1C4C45F5DBFA
:10CFF000019806440298834408F10108049880458A
:10D00000E9DB23E0A869FBF772FB00902E6809FBBF
:10D010000AF94FF0000815E0002400270AE01BF889
:10D020000700039B5843021231196846FAF7A8FE1D
:10D0300054447F1C4C45F2DB01980644029883441B
:10D0400008F1010804988045E6DB00BF05B0BDE8A3
:10D05000F08F70B505460C46122D16D00CDC0F2D46
:10D0600020D004DC062D2BD0072D35D130E0102D3B
:10D0700014D0112D30D11AE0142D07D0152D23D046
:10D080001A2D19D01B2D27D104E000BF204600F037
:10D0900042F922E0204600F082F91EE0204600F02E
:10D0A00056F81AE00321204600F0BCF915E00421EF
:10D0B000204600F0B7F910E0204600F08CF80CE0B4
:10D0C000204600F0EAF808E0204600F008F804E006
:10D0D000204600F0A4F800E000BF00BF70BD10B50E
:10D0E000044694F8200010281CD006DC06281DD029
:10D0F000072823D00F2825D10AE011280DD01228A7
:10D1000002D015281ED115E0204613F074FA1CE059
:10D110000321204615F0EBFE17E00421204615F010
:10D12000E6FE12E02046EBF7E4FB0EE02046F7F7C0
:10D1300067FB0AE02046E7F7DDFC06E02046F4F74F
:10D1400043F802E000BF00BF00BF00BF10BD10B534
:10D15000044694F8200011281FD008DC062829D0A6
:10D1600007282FD00F2813D010282FD11EE0122807
:10D1700006D0152822D01A2814D01B2826D103E067
:10D18000204613F034FB24E0204614F09DFE20E0FE
:10D190000321204616F04DF91BE00421204616F02D
:10D1A00048F916E02046EDF7B0FA12E02046EBF71A
:10D1B0002FFF0EE02046F7F710FC0AE02046E7F7C5
:10D1C0009EFD06E02046F4F7FCF802E000BF00BF39
:10D1D00000BF00BF10BD10B5044694F820000F2812
:10D1E0000AD0102804D011280BD01A2812D10DE033
:10D1F0002046EBF7A7FC10E00321204615F07EFF48
:10D200000BE00421204615F079FF06E02046EDF7FB
:10D2100076F802E000BF00BF00BF00BF10BD10B530
:10D22000044694F8200011281DD008DC062823D0DD
:10D23000072829D00F2811D0102829D118E012284A
:10D2400004D015281CD01B2822D103E0204613F05F
:10D250002EFC20E0204614F0B3FF1CE00321204602
:10D2600016F055FA17E00421204616F050FA12E0A5
:10D270002046EBF7F3FF0EE02046F7F7BCFC0AE090
:10D280002046E7F764FE06E02046F4F7C1F902E025
:10D2900000BF00BF00BF00BF10BD10B5044694F82A
:10D2A000200011281DD008DC062823D0072829D00B
:10D2B0000F2811D0102829D118E0122804D01528E1
:10D2C0001CD01B2822D103E0204613F07AFD20E079
:10D2D000204614F0D2FC1CE00321204616F08BFB04
:10D2E00017E00421204616F086FB12E02046ECF7FA
:10D2F00024F90EE02046F7F7D2FD0AE02046E7F7D2
:10D30000ACFF06E02046F4F7F2FA02E000BF00BFEF
:10D3100000BF00BF10BD10B5044694F820001128CE
:10D320001FD008DC062829D007282FD00F2813D0BB
:10D3300010282FD11AE0122806D0152822D01A283A
:10D3400018D01B2826D103E0204614F0CBF824E0A7
:10D35000204615F066FB20E00321204616F0A4FECF
:10D360001BE00421204616F09FFE16E02046ECF755
:10D3700070FC12E02046EDF75CFE0EE02046F8F768
:10D38000C0F80AE02046E8F7F7FA06E02046F4F78E
:10D39000D2FD02E000BF00BF00BF00BF10BD10B54E
:10D3A000044694F8200011281ED008DC062828D056
:10D3B00007282ED00F2812D010282ED119E01228BD
:10D3C00009D0152821D01A2817D01B2825D120468E
:10D3D00015F09DF824E0204613F0F8FD20E003212D
:10D3E000204616F003FC1BE00421204616F0FEFB4D
:10D3F00016E02046ECF7ABF912E02046EDF741FBD2
:10D400000EE02046F7F738FE0AE02046E8F73EF83F
:10D4100006E02046F4F782FB02E000BF00BF00BF39
:10D4200000BF10BD70B505460C4695F820001128C8
:10D430001BD008DC062828D0072830D00F280ED0B3
:10D44000102831D117E0122804D0152822D01A282C
:10D450002AD115E02146284614F08DFA27E0E1B2E2
:10D460000322284617F059F821E0E1B204222846A9
:10D4700017F053F81BE021462846ECF740FE16E073
:10D4800021462846EEF781F811E021462846F8F7B4
:10D4900058FA0CE021462846E8F7B9FC07E0214697
:10D4A0002846F4F7F9FE02E000BF00BF00BF00BF4E
:10D4B00070BD2DE9F04F87B083460C46164694F8B0
:10D4C0002800022802DC07B0BDE8F08F606A00B9CE
:10D4D000F9E794F8290000F01F0000B9F3E730469F
:10D4E000F9F789FA81463046F9F772FA8046E5691C
:10D4F000C14501DA484600E040468246B5EB6A0F76
:10D5000001DD4FEA6A0500BF30680390706804903F
:10D51000B0680590F068069000BF94F8290000F00C
:10D520000400039908B1606A02E0606A284440423E
:10D530000844039094F8290000F00800059908B108
:10D54000606A02E0606A28444042081A059094F834
:10D55000290000F00200049908B1606A02E0606AE4
:10D56000284440420844049094F8290000F0010047
:10D57000069908B1606A02E0606A28444042081ACD
:10D580000690606A2F1A002F00DA002755B94FB9AC
:10D5900094F82800009003AA31465846236AF0F711
:10D5A000BEFC10E094F828000290208CADF8040036
:10D5B00094F822008DF806002B4603AA31465846FF
:10D5C0000097F0F7A3FA00BF7DE72DE9F74FB6B05B
:10D5D0000F4638980068F96A0844B96A401A3290D0
:10D5E00038988068F96A0844B96A084434903898D1
:10D5F0004068396B0844B96A401A33903898C0685B
:10D60000396B0844B96A08443590786A00EBD071E8
:10D61000329AA2EB6101491E2E91786A00EBD0711B
:10D62000349A02EB6101491C3091786A00EBD071A9
:10D63000339AA2EB6101491E2F91786A00EBD071F9
:10D64000359A02EB6101491C319197F834002D9015
:10D650002D98FD2801DDFF202D90369A38322EA915
:10D6600029A8F9F7DBF910B939B0BDE8F08F25A882
:10D670003899F9F7DCF84FF0FF32114625A8F9F791
:10D68000C0F9F869249025A8F9F7B5F9834625A8CB
:10D69000F9F79EF9834503DA25A8F9F7ACF902E01A
:10D6A00025A8F9F795F92390DDE92301B1EB600F87
:10D6B00002DD239840102490F869229032A8F9F7EF
:10D6C0009AF9834632A8F9F783F9834503DA32A839
:10D6D000F9F791F902E032A8F9F77AF92390DDE938
:10D6E0002201B0EB610F02DD239840102290796A8D
:10D6F00022980C1804FB04F1480005F0FDFD80465B
:10D7000000BFB8F1000F03D100BF00BF00BFFEE7AC
:10D7100000BF7A6A414632A8229B1AF057FA97F85E
:10D72000350000F00109002017901890B9F1000FA2
:10D7300007D1012325A919A8249A01F091FB19A862
:10D7400017902EA8F9F757F9834605F0D5FD1690E6
:10D750002C2102A806F07AF812A802900A901698D6
:10D760000890388CADF81D0097F822008DF81F0046
:10D7700097F834008DF81C002EA8F9F73CF9834681
:10D7800000EBDB702E9901EB600001902EA8F9F7F9
:10D790001FF9834600EBDB702F9901EB600A30988C
:10D7A00014903098001B401C12902F9813902F98C3
:10D7B0002044401E159012990198814201DD129873
:10D7C00000E0019812901598504501DA159800E094
:10D7D00050461590369A383212A90EA8F9F71EF95C
:10D7E000002858D025A90EA8249AF9F744F9002852
:10D7F00051D10EA8F9F7FFF8834646462F990F98A6
:10D80000401A00FB04663098001B401C0E99081A51
:10D810000644B9F1000F08D025A90EA8249AF9F7FB
:10D8200093F910B101200D9001E0CDF83490BBF1D7
:10D83000000F2FDD169808900E98129010981490F3
:10D8400002208DF824000F9D21E0139515950D9869
:10D85000B0B922463146169805F0ECFDCDF800B07F
:10D860002B4617A80E9A169901F080F98DF824001E
:10D870009DF82400012804D102208DF8240000E046
:10D88000089602A93698FEF7B1F926446D1C119846
:10D89000A842DADA00BF309814903098001B401C80
:10D8A00012903198001B401C1390319815901299DA
:10D8B0000198814201DD129800E0019812900AF16E
:10D8C00001001399814201DD139801E00AF1010082
:10D8D0001390369A383212A90EA8F9F79FF800284B
:10D8E00058D025A90EA8249AF9F7C5F8002851D1D7
:10D8F0000EA8F9F780F88346464611991598401A04
:10D9000000FB04663098001B401C0E99081A064460
:10D91000B9F1000F08D025A90EA8249AF9F714F937
:10D9200010B101200D9001E0CDF83490BBF1000F53
:10D930002FDD169808900E981290109814900220DF
:10D940008DF82400119D21E0139515950D98B0B91F
:10D9500022463146169805F06DFDCDF800B02B46F5
:10D9600017A80E9A169901F001F98DF824009DF878
:10D970002400012804D102208DF8240000E008963C
:10D9800002A93698FEF732F926446D1E0F98A84278
:10D99000DADD00BF2E98204412903098001B1490BE
:10D9A0002F9813902F982044401E1590159850459D
:10D9B00001DA159800E050461590369A383212A9CF
:10D9C0000EA8F9F72BF8002864D025A90EA8249AF0
:10D9D000F9F751F800285DD10EA8F9F70CF8834645
:10D9E000464613990F98401A00FB0466B9F1000FE0
:10D9F00008D025A90EA8249AF9F7A6F810B101209D
:10DA00000D9001E0CDF83490BBF1000F41DD0D9891
:10DA100010B91698089001E0002008900E98129016
:10DA2000109814900F9D31E0139515950D98D0B96D
:10DA300031785A46169805F069FECDF800B02B46AD
:10DA400017A80E9A169901F091F88DF824009DF808
:10DA50002400012802D102208DF8240002A9369862
:10DA6000FEF7C4F810E02D98FF2801D1307805E0CA
:10DA7000307897F8341010FB01F000128DF81C007C
:10DA800002A93698FEF7B2F826446D1C1198A842F8
:10DA9000CADA00BF97F834008DF81C002E98204495
:10DAA00012903098001B14903198001B401C13906A
:10DAB000319815900AF101001399814201DD139804
:10DAC00001E00AF101001390369A383212A90EA82B
:10DAD000F8F7A4FF002872D025A90EA8249AF8F719
:10DAE000CAFF00286BD10EA8F8F785FF834646468B
:10DAF00011991598401A00FB0466BBF1000F5DDD1B
:10DB0000B9F1000F08D025A90EA8249AF9F71CF83E
:10DB100010B101200D9001E0CDF834900D9810B9AE
:10DB20001698089001E0002008900E981290109826
:10DB30001490119D3FE013951595B9F1000F08D091
:10DB400025A90EA8249AF8F7FFFF10B101200D9027
:10DB500001E0CDF834900D98D0B931785A46169836
:10DB600005F0D4FDCDF800B02B4617A80E9A1699F3
:10DB700000F0FCFF8DF824009DF82400012802D15C
:10DB800002208DF8240002A93698FEF72FF810E045
:10DB90002D98FF2801D1307805E0307897F83410BF
:10DBA00010FB01F000128DF81C0002A93698FEF758
:10DBB0001DF826446D1E0F98A842BCDD00BF97F8E3
:10DBC00034008DF81C003098001B401C12903098D7
:10DBD00014902F98204413903198001B15900AF14F
:10DBE00001001399814201DA139801E00AF1010062
:10DBF00013901598504501DD159800E0504615909A
:10DC000012990198814201DD129800E0019812906A
:10DC1000369A383212A90EA8F8F700FF98B325A952
:10DC20000EA8249AF8F727FF68BB0EA8F8F7E3FEC2
:10DC300083464646601E00FB04663098001B401C6D
:10DC40000E99081A0644B9F1000F08D025A90EA8AC
:10DC5000249AF8F779FF10B101200D9001E0CDF87A
:10DC600034900D9808B1304600E016980890BBF14A
:10DC7000000F2BDD0E9812901098149002208DF852
:10DC800024000F9D1FE022E0139515950D98A8B96B
:10DC90005A463146169805F0CDFBCDF800B02B461C
:10DCA00017A80E9A169900F061FF8DF824009DF8D0
:10DCB0002400012802D102208DF8240002A9369800
:10DCC000FDF794FF6D1C1198A842DDDA00BF4646AF
:10DCD000002514E030463319591E002208E003786D
:10DCE00091F800C080F800C00B70401C491E521C07
:10DCF00004EBD47CB2EB6C0FF1DB26446D1CA54227
:10DD0000E8DB2E9812902E982044401E14902F98F5
:10DD1000204413903198001B15900AF101001399CB
:10DD2000814201DA139801E00AF10100139015987D
:10DD3000504501DD159800E0504615900198401EB1
:10DD40001499814201DA149801E00198401E149060
:10DD5000369A383212A90EA8F8F760FE88B325A9C2
:10DD60000EA8249AF8F787FE58BB0EA8F8F743FED2
:10DD700083464646601E00FB046612990E98401AC0
:10DD80000644B9F1000F08D025A90EA8249AF8F787
:10DD9000DBFE10B101200D9001E0CDF834900D981C
:10DDA00008B1304600E016980890BBF1000F2BDD5B
:10DDB0000E9812901098149002208DF824000F9D58
:10DDC0001FE022E0139515950D98A8B95A463146E3
:10DDD000169805F02FFBCDF800B02B4617A80E9A29
:10DDE000169900F0C3FE8DF824009DF82400012848
:10DDF00002D102208DF8240002A93698FDF7F6FE24
:10DE00006D1C1198A842DDDA00BF2E9812902E9852
:10DE10002044401E14902F9813902F982044401EA9
:10DE200015900198401E1499814201DA149801E07E
:10DE30000198401E14901598504501DA159800E09D
:10DE400050461590369A383212A90EA8F8F7E6FD1A
:10DE500078B325A90EA8249AF8F70DFE48BB0EA8A2
:10DE6000F8F7C9FD8346464613990F98401A00FB00
:10DE7000046612990E98401A0644B9F1000F08D0B2
:10DE800025A90EA8249AF8F75FFE10B101200D9085
:10DE900001E0CDF8349016980890BBF1000F2EDD0C
:10DEA0000E9812901098149002208DF824000F9D67
:10DEB00022E025E0139515950D98B0B9224631461C
:10DEC000169805F0B7FACDF800B02B4617A80E9AB1
:10DED000169900F04BFE8DF824009DF824000128CF
:10DEE00004D102208DF8240000E0089602A936989B
:10DEF000FDF77CFE26446D1C1198A842DADA00BFBB
:10DF00002E9812902E982044401E14903198001B99
:10DF1000401C1390319815900AF101001399814229
:10DF200001DD139801E00AF1010013900198401EF1
:10DF30001499814201DA149801E00198401E14906E
:10DF4000369A383212A90EA8F8F768FD78B325A9D9
:10DF50000EA8249AF8F78FFD48BB0EA8F8F74BFDE2
:10DF60008346464611991598401A00FB046612999B
:10DF70000E98401A0644B9F1000F08D025A90EA842
:10DF8000249AF8F7E1FD10B101200D9001E0CDF8E1
:10DF9000349016980890BBF1000F2EDD0E98129069
:10DFA0001098149002208DF82400119D22E025E0A5
:10DFB000139515950D98B0B922463146169805F07F
:10DFC00039FACDF800B02B4617A80E9A169900F032
:10DFD000CDFD8DF824009DF82400012804D10220F5
:10DFE0008DF8240000E0089602A93698FDF7FEFDA2
:10DFF00026446D1E0F98A842DADD00BF2E982044FB
:10E0000012903098001B14902F9820441390319850
:10E01000001B15900AF101001399814201DA13984F
:10E0200001E00AF1010013901598504501DD1598A3
:10E0300000E05046159016980890369A383212A98A
:10E040000EA8F8F7EBFC60B325A90EA8249AF8F700
:10E0500012FD30BB0EA8F8F7CEFC8346BBF1000FD3
:10E060001EDD0E981290109814900F9D15E01395D8
:10E0700015955A46FF21169805F048FBCDF800B0DB
:10E080002B4617A80E9A169900F070FD8DF8240003
:10E0900002A93698FDF7AAFD6D1C1198A842E6DA90
:10E0A00000BFB9F1000F02D119A800F0AFFD404642
:10E0B00002F066FB169802F063FB00BFFFF7D4BACC
:10E0C0002DE9F74FAEB00D4695F82000022802DC8E
:10E0D00031B0BDE8F08F00BF309800682A903098CA
:10E0E00040682B90309880682C903098C0682D90B4
:10E0F00000BF2E9A38322AA926A8F8F78FFC00B95B
:10E10000E6E72F20405D00F00F0646B9B5F8210084
:10E11000ADF8940095F823008DF8960001E0686A48
:10E1200025902C211AA8E2F730F9BDF89400ADF83B
:10E130007D009DF896008DF87F00E86958B956B9C2
:10E140002AA81A9095F820008DF87C001AA92E981C
:10E15000FDF74CFDBCE795F82000FD2801DBFF2012
:10E1600001E095F8200019902AA8F8F744FC1890CF
:10E170002AA8F8F72DFC1790DDE91701814201DA92
:10E18000189800E017981690E9691698B1EB600F9F
:10E1900001DAE86901E016984010804626A8F8F7F1
:10E1A0002AFC83464FF0000900200B900C90B8F138
:10E1B000000F0BDD584605F09FF8814600234246CC
:10E1C0002AA90DA800F04CFE0DA80B9026980790E8
:10E1D00028980990CDF8809007A81A902290FF20E7
:10E1E0008DF87C0005F12400DDE9172100F0B1FA7B
:10E1F00004464FF0000A0020069074B3022E2CDB78
:10E2000007A91E912168269A02EB420211442A9A1C
:10E2100002EB4202891A1B9100BF0BE000EB800267
:10E2200005F124011144C978FF2902D0012106918A
:10E2300004E0401C2E21495D8142EFD800BF022E30
:10E2400007D1069929B16168269A11442A9AA1EB4F
:10E25000020A0F218DF8741000BF0027EAE02B9806
:10E26000384405902D98C01B049027990598814249
:10E2700004DD29990498814200DADAE00020039055
:10E280005A464846199905F041FACDF800B049467A
:10E290000BA8059B079A00F069FC8DF884009DF897
:10E2A0008400012802D102208DF884000020029011
:10E2B0002799059881424BDC0598089005980A90AB
:10E2C000012E02D0022E25D11BE000BF1CB900BFD9
:10E2D00000BF00BFFEE700BF21682B9A0598801A97
:10E2E00000EB400008440188ADF87D1080788DF87F
:10E2F0007F0061682B9A0598801A085C8DF87C0075
:10E3000009E001200290BAF1000F00D000E00020E7
:10E31000039000E000BF00BF0398A8B100200DE00B
:10E320001AF80010FD2908DA19F800101AF8002070
:10E3300011FB02F1091209F80010401C5845EFDBEF
:10E3400002218DF8841000BF1AA92E98FDF74EFC0B
:10E350002999049881426BDB0498089004980A90EC
:10E36000012E02D0022E26D11BE000BF1CB900BF37
:10E3700000BF00BFFEE700BF21682B9A0498801AF7
:10E3800000EB400008440188ADF87D1080788DF8DE
:10E390007F0061682B9A0498801A085C8DF87C00D5
:10E3A0000AE0029820B9BAF1000F01D0012000E084
:10E3B0000020039000E000BF00BF0398A0B3032E2D
:10E3C00015DB5A464846199905F0A0F9CDF800B07A
:10E3D00049460BA8059B079A00F0C8FB8DF88400FE
:10E3E0009DF88400012802D102208DF884000020CD
:10E3F000019012E001981AF80000FD280ADA01984D
:10E4000019F800101AF8000011FB00F00112019831
:10E4100009F800100198401C019001985845E9DB6B
:10E4200002208DF8840000BF1AA92E98FDF7DEFBAC
:10E4300000BF7F1C4745FFF612AF86B92B984044BA
:10E4400008902D98A0EB08000A9019988DF87C0090
:10E45000002020901AA92E98FDF7C8FB6FE01998AC
:10E460008DF87C00062E1AD2DFE806F01903070D9E
:10E470000E0F01208DF8840012E002208DF8840038
:10E48000CDF880A00CE000BF00BF069808B10220C4
:10E4900000E001208DF88400CDF880A000E000BFEE
:10E4A00000BF2B9840442799884202DD2B984044B6
:10E4B00000E0279805902D98A0EB08002999884244
:10E4C00003DA2D98A0EB080000E029980490059F3E
:10E4D00031E008970A97012E26D100BF1CB900BF72
:10E4E00000BF00BFFEE700BF20682B99791A01EB3F
:10E4F000410108440188ADF87D1080788DF87F00D7
:10E500001998FD2806DB60682B99791A405C8DF814
:10E510007C0008E060682B99791A405C199948439F
:10E5200000128DF87C0000E000BF00BF1AA92E98F1
:10E53000FDF75CFB7F1C04988742CADD00BFB9F180
:10E54000000F05D0484602F01BF90DA800F05EFB55
:10E5500014B1204600F01AF800BFB9E570B50546C1
:10E56000094804F091FD044609E02078A84201D151
:10E57000606870BD2146044804F09EFD0446002CEE
:10E58000F3D10020F5E70000040D012010B504468A
:10E59000204602F0F5F810BD2DE9F04F87B0044693
:10E5A0000E4617469A46207970434FEA202B5F4566
:10E5B0000FDC20680690BDF81800AAF800009DF84E
:10E5C0001A008AF80200E1781098017007B0BDE8DF
:10E5D000F08FA07A401E00EB800020440079704349
:10E5E00000120590059887421BDBA07A401E00EBC5
:10E5F000800020440188ADF8181080788DF81A004A
:10E60000BDF81800AAF800009DF81A008AF8020068
:10E61000A07A401E00EB80002044C1781098017061
:10E62000D4E700BF002501200BE000EB800222446C
:10E630001279724311128F4201DC054604E0411C3D
:10E64000C8B2A17A8142F0DC00BF00BF1DB900BF93
:10E6500000BF00BFFEE700BF681E00EB8000204443
:10E660000188ADF80C1080788DF80E0005EB850060
:10E6700020440188ADF8081080788DF80A00681EE3
:10E6800000EB80002044007970434FEA202B05EB1B
:10E690008500204400797043001205900598A0EB96
:10E6A0000B000490A7EB0B07C7EB0721049891FB25
:10E6B000F0F000F0FF08C8F1FF099DF8083013FBE7
:10E6C00008F39DF80CC01CFB093303EBC31C0CEBD7
:10E6D000C333C3F3C7529DF8093013FB08F39DF809
:10E6E0000DC01CFB093303EBC31C0CEBC333C3F39A
:10E6F000C7519DF80A3013FB08F39DF80EC01CFBB0
:10E70000093303EBC31C0CEBC333C3F3C750F9F756
:10E7100014FE0190BDF80400AAF800009DF8060060
:10E720008AF8020005EB85002044C07810FB08F150
:10E73000681E00EB80002044C07810FB091000EB3D
:10E74000C01101EBC030C0F3C7511098017000BF79
:10E750003CE72DE9F84306460F469046F07A00F074
:10E760000F0010B90020BDE8F88342463946304614
:10E77000E7F7F7FC04461CB900BF00BF2046F2E7EC
:10E7800000250CE060682844009005EB45022068F5
:10E7900083182A463046A168FFF7FEFE6D1CA0686C
:10E7A000A842EFD82046DEE770B505460C4616466F
:10E7B000B4F85000C0F3403030B9074B3246214620
:10E7C0002846FBF765FB05E0034B32462146284609
:10E7D000FBF7CAFB70BD0000D128010810B500F09E
:10E7E00037FA2420FBF7C0F904460648E0600648E3
:10E7F00020610020A06105A060600821044804F0A9
:10E800006EFC10BD9BDA000861FC00085357000045
:10E81000040D012070B505460C46164694F85A00C2
:10E82000022800DC70BD044B324621462846FBF727
:10E830008BFC00BFF6E70000FDE000082DE9F04189
:10E840009CB006460C461746E569286810B91CB00E
:10E85000BDE8F081E06E40B12046E9F73FFF804619
:10E86000B8F1000F00D1F2E700BF702221466846E0
:10E87000E1F772FD286807903A4669463046FFF78F
:10E8800093FF00BFE3E7000070B590B006460C466A
:10E89000154694F84400022801DC10B070BD02A8AF
:10E8A000FBF7C8FA94F844008DF81F00002005908B
:10E8B000A08CADF81C0094F826008DF81E00A06A0C
:10E8C0000A90D4E90F01CDE90B0128680E90686821
:10E8D00009490F90E069CDE90001236A0EAA02A957
:10E8E000304601F09FF90D9820B10D98FAF72EFFF0
:10E8F00000200D9000BFD0E7FDE000082DE9F041B9
:10E900009EB080460C46206B10B91EB0BDE8F08169
:10E9100094F83C00022800DCF7E7616AE06988426D
:10E9200004D1216AA06A814200D1EEE7626AE169FE
:10E93000914201DAE16900E0616A206B00EBD0727C
:10E94000A1EB62011A91626AE169914201DDE1691C
:10E9500000E0616A206B00EBD07201EB62011C9158
:10E96000226AA16A8A4201DA216A00E0A16A206B68
:10E9700000EBD072A1EB62011B91226AA16A8A426C
:10E9800001DD216A00E0A16A206B00EBD07201EB8F
:10E9900062011D9108F138021AA91AA8F8F73EF889
:10E9A000074607B9B1E7216AA06A814204D121462E
:10E9B0004046EFF78AFC0CE0616AE069884204D1C6
:10E9C00021464046EFF7F2FE03E021464046EFF7CE
:10E9D00029FD94F83D00C0F3400028B994F83D00AB
:10E9E00000F00100002847D005A8FBF76BF934F8C8
:10E9F0002C0FADF83500A0788DF8370047F6FF7082
:10EA00000C90207C8DF8340060684510207900F06F
:10EA1000010080F00106607C2C3C00F0010090B108
:10EA2000E069401B0190206A401B0290E069284485
:10EA3000801B0390206A2844801B049001AA05A92A
:10EA40004046FFF73DFB94F83D00C0F3400090B115
:10EA5000606A401B0190A06A401B0290606A2844D3
:10EA6000801B0390A06A2844801B049001AA05A97A
:10EA70004046FFF725FB00BF00BF46E72DE9F84FF2
:10EA80000646894692461C460A9D002C01DA00245F
:10EA900004E0B4F5B47F01DB40F26714002D01DA25
:10EAA000002504E0B5F5B47F01DB40F26715A5420F
:10EAB00005DAC4F5B4702844A6F8880007E0281BDE
:10EAC000002801DD281B00E0601BA6F888003461E7
:10EAD00075615246494606F108000AF06DF8224871
:10EAE00030600120307100BF002C02DBB4F5B47F30
:10EAF00003DD00BF00BF00BFFEE700BF002C04DB4A
:10EB0000B42C02DA4FF0000801E04FF0010800BF1A
:10EB1000002D02DBB4F5B47F03DD00BF00BF00BFF2
:10EB2000FEE700BF002D03DBB42D01DA012707E06B
:10EB3000B42D04DBB5F5B47F01DA002700E001272E
:10EB400023B25246494606F11800CDF8008000F085
:10EB500085F82BB25246494606F15000009700F066
:10EB60007DF8BDE8F88F0000E3A901082DE9F84F12
:10EB700004460E46174698464FF0000B00251AE053
:10EB800054F825904FF0010A54F825000090D9F868
:10EB900000C04246394630460A9BE0478246BAF1F9
:10EBA000000F02D10020BDE8F88FBAF1020F01D1A9
:10EBB0004FF0010B6D1C54F825000028E0D1BBF18B
:10EBC000000F01D00220EEE70120ECE710B5002491
:10EBD00016E0C4EBC4010C4850F8210030B1C4EB7E
:10EBE000C402094951F8220001F0CAFDC4EBC40275
:10EBF000054901EB82001C2104F04CFE601CC4B2EC
:10EC0000042CE6DB10BD0000100D012070B5054698
:10EC10000E4800BF2E463079022814D12C46206AB7
:10EC200080B1206A0069002807DA216A486801F08B
:10EC3000A7FD206A01F0A4FD04E0206A4069401E9F
:10EC4000216A486100BF014800BF70BDFC0C012073
:10EC5000014800BF70470000FC0C01202DE9FC4773
:10EC600081460D4616461C46DDF828A0B42C02DD70
:10EC7000A4F1B40004B204F15A0000B20CF078F927
:10EC800005EB601720460CF073F906EB60183B4665
:10EC9000324629464846CDE9008A00F003F8BDE82F
:10ECA000FC8700002DE9F05F04468A4615461F46A2
:10ECB000DDE90A6B3821204604F0ECFDB54204D1B1
:10ECC000BBF1030F01D16D1E761EB54206DD38463D
:10ECD0005746824630462E46054600BF2A465146D4
:10ECE00004F1080009F068FF3246394604F11000CB
:10ECF00009F062FF84F818B02A46514604F11C005E
:10ED000009F05AFFA7EB0A00002802DDA7EB0A0072
:10ED100001E0AAEB0700711B002901DD711B00E077
:10ED2000A91B884201DD012000E0002094F8341086
:10ED300060F3000184F834100020A062606247484C
:10ED4000206000202071A7EB0A08A6EB050994F8C3
:10ED5000340000F00100C0B1B8F1000F07D04FF44B
:10ED6000801191FBF8F000FB09F18912A162B9F161
:10ED7000000F07D04FF4801191FBF9F000FB08F170
:10ED800089126162A16AE16218E0B9F1000F07D04F
:10ED90004FF4801191FBF9F000FB08F189126162D8
:10EDA000B8F1000F07D04FF4801191FBF8F000FB91
:10EDB00009F18912A162616AE16200BF207E00F060
:10EDC000070030B994F8340020F0020084F83400D1
:10EDD00039E0207E00F00700012807D194F83400C4
:10EDE00020F00200801C84F834002CE0207E00F02B
:10EDF0000700022811D1E06A002807DD94F83400EA
:10EE000020F00200801C84F834001CE094F83400E8
:10EE100020F0020084F8340015E0207E00F00700A6
:10EE2000032810D1E06A002806DD94F8340020F0B1
:10EE3000020084F8340006E094F8340020F0020068
:10EE4000801C84F83400E06A80102063E06A0028A7
:10EE500002DA206B40422063BDE8F09FA5AD0108B7
:10EE60002DE9F84F07468846154699464046F7F77C
:10EE7000C2FD83464046F7F7ABFD009000988345FE
:10EE800001DA584600E000988246B5EB6A0F01DDD2
:10EE90004FEA6A05002D00DA0025414607F1080017
:10EEA000F7F7D7FCBD6187F81C90594838600220FD
:10EEB00038711DB900203862BDE8F88F554800BF91
:10EEC000002449E0C4EBC4015248143000EB810037
:10EED0008069A8423FD1C4EBC4014E48143000EB16
:10EEE00081004069401CC4EBC4024A49143101EB63
:10EEF00082014861C4EBC4014648143000EB810034
:10EF00000169102D01DA012000E028110844B0F554
:10EF10007A7F0DDAC4EBC4013E48143000EB810067
:10EF20000169102D01DA012000E02811084401E0F8
:10EF30004FF47A70C4EBC4023649143101EB8201FC
:10EF40000861C4EBC4013348143000EB810038621F
:10EF5000304800BFB0E7641C042CB3D30026002463
:10EF600020E0C4EBC4012B48143000EB8100406961
:10EF7000B8B936B9C4EBC4012648143000EB810699
:10EF80000FE0C4EBC4012348143000EB810000699A
:10EF90003169884205DAC4EBC4011E48143000EB25
:10EFA0008106641C042CDCD376B91C2004F0DEF945
:10EFB000064600BF1EB900BF00BF00BFFEE700BF8E
:10EFC0004FF0FF30306119E07069401C7061002023
:10EFD00030613169102D01DA012000E02811084468
:10EFE000B0F57A7F07DA3169102D01DA012000E0EF
:10EFF0002811084401E04FF47A7030613E622946DE
:10F00000386AEDF7ADFE034800BF00BF54E70000CB
:10F01000C9AE0108FC0C01202DE9F04F97B0054660
:10F020000C4605F1380204F11C0113A8F7F7F6FCB1
:10F0300010B917B0BDE8F08FD5F848B00BF1140641
:10F04000DBF800000E9094F8300000F0010000287A
:10F050004FD1206A401E00900FA8D5E90F23A96B5D
:10F06000F7F78BFE70684242306841420FA8F7F70D
:10F0700077FE0FA90E98FAF7B8F9686C00902B6C20
:10F08000A06A421C0FA8A96BF7F777FE706842428E
:10F09000306841420FA8F7F763FE0FA90E98FAF700
:10F0A000A4F9A06A0090E069431E226A0FA8A96B28
:10F0B000F7F763FE70684242306841420FA8F7F7E5
:10F0C0004FFE0FA90E98FAF790F9A06A00902B6CEA
:10F0D000D4E90820411C0FA8F7F74FFE70684242A0
:10F0E000306841420FA8F7F73BFE0FA90E98FAF7D8
:10F0F0007CF9002304F11C0105A8E26AFFF7B0FEC9
:10F1000000200390049005A8039013A8F7F773FC60
:10F110000746384604F0F0F88146DDF850A03DE09F
:10F120003A46FF21484604F0F1FA00975346494613
:10F1300003A8139AFFF71AFD02900298012800D144
:10F140002AE013983368C11A7068AAEB0002584687
:10F15000FBF707FC8046029840B9B80001900021F7
:10F160004046019A04F0D2FA00BF14E000200FE0FC
:10F1700019F80010FF290AD008EB8001C97819F8A6
:10F18000002011FB02F1091208EB8002D170401C33
:10F19000B842EDD300BF00BF0AF1010A16985045EE
:10F1A000BEDA484601F0ECFA05A8FFF72FFD00BFD4
:10F1B0003FE7F0B504460A46214601F002053DB19D
:10F1C0000D882D0A0E7845EA06250D80891C521EF1
:10F1D0000846530851E0056805F0FF252D0A06682A
:10F1E00006F0FF1645EA06250560456805F0FF258F
:10F1F0002D0A466806F0FF1645EA06254560856833
:10F2000005F0FF252D0A866806F0FF1645EA06255B
:10F210008560C56805F0FF252D0AC66806F0FF1653
:10F2200045EA0625C560056905F0FF252D0A066932
:10F2300006F0FF1645EA06250561456905F0FF253C
:10F240002D0A466906F0FF1645EA062545618569DF
:10F2500005F0FF252D0A866906F0FF1645EA06250A
:10F260008561C56905F0FF252D0AC66906F0FF1600
:10F2700045EA0625C5612030083B082BABD20BE0E0
:10F28000056805F0FF252D0A066806F0FF1645EA19
:10F2900006250560001D5B1E002BF1D102F0010563
:10F2A00055B1551E31F81560360A11F8157046EA49
:10F2B000072621F8156000BFF0BD0FB5B1B0379833
:10F2C000006B40422C903798406B2A903798806BA7
:10F2D0002B903798816C406CCDE92F010A212C9836
:10F2E00090FBF1F023902398401C2290239800EB90
:10F2F00080002C99A1EB40002190239800B20BF0E4
:10F3000037FE2090229800B20BF032FE1F90239817
:10F310005A3000B20BF02CFE1E9022985A3000B2E8
:10F320000BF026FE1D902198C0F10A002099484359
:10F33000219A1F9901FB02000A2190FBF1F028900D
:10F340002198C0F10A001E994843219A1D9901FB9A
:10F3500002000A2190FBF1F0299028984011289092
:10F360002998401129902F9800022D9024A8006B15
:10F3700000022E903198F7F73EFB1C903198F7F77A
:10F3800027FB1B901C981A9039980F2806D1102043
:10F39000F8F759FF1C99484319900FE03998142841
:10F3A00002D03998062803D11C984000199005E036
:10F3B0003998F8F748FF1C99484319903998122852
:10F3C00005D039981B2802D03998142808D13A98CA
:10F3D00018901B9ADDE9180101FB0200189001E06A
:10F3E000002018903798B0F85000C0F30030179004
:10F3F0003798006B08B1012000E000201690002033
:10F400001590149013901290119010901698002857
:10F410007DD13398401E3799496C401A3799496B12
:10F4200048433799496C01EB20200A903498411EDB
:10F430003798806C091A3798806B41433798806CF5
:10F4400000EB21200990319801680A98814201DD82
:10F450000A9801E0319800680590319881680A980F
:10F46000814201DD0A9801E0319880680790319867
:10F4700041680998814201DD099801E031984068AE
:10F4800006903198C1680998814201DD099801E030
:10F490003198C06808900DA80090069802900598D1
:10F4A0000EAB0190014624A8029A1BF047FD0BA861
:10F4B00000900898029007980CAB0190014624A890
:10F4C000029A1BF03BFD0E990C98401A04900D997E
:10F4D0000B98401A03900020119012901C9801285C
:10F4E00006DD049801021C98401E91FBF0F011907B
:10F4F0001B98012806DD039801021B98401E91FB12
:10F50000F0F012900E98803015900D9800E002E017
:10F510008030139000BF00200F903EE1169848B94C
:10F520000F9912984843139901EB20201490002062
:10F53000109042E00DA80090319841680F9808445F
:10F540000890319800680EAB0790014624A8089AED
:10F550001BF0F4FC0BA80090319841680F98084408
:10F560000890319880680CAB0790014624A8089A4F
:10F570001BF0E4FC0E990C98401A0A900D990B9818
:10F58000401A09900020119010901C9801280DDD60
:10F590000A9801021C98401E91FBF0F01190099806
:10F5A00001021C98401E91FBF0F010900E988030E4
:10F5B00015900D988030149000BF3998112812D002
:10F5C00008DC062877D00E2839D00F2821D0102843
:10F5D00072D148E0122872D014286FD01A2856D061
:10F5E0001B28F5D183E004233A9A1C991798CDE99A
:10F5F0000603CDE90412DDE91432DDE91001CDE99D
:10F600000023CDE90210369B32A807C81BF028FF63
:10F61000B5E003233A9A1C991798CDE90603CDE982
:10F620000412DDE91432DDE91001CDE90023CDE952
:10F630000210369B32A807C81BF012FF9FE01C9BEC
:10F64000109A3A991798CDE90323CDE90510DDE921
:10F6500014211198CDE900120290369B32A807C8F8
:10F660001AF0AAFD8BE01C9B109A3A991798CDE9E5
:10F670000323CDE90510DDE914211198CDE900122D
:10F680000290369B32A807C81AF0CBFF77E01C9B8C
:10F69000109A3A991798CDE90323CDE90510DDE9D1
:10F6A00014211198CDE900120290369B32A807C8A8
:10F6B0001BF0D7F863E04AE05DE000E02FE00023B4
:10F6C000DDE917023A99CDE9062305910890DDE9B5
:10F6D0001013149A1C98CDE90123CDE90310159855
:10F6E0000090369B32A807C81BF085FC47E000233A
:10F6F000DDE917023A99CDE9062305910890DDE985
:10F700001013149A1C98CDE90123CDE90310159824
:10F710000090369B32A807C81BF084FD2FE0012320
:10F72000DDE917023A99CDE9062305910890DDE954
:10F730001013149A1C98CDE90123CDE903101598F4
:10F740000090369B32A807C81BF055FC17E01C9BA5
:10F75000109A3A991798CDE90323CDE90510DDE910
:10F7600014211198CDE900120290369B32A807C8E7
:10F770001BF02AFA03E000BF00BF35B000BD00BF98
:10F7800019993A9808443A90189818B11A99189803
:10F79000084418900F98401C0F901B990F988842AE
:10F7A000FFF6BCAE00BFE8E72DE9F34FCFB00C4643
:10F7B000E169606A814201DAE06900E0606AE16A59
:10F7C000884207DAE169606A814201DAE06902E0B1
:10F7D000606A00E0E06A4B90216AA06A814201DA27
:10F7E000206A00E0A06A216B884207DA216AA06AD9
:10F7F000814201DA206A02E0A06A00E0206B4C90AE
:10F80000E169606A814201DDE06900E0606AE16A05
:10F81000884207DDE169606A814201DDE06902E05A
:10F82000606A00E0E06A4D90216AA06A814201DDD1
:10F83000206A00E0A06A216B884207DD216AA06A85
:10F84000814201DD206A02E0A06A00E0206B4E9058
:10F850004F9A38324BA946A8F7F7E0F84A904A98F1
:10F8600010B951B0BDE8F08FE169606A81421BD1E7
:10F8700004F11C0101A809F095F9DDE901014191AC
:10F88000409004F1240101A809F08CF9DDE901019F
:10F890004391429004F12C0101A809F083F9DDE9BC
:10F8A00001014591449075E0E169E06A81421BD114
:10F8B00004F11C0101A809F075F9DDE9010141918C
:10F8C000409004F12C0101A809F06CF9DDE9010177
:10F8D0004391429004F1240101A809F063F9DDE9A4
:10F8E00001014591449055E0616AE06A81421BD173
:10F8F00004F1240101A809F055F9DDE90101419164
:10F90000409004F12C0101A809F04CF9DDE9010156
:10F910004391429004F11C0101A809F043F9DDE98B
:10F9200001014591449035E004F11C0101A809F062
:10F9300039F9DDE901014191409004F1240101A868
:10F9400009F030F9DDE901014391429004F12C0105
:10F9500001A809F027F9DDE901014591449040A88B
:10F960004199C068814203DD42A940A809F027F906
:10F9700040A841994069814203DD44A940A809F0AB
:10F980001EF940A8C1684069814203DA44A942A82F
:10F9900009F015F940A841994069814203DD44A965
:10F9A00040A809F00CF940A84199C068814203DDE4
:10F9B00042A940A809F003F940A8C1684069814202
:10F9C00003DA44A942A809F0FAF840994298401A8B
:10F9D00040A94969419A891A484340A9C968891AC6
:10F9E000409B449AD21A01FB12004FEAD07A0020C1
:10F9F0003C903D903E903F9040A8C068CDE9000A01
:10FA00002EA840A90EC9FFF74DF98AF0010040A9C0
:10FA10004969CDE9001020A8449B419A4099FFF71D
:10FA200041F940A8C168406981420CD1022140A837
:10FA30004069CDE9000140A8449BC26812A84299E0
:10FA4000FFF730F90CE08AF0010040A94969CDE9DF
:10FA5000001040A8449BC26812A84299FFF722F9FF
:10FA60002EA83C9020A83D9012A83E9046A8F6F7FC
:10FA7000C2FF8046404603F03FFC074646A80FC839
:10FA80000EAD0FC50F981190A08EADF8210094F81F
:10FA900036008DF8230094F837008DF82000099780
:10FAA0000EA803900B9000200C908DF83400049069
:10FAB0004320005D00F00F0B4BA8F6F789FF029082
:10FAC0004BA8F6F798FF0190014604F13800029A1E
:10FAD000FEF73FFE05464FF00009BDB1BBF1020F36
:10FAE00014D10EA807902868469901EB41010844FB
:10FAF0004B9901EB4101401A04906868469908440B
:10FB00004B99A0EB01090F208DF81800479E6BE080
:10FB10000F9611964246FF21384603F0F7FDCDF8C7
:10FB20000080334639463CA8469AFFF71FF88DF807
:10FB30002800BBF1010F26D100BF1DB900BF00BFD7
:10FB400000BFFEE700BF28684C99711A01EB410124
:10FB500008440188ADF8211080788DF8230068688A
:10FB60004C99711A405C8DF8200094F83700FD28FC
:10FB700034DA9DF8200094F8371010FB01F00012E1
:10FB80008DF820002AE0BBF1020F27D1B9F1000F58
:10FB900024D09DF82810022911D1099700200BE0EC
:10FBA00019F80010FD2906DA395C19F8002011FB5C
:10FBB00002F109123954401C4045F1DB0DE09DF87B
:10FBC0002810012905D1CDF8249002218DF82810A4
:10FBD00003E09DF8281001B905E000BF03A94F9884
:10FBE000FCF704F800BF761C4998B04290DA38461A
:10FBF00000F0C6FD12A8FFF709F82EA8FFF706F8D7
:10FC000020A8FFF703F815B12846FEF7BFFC00BF98
:10FC100027E601460879052801D1486D7047002084
:10FC2000FCE700002DE9F04F8DB007460C469046EA
:10FC30001E46DDE9169B48460AF094FB10B10DB054
:10FC4000BDE8F08F206960B905A8206100234A460D
:10FC500005A9304600F051FC05460DB900BF00BFB4
:10FC600004E0202205A82169E0F776FBBDF81C001E
:10FC700010B1BDF81A0000B997E0BDF91E10D8F810
:10FC8000000008440190BDF81A1001980844401E75
:10FC90000390D6E90301401AD8F804100844BDF8CF
:10FCA0001C10401ABDF92010401A0290BDF81C101B
:10FCB00002980844401E0490A06A4242606A414291
:10FCC00001A8F7F74DF8002207F1380101A8F6F76F
:10FCD0003BFF48B1E06838B1002207F13801E06825
:10FCE000F6F732FF00B160E00598002850D00025FB
:10FCF0009DF82400002837DD9DF82400192833DA08
:10FD000000200090BDF81C30BDF81A200021E06AE8
:10FD1000F9F7D1FE05463DBBE06A10B1E06AF9F79C
:10FD200015FDBDF81C1001F11F00C11700EBD161DA
:10FD300049114FEA411A00200090BDF81A100E2315
:10FD400052461E48F9F7A8FC054600BF1DB900BF82
:10FD500000BF00BFFEE700BFBDF81C10686861F37C
:10FD60001F406860E56200BF9DF8240020719DF887
:10FD700024001A280BD12946206900F09FFB20603F
:10FD8000206810B19DF8240000E00020207101E0FF
:10FD90000020207101A8A06000231A4621463846A1
:10FDA000D847206900F0D1FC00BF05A9206988422E
:10FDB00001D10020206100BF41E70000A00C01201C
:10FDC0007047F8B507460C4615461E460C2003F052
:10FDD00093FA009000BF009818B900BF00BF00BFA1
:10FDE000FEE700BF009804600098856000984660B8
:10FDF0003846EFF770FF20B9042201213846F6F7A4
:10FE0000EFFF69463846F7F703F80098F8BD01465A
:10FE1000886820F40040704710B5044600BF1CB944
:10FE200000BF00BF00BFFEE700BF2046EFF753FF53
:10FE300010BD01460868704770B505460E4600BF04
:10FE40001DB900BF00BF00BFFEE700BF3146284616
:10FE5000EFF739FF04460CB1206870BD0020FCE7C5
:10FE600010B50446A068012832D0A06802282FD01F
:10FE7000A06803282CD0A068042829D0A0680828EE
:10FE800026D0A068092823D0A0680A2820D0A0681E
:10FE90000B281DD0A0680C281AD0A0680E2817D0F7
:10FEA000A0680F2814D0A068102811D0A0681128CD
:10FEB0000ED0A06813280BD0A068142808D0A06822
:10FEC000152805D0A068182802D0A068192803D1E9
:10FED000204600F033F810BD00BF00BF0020FAE755
:10FEE00070B50446A068112808D1204600F026F815
:10FEF00005460DB1286870BD0020FCE700BF00BFBB
:10FF00000020F8E710B50446A0681D280ED0A068B0
:10FF10001C280BD0A0681E2808D0A068202805D077
:10FF2000A0681F2802D0A068212803D1204600F035
:10FF300005F810BD00BF00BF0020FAE701460869C0
:10FF4000704701464868704710B504462046FFF7E1
:10FF5000F8FF10BD0146C868704700000146094A15
:10FF6000106F0BE042688A4202D002688A4204D1D4
:10FF7000027E22F00102521C027640690028F1D173
:10FF800070470000B80B0120014A416911677047B2
:10FF9000B80B01200249096F4161014908677047A8
:10FFA000B80B01202DE9F04788B006460F461546EC
:10FFB000984600BF1EB900BF00BF00BFFEE700BFEC
:10FFC0000DF1040A4FF01C094A460021504603F087
:10FFD0009DFB00BF039701950295CDF8148001A801
:10FFE000FFF7D8FF012201A9304600F051F804467E
:10FFF000012C00D009E0002201A9304600F048F8A9
:020000040802F0
:100000000446012C00D000E000BF01A8FFF7BCFFB0
:10001000204608B0BDE8F08770B505460E4600BF23
:100020001DB900BF00BF00BFFEE700BF3146284634
:10003000FFF702FF04460CB9002070BD2146284698
:10004000EFF7D3FE2846EDF746F80120F5E72DE956
:10005000F041064600BF1EB900BF00BF00BFFEE76B
:1000600000BF3046EFF737FE0446002509E0294679
:100070003046EFF728FE076839463046EFF7B5FE01
:100080006D1CA542F3D33046EDF725F8BDE8F081AD
:100090002DE9F74F86B005460C461DB9012009B081
:1000A000BDE8F08F207E00F0010008B10020F6E7E7
:1000B0001422294601A8E0F74FF9287D00F0010A33
:1000C000287D20F00100401C287501200090284662
:1000D000EFF701FE07464FF0000830E041462846A2
:1000E000EFF7F1FD0668306800B926E03046EFF71B
:1000F0003CFE00B121E03089C0F3C03B0898834545
:1001000000D01AE0B06820F40049B9F1000F02D025
:10011000A068484510D17068E06020463168884783
:10012000207EC0F3400000B110E0207E00F001000E
:1001300010B10020009009E000BF08F10108B845A7
:1001400004D2207E00F001000028C7D000BFBAF121
:10015000000F01D00098A2E7207E00F0010018B146
:1001600001A8ECF7CDFF06E0287D20F001002875FE
:100170002846ECF7B0FF009891E770B505460E46AB
:10018000A8681B280BD12846FFF7D8FE0446206834
:10019000B04201DD206800E03046206001E000BF91
:1001A00000BF70BD2DE9F34F85B00598006804903D
:1001B0000498D0F818A0059880690390039818B99E
:1001C000002007B0BDE8F08FDAF80410039801EBC7
:1001D000C0080598407CC0F3400038B1DAF8000050
:1001E000D8F80010C1F313010844EAE70698006943
:1001F000029098F8040098F8051010FB01F00190A7
:10020000019808B90020DCE70598B0F80EB0BAF8FC
:100210001200800B00286FD1DAF80000D8F8001027
:10022000C1F313014418029F002698F804000E2120
:10023000F9F780FC0090BAF81200C0F343200128BF
:100240007DD14FF0000974E0BBF1000F01D0594699
:1002500001E098F8041088B200255DE006F007067A
:1002600046B9217801F0800109B1FF2100E00021A9
:1002700079554FE0012E08D1217801F0400109B1F4
:10028000FF2100E00021795544E0022E08D12178B9
:1002900001F0200109B1FF2100E00021795539E08A
:1002A000032E08D1217801F0100109B1FF2100E0EF
:1002B000002179552EE0042E08D1217801F00801A3
:1002C00009B1FF2100E00021795523E0052E08D176
:1002D000217801F0040109B1FF2100E000217955E6
:1002E00018E0062E09D1217801F0020109B1FF21A1
:1002F00000E0002179550DE0D7E0072E0AD12178E2
:1003000001F0010109B1FF2100E000217955411EF2
:1003100088B2641C6D1C761C98F80410A9429DDC00
:10032000BBF1000F01D00026044400990F4409F1ED
:10033000010998F80500484586DCB0E0FFE7BAF807
:100340001200C0F34320022846D14FF000093EE0DE
:10035000BBF1000F01D0594601E098F8041008469F
:10036000002527E006F0030636B92178514A02EB52
:10037000A111097879551BE0012E06D12178C1F32E
:1003800001114C4A515C795512E0022E06D12178B8
:10039000C1F38101474A515C795509E0032E07D129
:1003A000217801F00301434A515C7955401E641CD9
:1003B0006D1C761C98F80410A942D3DCBBF1000F29
:1003C00001D00026044400990F4409F1010998F86E
:1003D00005004845BCDC62E0BAF81200C0F34320D7
:1003E000042835D14FF000092DE0BBF1000F01D0FA
:1003F000594601E098F8041088B2002516E006F08E
:10040000010636B921782C4A02EB21110978795579
:100410000AE0012E08D1217801F00F01264A515C33
:100420007955411E88B2641C6D1C761C98F8041026
:10043000A942E4DCBBF1000F01D00026044400997E
:100440000F4409F1010998F805004845CDDC26E084
:10045000BAF81200C0F34320082820D14FF0000959
:1004600019E0BBF1000F01D0594601E098F80410E3
:1004700088B2002506E021787955411E88B2641CB7
:100480006D1C761C98F80410A942F4DC00990F4406
:10049000044409F1010998F805004845E1DC002110
:1004A0000698F9F7ABF906988BE600BF00BF00206D
:1004B00087E6000020E6030810E603082DE9F04176
:1004C00004468846256800BF1DB900BF00BF00BFB5
:1004D000FEE700BF607CC0F34007607C20F00200B4
:1004E0006074414620466A6890470646607C67F320
:1004F000410060743046BDE8F0812DE9F05F0646AA
:100500000C4692469B4600BF1CB900BF00BF00BF0F
:10051000FEE700BF00BF1EB900BF00BF00BFFEE77F
:1005200000BF00273546287DC0F3800080F0010819
:100530004FF020094A460021204603F0E7F800BFAB
:100540001CE0B8F1000F01D0584600E0002003463F
:10055000524621462846D5F800C0E0478146B9F109
:10056000000F09D0607C00F0010018B9256001205F
:10057000BDE8F09F07B92F46ED6900BF002DE0D11F
:100580007FB1B8F1000F01D0584600E000200346CB
:10059000524621463846D7F800C0E0472760012080
:1005A000E6E7F06800EBD071C1F34F01E180E0882D
:1005B000801CA0800020E0812060B0892081002084
:1005C0006081A08101202074607C20F00100401C2B
:1005D00060740020CCE72DE9FF4F83B00C469146B4
:1005E000B9F1090F01D1012000E000208246BAF1E3
:1005F000000F01D04FF02009039885694946039800
:10060000F0F76AF806461EB9002007B0BDE8F08F83
:100610004FF0000BE86868B106990398F0F75CF8B2
:100620000190019828B13146019A0398F0F752F9E8
:10063000834600BF686800EBC607288A00FB0BF002
:100640000011029038684FEA1058BAF1000F01D03B
:100650004FEA48080298804408F108004FEA101851
:10066000A4F80480787920813879E08097F9060031
:10067000608197F90700A081287D10B90020E081F2
:1006800010E0E2886B8AC3F3432302FB03F0C21D30
:10069000D1082A7D521E0A442B7DB2FBF3F25A4345
:1006A000E28100BF688AC0F343202074607C20F0A0
:1006B00001006074A661BAF1000F05D0E0884FF622
:1006C000FF7101EA4000E08001209EE72DE9F04142
:1006D0000446256800BF1DB900BF00BF00BFFEE78C
:1006E00000BF287DC0F3C00020B900BF00BF0020BC
:1006F000BDE8F081607CC0F34006607C20F0020021
:10070000801C6074002120466A6890470746607C20
:1007100066F3410060743846EAE770B588B0064673
:100720000C461546204609F066FE10B1002008B0C0
:1007300070BD2B46224669463046FFF7DEFEBDF807
:100740000400F4E70146C868704770B5044600BF6E
:100750001CB900BF00BF00BFFEE700BFE06900B9E1
:1007600070BD25682DB1A86818B121462846AA6831
:10077000904700BFF4E70146087DC0F3C000704712
:1007800010B504460548844200D110BD04B9FCE709
:10079000204600F005F800BFF7E70000200C01201C
:1007A00070B5044620460AF0E6FA05460B49D1F832
:1007B000CC0121460AF017FB0848D0F8D001A84226
:1007C00007D90648D0F8D001411B0448C0F8D01121
:1007D00003E000210148C0F8D01170BDB80B012022
:1007E00070B50446606808B90B2070BD6068006988
:1007F00008B90920F9E7D4E90010026990470546D5
:100800006068406878B1A06868B160684068401C62
:1008100030B1A068C06818B1A168C868FFF7B0FF20
:10082000A068FFF7ADFF002020606060A060284650
:10083000DBE770B503460C4600BF1BB900BF00BF25
:1008400000BFFEE700BF00BF1CB900BF00BF00BF74
:10085000FEE700BF00BF1AB900BF00BF00BFFEE740
:1008600000BF0020106020601878412802DB187853
:100870005A2801DD002070BD58783A2801D00020A8
:10088000F9E70025022106E005EB85004500585CEC
:1008900030380544491C585C2D2803D0585C08B1F9
:1008A0004029F1D3585C08B1402901D10020E2E78A
:1008B000491C0AE0106800EB800040001060585CA2
:1008C0003038166830441060491C585C2E2803D01C
:1008D000585C08B14029EDD325600120CBE700002A
:1008E00070B50546094802F0CFFB04460AE02068CF
:1008F0000078A84201D1206870BD2146034802F06B
:10090000DBFB0446002CF2D10020F5E79C0D012012
:1009100070B50546284608F014FE04460EE0285D32
:100920002E2802D1601C284470BD285D2F2802D0DB
:10093000285D5C2801D103A0F6E7641E002CEED1EF
:1009400000A0F1E70000000010B50421014802F00A
:10095000C6FB10BD9C0D01202DE9FC4704460E4648
:10096000904626B900BF00BF0B20BDE8FC8731468A
:10097000684600F078F99DF80000FFF7B1FF0546E2
:100980001DB900BF00BF0320EFE7A86838B12846B3
:10099000A968884718B900BF00BF0120E5E7E868EB
:1009A00018B900BF00BF0920DFE765606868401C18
:1009B00008B924600CE0019942462846EB68984744
:1009C00007460FB1781C08B90C20CEE7276000BF9E
:1009D000686818B3102002F0C9FCA06000BFA068CE
:1009E00018B900BF00BF00BFFEE700BF6868401C29
:1009F000A8B93746A068021D00F10C013846FFF780
:100A000018FF8146B9F1000F03D100BF00BF0C20D1
:100A1000ABE70020A1680860A168886006E04FF09D
:100A2000FF30A16808604000A168486000209CE792
:100A30002DE9FC4104460F4690461D460DB10020AD
:100A40002860606810B90B20BDE8FC8160684068D0
:100A500038B16068406910B16068C06930B9092078
:100A6000F2E76068406908B90920EDE700200190CD
:100A70006068406838B101AB42463946204600F014
:100A800011F8064609E001A80090D4E90010434699
:100A90003A46D0F814C0E04706460DB101982860E8
:100AA0003046D1E72DE9F04F87B004468846164618
:100AB0001F4600200690A068D0F808A0A068006833
:100AC0000590A06840680490A068D0F80C90606819
:100AD000D0F804B00598504571D8049882456ED876
:100AE0000498A0EB0A00451CDDE90401401A401BF4
:100AF000401C039060684068401C10B9AE4200D9A9
:100B00006E1EAE4208D8039809EB000132464046FB
:100B100002F090FC3E6050E0039809EB00012A4689
:100B2000404602F087FCA3685B685A1CD4E90010B9
:100B30000023D0F81CC0E04700200290701B5845ED
:100B40000BD902A8731B08EB05020090D4E9001032
:100B5000D0F814C0E047069025E002A80090D4E940
:100B600000105B464A46D0F814C0E0470690A068E3
:100B70004068401CA1680860A068006802990844A9
:100B8000401EA1684860701B0299884201D2701B08
:100B900000E0029880B2019008EB05004946019AF6
:100BA00002F048FC00BF02982844B04202D20298EA
:100BB000284400E03046386000BF48E0FFE7A36803
:100BC0009A68D4E900100023C569A8475E4508D992
:100BD0000097D4E90010334642464569A84706907D
:100BE00035E0B9F1000F10D1584602F085FBA1683D
:100BF000C86000BFA068C06818B900BF00BF00BFD0
:100C0000FEE700BFA068D0F80C900020039003A876
:100C10000090D4E900105B464A464569A847069013
:100C2000A068C0F800A0A068006803990844401EAE
:100C3000A16848600398864201D2304600E00398DC
:100C40003860494640463A6802F0F4FB00BF069817
:100C500028B9A068806839680844A1688860069847
:100C600007B0BDE8F08F0CB50A788DF800200A783F
:100C700022B1491C0A783A2A00D1491C0191DDE9C8
:100C80000023C0E900230CBD2DE9F04104460D46C8
:100C90001646606810B90B20BDE8F08160684068B6
:100CA00038B16068C06910B16068006A30B9092065
:100CB000F2E76068C06908B90920EDE7606840683C
:100CC00030B132462946204600F00BF8804606E057
:100CD000D4E9001033462A46C769B84780464046E3
:100CE000DAE7F8B504460D461646002726B1012E70
:100CF00005D0022E1ED108E0A06885601AE0A06829
:100D000080682844A168886014E0D4E90010334664
:100D10002A46D0F81CC0E047074657B9D4E900106E
:100D20006A46036A9847074617B90098A168886021
:100D300000BF00BF00BF3846F8BD000070B50446D4
:100D400000BF1CB900BF00BF00BFFEE700BF14B961
:100D500000BF00BF70BD4FF4FC752A46002120463D
:100D600002F0D4FC00BF4FF4497104F1080002F016
:100D7000B6F94FF4A27104F1480002F0B0F9074847
:100D8000A066012084F82800E0658A2020634320C3
:100D90006067034807F056FF00BFDBE7D4C3B2A18A
:100DA000CDAB341270B506460D4606B970BD00BF16
:100DB00000BF284600F002F9A86810B9284602F0E2
:100DC000C1FEA8684660304602F0EBF9044600BF59
:100DD0001CB900BF00BF00BFFEE700BF04B9E5E7D4
:100DE0002560304602F050F9A04202D1304600F0B2
:100DF000C7F800BF00BF00BFD8E7000070B50446C9
:100E000000BF1CB900BF00BF00BFFEE700BF074A1C
:100E100007492046EFF7F8F90546606920B11DB98A
:100E2000012120466269904770BD0000B930020878
:100E3000893002082DE9F04106460EB9BDE8F0817F
:100E4000304603F061FE044604B9F7E7207F00F066
:100E5000010000B1F2E70021204600F029F9204608
:100E600002F012F905463CE02868B04234D1E0684F
:100E7000B0B1E0680068B04212D02046EFF7F8FC4D
:100E80008046E16842460868142107F003F80746E7
:100E9000012F00D0D2E7E168086805F063FC00BFCD
:100EA000E560E068B8B1206910B120462169884743
:100EB0002046EFF7DDFC8046E168424608681321D2
:100EC00006F0E8FF0746012F00D0B7E7E1680868A1
:100ED00005F048FC00BF06E02946204602F0ECF889
:100EE0000546002DC0D100BF00BFA7E770B504467E
:100EF00000BF1CB900BF00BF00BFFEE700BF074A2C
:100F000007492046EFF780F90546606920B11DB911
:100F1000002120466269904770BD0000C73002087A
:100F2000D33002080148406C70470000B80B012024
:100F3000014609B900207047087FC0F34000FAE776
:100F4000014609B900207047C86808B90020FAE7CF
:100F5000C8680068F7E710B5044600BF1CB900BFB9
:100F600000BF00BFFEE700BF204602F093F810BDAF
:100F700010B52021014802F0B2F810BDF00B01209D
:100F800070B50446207FC0F3C005207F20F0080024
:100F900008302077207FC0F3800018B92046FFF783
:100FA0002DFF06E0207FC0F3800010B12046FFF740
:100FB0009DFF207F65F3C300207770BD2DE9F041D0
:100FC0000546284603F0A0FD04460CB9BDE8F081B3
:100FD00000BF00BFE06808B3E0680068A84221D104
:100FE000207F00F0010018B1207F20F00100207761
:100FF000204602F049F8E168884210D1204602F00C
:1010000068F8E16888420AD12046EFF731FC0746CC
:10101000E1683A460868142106F03CFF02E02046E9
:10102000FFF7AEFFE06828B1E0680068A84201D190
:101030000020E060204602F027F8064614E0306801
:10104000A8420CD13146204602F00CF93046FFF799
:1010500097FBA86810B10020A968486006E03146F7
:10106000204602F029F80646002EE8D100BF00BF56
:1010700000BF00BFAAE773B5054600BF1DB900BF9A
:1010800000BF00BFFEE700BF2846FFF759FF044638
:101090000CB901207CBD8021204605F074F808B110
:1010A0000120F7E701AA1121204606F0F3FEF1E73F
:1010B0002DE9F04704460D4600BF1CB900BF00BF34
:1010C00000BFFEE700BF2E46207FC0F3400035463C
:1010D000A84201D1BDE8F087207F66F34100207768
:1010E0002046FFF72DFF074697B12046EFF7C0FBDC
:1010F0008146E1684A460868132106F0CBFE804627
:10110000B8F1010F00D0E5E7384605F02BFB00BF32
:1011100000BFDFE72DE9F0478AB004460D461646CA
:101120009846DDE9129A149FB8F1000F0FD1B9F576
:10113000807F0CD1BAF5807F09D1002020606060EB
:10114000681EA060701EE0600AB0BDE8F087202134
:1011500002A8DFF71AF90495079608950996012069
:1011600053464A464146CDE9007002A807F035FDD6
:10117000012053464A464146CDE9007004A807F0D5
:101180002CFD012053464A464146CDE9007006A891
:1011900007F023FD012053464A464146CDE9007041
:1011A00008A807F01AFD04990298884201DA02980B
:1011B00000E00498089A0699914201DA069900E045
:1011C0000899884207DA04990298884201DA02985D
:1011D00008E0049806E008990698884201DA069823
:1011E00000E00898206004990298884201DD029886
:1011F00000E00498089A0699914201DD069900E002
:101200000899884207DD04990298884201DD029816
:1012100008E0049806E008990698884201DD0698DF
:1012200000E00898401EA06003990598814201DA09
:10123000039800E00598079A09998A4201DA07990C
:1012400000E00999884207DA03990598814201DA9A
:10125000039808E0059806E007990998814201DAA9
:10126000079800E00998606003990598814201DDC4
:10127000039800E00598079A09998A4201DD0799C9
:1012800000E00999884207DD03990598814201DD54
:10129000039808E0059806E007990998814201DD66
:1012A000079800E00998401EE06000BF4CE700008E
:1012B00010B586B004461248D0F82C0110B10120B8
:1012C00006B010BD0F4A07CA03AB07C3DDE904012E
:1012D000CDE90001224618210B48039BF6F71BFAC3
:1012E0000749C1F82C01D1F82C0108A1F6F70CFB35
:1012F0000348D0F82C0108B10120E1E70020DFE726
:10130000B80B0120D85B0408AC5B0408494D414789
:101310004500000010B50349D1F82C01F6F7C5FAD5
:1013200010BD0000B80B01202DE9F04705468946A5
:1013300016461F460E490022D1F82C014946F6F701
:10134000C0F98046B8F1000F02D10020BDE8F08757
:101350004046F6F746FA0446E660207A012803D1B3
:10136000606808F0DAF86060676125614046EDE783
:10137000B80B012010B50446206800B910BD00BFAD
:1013800000BF2068C06818B120682146C268904735
:10139000FFF7C0FF40B1206C30B1606C20B100227B
:1013A000D4E91001F6F788FA00BF00BF00BFE5E7F7
:1013B00010B50A4801F09BFE044600BF1CB900BFEF
:1013C00000BF00BFFEE700BF0CB9002010BD1C210C
:1013D000204602F005FA2046F8E70000D80C01206C
:1013E0002DE9F04104460D46164600272068806826
:1013F00038B1206833462A462146D0F808C0E04775
:1014000007463846BDE8F08170B594B004460D46F5
:101410004C2101A802F0E4F90494204600F04EF9B2
:101420008DF8140000BF00BF294601A8F1F70AF9A2
:10143000064600BF00BF16B9002014B070BD0120E1
:10144000FBE7000070B505460C461C21064801F07C
:1014500046FE2846FFF72CFF204600F0EFF800BFBD
:1014600000BF00BF00BF70BDD80C01202DE9FC41BA
:1014700004460E4615464C21204602F0B1F916B935
:101480000020BDE8FC81E660304600F017F92074CA
:1014900000BF00BFFFF73EFF70B12548D0F82C0118
:1014A00020640DB1A87838B920461AF0DDF801287B
:1014B00002D100BF00BFE4E704F120012046F1F7AC
:1014C000C1F82060206818B900BF00BF0020D8E72D
:1014D00000200090019025B1286860602879207272
:1014E00004E0009860609DF80400207220682146A6
:1014F000426890470746012F15D1E06A98B100BFB6
:10150000E06A406910B1E06A806918B900BF00BFA5
:1015100000BFFEE700BF207A28B10021E06AF8F79B
:101520006DF900BF00BF00BF00BF3846A9E700004B
:10153000B80B01202DE9F84381460C4614B9002070
:10154000BDE8F88309F104052878002836D0208802
:10155000C0F30720142831D02288C2F30721A288C3
:1015600090B2F8F7E7FA0646208980B2B04224D05C
:1015700000BF00BF31462046F7F758FE0746012F4F
:101580001AD000962088C0F307236068020CA08858
:1015900081B22548F8F780F88046B8F1000F03D1F2
:1015A00000BF00BF0020CBE700232246194640467B
:1015B000F8F733F8444600BF00BF00BF687818B39F
:1015C0002088C0F307200B2804DB2088C0F3072005
:1015D0000E2827DD2188C1F30720F6F73CFE98B1DD
:1015E00001212046F8F7B5F970B92088C0F307202B
:1015F0001A2817D000BF00BF20212046F8F7A9F90C
:1016000018B12046F8F730FA0CE021460648F8F702
:10161000C2F804461CB900BF00BF002090E7204676
:10162000F8F722FA20468BE7BC0C0120C160704716
:1016300081607047016070474160704710B586B0A7
:1016400004461248D0F8300110B1012006B010BD98
:101650000F4A07CA03AB07C3DDE90401CDE9000166
:10166000224618210B48039BF6F755F80749C1F8A5
:101670003001D1F8300108A1F6F746F90348D0F857
:10168000300108B10120E1E70020DFE7B80B0120BD
:10169000E45B0408805B0408494D4147455F4845C9
:1016A000414445520000000010B50349D1F8300113
:1016B000F6F7FBF810BD0000B80B0120014609B990
:1016C000032070470A461078202804DB10787F2812
:1016D00001DC0120F5E71078802801DB0220F0E72B
:1016E0000020EEE70148406D70470000B80B012074
:1016F00070B5F7F7EBF905460DB900BF00BF1F48FD
:1017000001F0F5FC044600BF1CB900BF00BF00BFDC
:10171000FEE700BF0CB9002070BD4FF4A271204657
:1017200002F0C1F8E07A20F00200801CE072E07A5A
:1017300020F00400001DE07222462121104809F02B
:1017400069F96062F7F7C2F9206200202070012079
:10175000A0720A2084F8280084F829004FF4C87089
:10176000A0856420E085322084F82B00032084F8D3
:101770002A004FF4807020632046CDE7000C012042
:10178000751C02082DE9F04F95B004460020149016
:10179000139094F82850D4F8D07080468346D4F83B
:1017A000B810E06C0144C4F8B810D4F8BC10206D37
:1017B0000144C4F8BC1075E1002012904FF4807908
:1017C000CA46109011900F9720E000210F9804F066
:1017D000A6FB1299084400B2129000210F9804F061
:1017E000A9FB029000210F9804F0B6FB019002982B
:1017F00009FB00F04FEA202901980AFB00F04FEAAC
:10180000202A0F9803F0F5F90F9000BF0F980028D9
:10181000DBD1B9F1000F01D14FF00109BAF1000F8E
:1018200001D14FF0010A04F1B40081684068CDE9AC
:101830000D01129828B9B9F5807F02D1BAF5807FE1
:1018400013D01298404200B212904FF4803090FBB7
:10185000F9F990FBFAFA002010A953464A46CDE95F
:1018600000100DA8129907F0B8F90D98002801DDB5
:101870000D9801E00D9840420E99002901DD0E9966
:1018800001E00E994942884202DD4FF0010801E073
:101890004FF0010B1021384604F056FCC0B94FF44C
:1018A0008071384604F050FC18B9B8F1000F00D030
:1018B000FBE04FF40071384604F046FC18B9BBF168
:1018C000000F00D0F1E0384603F093F90746E9E055
:1018D000CDF830B0CDF82CB0CDF82880CDF82480EC
:1018E000384603F007FA064606F0010008B9002062
:1018F0000A9006F0020008B90020099006F00400E2
:1019000008B900200C9006F0080008B900200B90E0
:10191000002008900790384603F0DAFA06900698FF
:1019200040B9384603F0F0F90890384603F062FAFF
:10193000079016E001AB02AA03213846EFF770FBCF
:101940009DF8080008B1012001E04FF0FF30089039
:101950009DF8040008B1012001E04FF0FF3007902E
:1019600000BF002005900490384603F0BCFA0390B5
:10197000039840B9384603F0C1FA0590384603F0A1
:1019800059F9049016E001AB02AA0C213846EFF792
:1019900047FB9DF8080008B1012001E04FF0FF303F
:1019A00005909DF8040008B1012001E04FF0FF30E0
:1019B000049000BF0598002802DC049800280DDD83
:1019C0000C9810B10E98A84205DA0B9830B1694214
:1019D0000E98884202DC14970C2013900898002877
:1019E00002DC079800280DDD0A9810B10D98A84276
:1019F00005DA099830B169420D98884202DC1497E3
:101A0000032013900598002801DC00200C90049816
:101A1000002801DC00200B900898002801DC002041
:101A20000A900798002801DC002009900A9810B15C
:101A30000D98A84210DA099818B169420D988842A9
:101A40000ADD0C9810B10E98A84205DA0B9880B107
:101A500069420E9888420CDCB8F1000F01D00320D7
:101A600000E00C2094F8101160F3030184F81011C9
:101A70001BE04FF48071384604F066FB18B9B8F1EA
:101A8000000F00D011E04FF40071384604F05CFB09
:101A900018B9BBF1000F00D007E0384603F0A9F8F1
:101AA000074600BF002F7FF487AE00BF149870B1C7
:101AB00094F81011139860F3030184F8101114982E
:101AC000C4F8D8000021C4F8B810C4F8BC101498A9
:101AD00015B0BDE8F08F00000148806D7047000030
:101AE000B80B0120014609B900207047D1F8200148
:101AF000FBE7000010B504461CB9044801F0C4FA25
:101B000010BD2146014801F0D7FAF9E7000C012089
:101B100018B900220A604A600EE00278012A07D054
:101B20000278032A04D04FF0FF320A604A6003E0D3
:101B3000426B0A60826B4A607047014609B9002017
:101B400070470878012804D00878032801D00020C5
:101B5000F6E791F8100100F00F00F1E7014609B92E
:101B6000002070470878012804D00878032801D0A5
:101B70000020F6E7D1F8D800F3E7014609B90020C4
:101B80007047087AFCE7014609B9002070470878D9
:101B9000FCE7000030B591B004460CB911B030BD7F
:101BA00033484465206A00B9F8E72046F2F758FA4E
:101BB000E07AC0F3800000B9F0E7206AD0F8D002E4
:101BC00000B1EBE700BF01A92046F2F7EBFAA07ADB
:101BD000022804D09DF8400008B1012000E0002058
:101BE00005462046F2F73CFA0020214988659DF819
:101BF000240020720F98E060207A012804D10F9809
:101C0000216AC1F80C0309E02078042806D1BDF848
:101C1000380018B10F98216AC1F80C032078012808
:101C200004D101A92046F1F70BFE16E02078022826
:101C300004D101A92046F1F7C3FC0EE02078042866
:101C400004D101A92046F1F7DDF906E02078032848
:101C500003D101A92046F1F7FBF82046F2F700FA7C
:101C6000002DB0D1002002494865886500BF95E786
:101C7000B80B012010B50446E068FFF78BFF10BDDC
:101C800070B504460E4624B131462046F2F7C4FA38
:101C900012E00020FFF72EFF054607E031462846F8
:101CA000F2F7BAFA2846FFF725FF0546002DF5D1D1
:101CB00000200249886500BF70BD0000B80B0120FC
:101CC0002DE9F04F87B00446E06C20B9206D10B9C3
:101CD00007B0BDE8F08FD4F8D880B8F1000F19D163
:101CE0002046FFF74FFD8046B8F1000F00D1EFE727
:101CF0002046F2F7ADFB2021D4F8D00005F0FEFD20
:101D000000220C21404606F0C5F8E07AC0F34000FE
:101D100000B1DDE74FF000094FF480752E46C24652
:101D20001DE00021504604F0FAF848440FFA80F90B
:101D30000021504604F0FEF883460021504604F08E
:101D40000BF9049005FB0BF0001205B204987043E8
:101D5000001206B2504602F04CFF824600BFBAF1B4
:101D6000000FDED105B9012506B90126B9F1000F32
:101D700005D1B5F5807F02D1B6F5807F1BD0C9F1C2
:101D800000000FFA80F94FF4803090FBF5F005B2B7
:101D90004FF4803090FBF6F006B2002003900490E0
:101DA00003A933462A46CDE90010494604F14C0008
:101DB00006F013FF00BF00200690059094F8100174
:101DC00000F00F00032811D1404603F013F88346BA
:101DD000404602F099FF0490032000905B46E16CBE
:101DE0004046049AEDF714F8069011E0404603F0DF
:101DF00085F88346404602F01DFF04900C200090B9
:101E0000216D5A464046049BEDF702F8059000BF4D
:101E1000404602F06FFF074607F0010020B9069820
:101E2000002801DD0020069007F0020020B9069886
:101E3000002801DA0020069007F0040020B9059878
:101E4000002801DD0020059007F0080020B9059862
:101E5000002801DA0020059005AA06A9204612F004
:101E60008AFF4046DDE9052105F070FFE07AC0F306
:101E7000400000B12CE7D4F8B80006990144C4F83A
:101E8000B810D4F8BC0005990144C4F8BC1000BFD8
:101E90001EE72DE9F84F0446D4F8D8A0BAF1000F98
:101EA00001D1BDE8F88F94F8100100F00F0000B9DF
:101EB000F7E794F829604021504604F045F920B92D
:101EC0000021C4F8C410C4F8C010504603F000F854
:101ED0000746504603F007F8054694F8100100F055
:101EE0000F000C284ED10021C4F8C01045BBC6F12C
:101EF0006401D4F8C4004843642190FBF1F1C4F8B4
:101F0000C410504602F096FE8046504602F0F6FF9E
:101F100081460C20009043464A465046D4F8C410EF
:101F2000ECF776FFC4F8C40000215046D4F8C42072
:101F300005F00CFFE07AC0F3400000B1B1E777E0B4
:101F40000C21204600F0EBF800900021C4F8C410EA
:101F50006A46204612F00FFF6FF060425142504631
:101F6000009BEEF7BFF88046009800EB08020123C3
:101F70000021504605F0C2FDE07AC0F3400000B1F8
:101F80008FE755E094F8100100F00F0003284FD1BF
:101F90000021C4F8C41047BBC6F16401D4F8C000E6
:101FA0004843642190FBF1F1C4F8C010504602F0A0
:101FB000ABFE8046504602F01DFF81460320009094
:101FC0004B4642465046D4F8C010ECF721FFC4F807
:101FD000C00000225046D4F8C01005F0B7FEE07AE9
:101FE000C0F3400000B15CE722E00321204600F08E
:101FF00096F800900021C4F8C010002269462046DF
:1020000012F0B9FE6FF0604251425046009BEDF76E
:10201000D9FF8046009808EB0001012300225046BA
:1020200005F06CFDE07AC0F3400000B139E700BF75
:10203000D4F8C000002870D1D4F8C40000286CD1B6
:102040005DBB504602F05AFF8046504602F0F2FD5A
:102050008146B8F1000F02DCB9F1000F1CDDB8F1C8
:10206000000F0ADA012342460021504605F046FDE2
:10207000E07AC0F3400078B113E7B9F1000F0BDA52
:102080000123C9F100020021504605F037FDE07A36
:10209000C0F3400000B104E700BF5FBB504602F050
:1020A00033FE8046504602F0A5FE8146B8F1000F8F
:1020B00002DCB9F1000F1CDDB8F1000F0ADA0123D0
:1020C00000224146504605F019FDE07AC0F3400079
:1020D00078B1E6E6B9F1000F0BDA01230022C9F16D
:1020E0000001504605F00AFDE07AC0F3400000B15F
:1020F000D7E600BF22460E21504605F0CBFEE07A1F
:10210000C0F3400000B1CCE694F8100120F00F01BC
:1021100084F810110021C4F8D81000BFC1E670B5D2
:1021200002460C460AB9002070BD032C04D00C2CCA
:1021300005D1D2F8CC1004E0D2F8C81001E000209C
:10214000F2E700BF92F82950002306E00B44C5F1E6
:1021500064004843642690FBF6F10029F6D1184646
:10216000E2E72DE9F04786B004460E46002701213C
:10217000204603F0E9FF18B1002006B0BDE8F08763
:10218000D6E90001CDE90401022204A9204606F0A7
:10219000FCFA04A9204604F005F8804604F1140076
:1021A0000FC88DE80F004FF48011204603F0CCFFDC
:1021B00048B1204602F0A0FC05462A46294668465A
:1021C000F4F71FFC00BF002204A96846F4F70BFDDA
:1021D000B0B1204602F0CDFB8146A9F101050CE02B
:1021E000A068006850F825A004A95046FFF7B9FF81
:1021F00007460FB13846C0E76D1E002DF0DA00BF6C
:10220000B8F1000F01D02046B7E70020B5E770B560
:1022100004460E4615462B462246314604F5947078
:10222000FDF7C0FE70BD00B97047416000BFFBE71D
:1022300000B970470170C27A22F00202921CC27289
:1022400000BFF6E700B97047C17A21F008010831F4
:10225000C17200BFF7E70000F8B52748007910B158
:1022600000BF00BFF8BD00BF00BF2348FEF766FDFA
:1022700001F0BAF8F7F7CEFB06F018FB08F0BEFB4A
:10228000FEF762FB00F0CEFEF3F770FFFEF770FE84
:10229000F7F7E2FEFCF7A2FA06F01AF906F0D0FE14
:1022A00000210846FFF7CEF8F5F72EF813A52C46C7
:1022B0002078C32804D16078812801D1A07808B1A2
:1022C00000BF00BF0E4800906E463078112801D143
:1022D000012000E00020074627B100BF00BF00BF7B
:1022E00000BFFEE700BF00BF01200349087100BF27
:1022F00000BF00BFB6E70000B80B0120C38100009B
:10230000443322112DE9F04389B00446884614B9BC
:10231000F6F7DCFB044614B909B0BDE8F0832046AB
:10232000F6F7B9FC00B9F7E700BFE06BC0F38060D7
:1023300018B100BF00BF00BFFEE700BFB8F1000F3B
:1023400003D10020C4F86402E6E70020059006905F
:102350002046F6F7EAFB401E07902046F6F77DFC84
:10236000401E089005AA414601A8F4F757FB06460F
:1023700006B9D1E794F84000072807D1019820F06A
:1023800007000190039840F00700039094F83D0087
:1023900002280DD105A80FC804F144050FC501207E
:1023A000C4F86402002238212046F6F787FDB3E71F
:1023B00001AA35212046F6F781FD0746012F00D0FE
:1023C000AAE700250BE004F1440000EB0511002210
:1023D00001A8F4F750FB00B19EE7681C85B2D4F861
:1023E0006402A842EFD80DF10409D4F86402202851
:1023F00004D30020C4F864020DF1140904F144016F
:10240000D4F8642201EB02104946F4F707FAD4F835
:102410006402401CC4F86402002238212046F6F70A
:102420004DFD00BF78E72DE9F04106460F46154601
:1024300098461C2000F09AFF044600BF1CB900BF5C
:1024400000BF00BFFEE700BF24B900BF00BF0020EF
:10245000BDE8F08126606760E560C4F818805DB172
:10246000284600F083FFA06000BFA06818B900BF35
:1024700000BF00BFFEE700BF2046E9E770B5064693
:102480000C46254600203D3545F8110CE87F20F02C
:102490002000E877E87F20F01000E8774FF0FF3069
:1024A00045F8090CE87F20F00F00E8773D3D002259
:1024B000114605F1540006F07FFB4FF0FF30A86392
:1024C00000212964E963000C6864A86402212046A5
:1024D00005F084F90021204600F0F6FC02A1204618
:1024E00000F02EFD70BD00005465787400000000FF
:1024F00070B5044600BF00BF2146044801F0C8FC87
:102500000546284601F03DFD284670BDDC60040804
:1025100070B506460C46254695F85C00C0F30010E1
:1025200010B9E86AFEF72CF90020E86270BD0000DF
:102530002DE9F04F89B08A465146624802F0D1F940
:1025400008900898012802D009B0BDE8F08F5046E5
:10255000FDF75DFC06465046FDF76BFC0746322E44
:1025600001D0312E03D1384600F0E6F9A8E01B2E49
:1025700011D10021384603F0A6FC80464046FEF704
:10258000E1F804462546E01704EB907081105046B0
:10259000FDF7F3FD94E0342E7ED13C4694F85C00C8
:1025A000C009002870D00021384603F08CFC079049
:1025B0000021384603F092FC06900021384603F0D3
:1025C00098FC05904FF0000994F85C00C0F34010AF
:1025D00008B149F0080994F85C00C0F3801008B114
:1025E00049F001090021384603F0DEFC6FF040415C
:1025F000884206D1788DC0F3C02010B96FF06048D2
:1026000003E0384602F019FA80460021384603F00C
:10261000D0F9404501DD404603E00021384603F093
:10262000C8F98046D4F834B0384600F0F7FB0020F3
:1026300001900290039004900698019005980290F2
:102640008DF81090CDF80C8001ABE16A04F14C00DC
:10265000079A07F05DFD5946384600F0FFFB002160
:10266000384603F09BF9216D884201DD206D03E0BF
:102670000021384603F092F9206594F85C0020F0C0
:10268000800084F85C0000BF5046FDF757FC05460B
:102690002868E16C884200E00DE001DD286800E078
:1026A000E06C28606968206D814201DD686800E0A7
:1026B000206D686004E01D2E02D15046ECF712F93F
:1026C00000BF41E7DC6004082DE9F04F99B00746F0
:1026D0008A4600BF1FB900BF00BF00BFFEE700BFB2
:1026E00000BFBAF1000F03D100BF00BF00BFFEE77B
:1026F00000BF3E464FF0000B12225946304603F011
:102700002FFA03900398DAF80010081A179000BF08
:1027100010225946304603F023FA03900398DAF862
:102720000410081A189013A9384602F042F93846E6
:1027300000F0E0F880460025002413A8F4F748F9DB
:1027400012900021384603F0BEFB11901198FDF75E
:10275000F9FF8146002010900C900D900E900F9084
:102760000021384603F0BAFB0C900021384603F0F4
:10277000C0FB0D903046EEF713F98DF83C0013A81E
:10278000F4F739F90E9040E0109848440D99084448
:1027900000EB09011298814201DD012000E00020D8
:1027A0000390039858B196F85C0000F00F000128E0
:1027B00005D19DF83C0040F004008DF83C000CA8C9
:1027C000009008EB05000023591E119A07F03CFB0E
:1027D000044410984844189981420EDC029402A9DE
:1027E0004046424A126890478346BBF10A0F03D025
:1027F00018F8040000B9641C0BE00D9800EB090107
:10280000109808441090254600BF18F805000028CD
:10281000BAD100BF08EB05000B9000200A90002100
:102820003846F26A01F0D5FA0990601B08900CA9AD
:1028300013AA1198CDE9012100900AA8DDE9083119
:102840000B9AEAF734FA0020079006900698059054
:10285000D4B334E006AB02AA03A90B9807F0D8FA68
:102860009DF83C0000F0080038B1069A0B98815C96
:1028700007A807F055FD00B121E0DDE9022111981C
:10288000FDF74BFF83460A9A02EB0B001799814232
:1028900008DB06982844A04204D00598284418F87C
:1028A000000010B9059806900DE00A9858440A9067
:1028B0000A990C9808440A900698059000BF06985B
:1028C0002844A042C6D300BF094A06990B98126853
:1028D0009047049029464046054A126890470146B1
:1028E0000498084419B0BDE8F08F00009C6004080B
:1028F000A4600408014600BF19B900BF00BF00BFB3
:10290000FEE700BF0A46D06A7047014600BF19B90A
:1029100000BF00BF00BFFEE700BF0A46906C7047D3
:10292000014600BF19B900BF00BF00BFFEE700BFEE
:102930000A46506C704700002DE9F04FA7B00546DD
:102940002C46E06A10B927B0BDE8F08F4FF0FF3099
:10295000A06394F85C0020F08000803084F85C0074
:1029600000201F9020902190229023A9284602F059
:1029700020F80021284603F0A6FA1E9000212846E0
:1029800003F0B7FA20900021284603F0A7FA1F9021
:102990002046EEF705F88DF8880023A8F4F72BF809
:1029A0002190284600F03AFA1FABE16A1CA81E9A53
:1029B00007F0AEFBDDE91C01C4E91801284604F06C
:1029C0006AFE94F85C0000F00F0002287ED100211E
:1029D000284602F013FF07460021284602F019FF9F
:1029E0008046B8F1000F07D142F210724FF4967191
:1029F0002820F3F7F0FC804604A8F3F723FC2946CF
:102A000004A8F3F7E6FC4FF0FF3104A8F3F7CFFC7E
:102A10004FF4967104A8F3F7CEFC04A81299F3F7CB
:102A2000C8FC0020039023A8F3F7E5FF1C99884217
:102A30005BDA4FF0000B0020029023A8F3F7DBFFD6
:102A40001C99401A0290594604A8029AF3F7BBFC5D
:102A5000ED4904A8F3F7A7FCEB492846F3F7D6FBAA
:102A60008146DA4600200190B9F1000F06D0D9F86E
:102A700034A099F85C00C0F34000019059464046EC
:102A8000029AF3F746FC0646B24500DDB246CDF8A1
:102A900044A0019858B19DF86C1021F00201891CE6
:102AA0008DF86C100D980F990D910F9000BF414655
:102AB00004A8F3F76FFC414604A8F3F77EFC4FB17E
:102AC00094F85C0000F00F02394600E072E004A8C0
:102AD00009F0A9F804A8F3F7A9FCBAF1000F01DA8C
:102AE000C4F854B00120039005E0C7492846F3F725
:102AF0005DFB0020606523A8F3F76AFF1D998842FB
:102B000051DA039800284ED123A8F3F761FF1D99ED
:102B1000A0EB010B1E98FDF715FEABEB000A524629
:102B2000002104A8F3F74FFCB84904A8F3F73BFCD5
:102B3000B6492846F3F76AFB06464FF00009002025
:102B4000029036B1D6F8349096F85C00C0F340009D
:102B500002901098484501DADDF84090CDF8449095
:102B6000029858B19DF86C1021F00201891C8DF873
:102B70006C100D980F990D910F9000BF414604A85D
:102B8000F3F708FC414604A8F3F717FC3FB194F8AB
:102B90005C0000F00F02394604A809F044F804A8CC
:102BA000F3F744FC05E099492846F3F7FFFA0021C2
:102BB000A16524E194F85C0000F00F0003287DD1AA
:102BC0000021284602F01AFE80460021284602F025
:102BD00020FE06463EB942F210724FF4967128204C
:102BE000F3F7F9FB064604A8F3F72CFB294604A8E3
:102BF000F3F7EFFB4FF0FF3104A8F3F7D8FB4FF0EA
:102C0000000923A8F3F7F7FE1C9988423FDA202237
:102C100011461E98FDF781FD00EB40001C994942CA
:102C2000081A02460021039004A8F3F7CCFB76496A
:102C300004A8F3F7B8FB314604A8F3F7ABFB7249DD
:102C40002846F3F7E3FA8246BAF1000F02D0DAF829
:102C5000340000E00020834630460F9A0D99F3F7C8
:102C600058FB0746BB4501DACDF844B0B8F1000F78
:102C700007D094F85C0000F00F02414604A808F069
:102C8000D2FF04A8F3F7D2FB4FF0010905E05E493B
:102C90002846F3F78BFA0020606523A8F3F798FE27
:102CA0001D99884237DAB9F1000F34D11E98FDF72B
:102CB00049FD1D994942A1EB000B00E032E05A4664
:102CC000002104A8F3F77FFB504904A8F3F76BFB3E
:102CD000314604A8F3F75EFB4C492846F3F796FA11
:102CE00007460FB1786B00E000208246B8F1000F74
:102CF00008D094F85C0000F00F02414604A808F0E8
:102D000092FF04E01098504501DDCDF844A004A8DE
:102D1000F3F78CFB05E03D492846F3F747FA00211D
:102D2000A1656CE094F85C0000F00F00012865D10B
:102D300023A8F3F74DFE1D99884260DA1E98FDF72F
:102D400001FD1D9988425ADA3149E06A09688847CD
:102D5000032854D923A8F3F74EFE81462E221146AC
:102D60001E98FDF7DAFC1F99084400EB4000A9EB20
:102D700000001A9023A8F3F72BFE1B901E98FDF776
:102D8000E1FC209908441B9991FBF0F200FB12161C
:102D90001E98FDF7D7FCB04209DC1B98801B1B90E6
:102DA0001E98FDF7CFFC1B9908441B9006E01B986A
:102DB000801B1B9020991B98401A1B9000221AA977
:102DC0002846FFF781FC0746E06A06F0BAFB80461A
:102DD0003946104AE06A12689047199005E019A92F
:102DE0000D4AE06A126890477F1E1998C01C404542
:102DF000F5D82846199900F031F800E000BF2846C0
:102E000003F0B0FC00BF9EE5535E0308655E030857
:102E1000A8600408A06004089C60040830B502465D
:102E20001046416B491CA9B190F85C10C1F3001128
:102E300081B9002107E000F130035B5C456B0D4474
:102E4000C46A6355491C042904DA00F130035B5C51
:102E5000002BF0D14FF0FF31416330BD2DE9F0413F
:102E600007460D463C4600BF606B401C18B100BFD2
:102E700000BF00BFFEE700BF681C18B3656394F88D
:102E80005C00C0F3001018B100BF00BFBDE8F081C6
:102E9000E06A4119042204F1300006F05AFB0026D2
:102EA00004E02E20AA19E16A8854761C032E04DA65
:102EB000A919E06A405C0028F3D10020AA19E16A50
:102EC000885400BF00BFE1E770B506460D4600BF5D
:102ED0001EB900BF00BF00BFFEE700BF3446164961
:102EE0003046F3F763F915493046F3F75FF90022EE
:102EF000114604F1540005F05FFE022D03D0032DAE
:102F000001D0042D07D194F85C0020F0400040303F
:102F100084F85C0005E094F85C0020F0400084F840
:102F20005C0094F85C0065F3030084F85C003046B4
:102F3000FFF702FD70BD0000535E0308655E0308E5
:102F400070B504460D4600BF1CB900BF00BF00BFEE
:102F5000FEE700BF20460DF0B0FA2946204612F0E9
:102F60008AFF70BD00B5F5F7B1FD0246F5F7F4FD37
:102F700000BD70B5044600BF1CB900BF00BF00BF54
:102F8000FEE700BF50252A460021204600F0BEFB88
:102F900000BF204600F001F870BD10B5044600BF28
:102FA0001CB900BF00BF00BFFEE700BFFF2084F8D0
:102FB0004E0000231A4619461846F4F768FDA0642F
:102FC00010BD00B5F5F782FD0246F5F7D3FD00BD53
:102FD00000B5F5F77BFD0246F5F7DAFD00BD000010
:102FE000F8B50546002616223146284602F0B8FDFF
:102FF00000900098C4B2002C10DD0948C06DA042BA
:103000000CD30748006E00EBC40046680448006E0D
:1030100050F8342031462846904700BFF8BD0000E4
:10302000B80B012010B50449C96DC80000F064F95F
:103030000149086610BD0000B80B012010B5044618
:103040000021204600F001F810BD2DE9F0410646B0
:103050000C46304600F018F80546002710E02946D7
:10306000304600F029F807463CB92946304600F0C2
:10307000F9F82846FDF784FB01E02846A0473D46C5
:10308000002DECD1BDE8F081014609B90020704760
:103090004868FCE770B5064600243046FFF7F4FFA9
:1030A000054605E0641C2946304600F005F8054653
:1030B000002DF7D1204670BD02460B461068001D5A
:1030C00003441868704702460B46106803441868AA
:1030D0007047014609B9002070478868FCE7002264
:1030E00042608260CA1C22F003010160704770B523
:1030F0000446216801F1080000F0FEF80546A5B17C
:1031000000222946204608F00DF82946204662682C
:1031100007F0FAFF606820B12A462046616808F08F
:1031200001F86560A06800B9A560284670BD2DE96A
:10313000F04106460D4606B115B90020BDE8F08104
:103140003046FFF7A1FFA84206D13046FFF7CFFF78
:10315000044624BB0020F1E7316801F1080000F0CB
:10316000CBF804460CB90020E8E729463046FFF7C3
:10317000AAFF074622463946304607F0C5FF3A46C1
:103180002146304607F0CEFF22462946304607F05A
:10319000C9FF2A462146304607F0B6FF00BF204649
:1031A000CCE770B50446216801F1080000F0A4F8EE
:1031B0000546A5B100222946204607F0A5FF29466D
:1031C0002046A26807F0AEFFA06820B12A4620463C
:1031D000A16807F099FFA560606800B9656028469E
:1031E00070BD014609B901207047486818B9886860
:1031F00008B90120F8E70020F6E72DE9F04107467D
:103200000D461646B54201D1BDE8F0812EB13146DA
:103210003846FFF758FF044603E03846FFF759FFEA
:103220000446A54200D1EFE72946384600F01AF8D7
:103230002A462146384607F067FF22462946384687
:1032400007F070FF2A463146384607F06BFF3246DA
:103250002946384607F058FF06B9BD6004B97D60BD
:1032600000BFD1E72DE9F04104460D460CB9BDE899
:10327000F0812046FFF708FFA8420FD129462046DB
:10328000FFF71AFF6060606810B90020A0602FE0AF
:1032900000222046616807F045FF29E02046FFF73D
:1032A00018FFA8420FD129462046FFF70CFFA06067
:1032B000A06810B9002060601AE000222046A168D2
:1032C00007F022FF14E029462046FFF7FCFE0646E1
:1032D00029462046FFF7F0FE07463A46314620468B
:1032E00007F012FF32463946204607F01BFF00BFA9
:1032F00000BFBCE77047000070B505460DB9064831
:1033000070BD284600F00AF804461CB900BF00BF93
:103310000020F5E72046F3E7200C012070B50446B5
:103320001149D1F8CC01214607F08EFD0546CDB1FB
:10333000284607F020FD0C49D1F8D01101440A4875
:10334000C0F8D011D0F8D011D0F8D401814203D9FF
:103350000548D0F8D00102E00348D0F8D401024972
:10336000C1F8D401284670BDB80B012070B50446E1
:103370000CB9084870BD2046FFF7D0FF05461DB9BF
:1033800000BF00BF0020F5E72146284600F0A6FA5E
:103390002846EFE7200C0120F0B50446059D8A423F
:1033A00001D11846F0BD8A4203DB944201DB284676
:1033B000F8E78A4203DB8C4201DC1846F2E78A42D6
:1033C00003DC944201DC2846ECE78A4203DC8C42B1
:1033D00001DB1846E6E7571AEE1A601A704390FBB5
:1033E000F7F01844DEE7000010B54FF4C0410E4876
:1033F00007F0E2FC0D49C1F8CC0104210C48FFF7AD
:103400006EFE0B48FFF7CDFE044600BF1CB900BF9F
:1034100000BF00BFFEE700BF0449D1F8CC0107F0B0
:103420000DFD206010BD0000B00D0120B80B012083
:10343000900D01202DE9F0410F46154601463A4610
:10344000102D0BD206E092F8008081F80080491C14
:10345000521C6D1E002DF6D1BDE8F08101F003066F
:1034600002F0030CB4457DD0C2E092F8008081F8F0
:103470000080491C521C92F8008081F80080491C91
:10348000521C92F8008081F80080491C521C92F86E
:10349000008081F80080491C521C92F8008081F85D
:1034A0000080491C521C92F8008081F80080491C61
:1034B000521C92F8008081F80080491C521C92F83E
:1034C000008081F80080491C521C92F8008081F82D
:1034D0000080491C521C92F8008081F80080491C31
:1034E000521C92F8008081F80080491C521C92F80E
:1034F000008081F80080491C521C92F8008081F8FD
:103500000080491C521C92F8008081F80080491C00
:10351000521C92F8008081F80080491C521C92F8DD
:10352000008081F80080491C521C92F8008081F8CC
:103530000080491C521C92F8008081F80080491CD0
:10354000521C92F8008081F80080491C521C92F8AD
:10355000008081F80080491C521C92F8008081F89C
:10356000008000E052E0491C521C92F8008081F873
:103570000080491C521C92F8008081F80080491C90
:10358000521C92F8008081F80080491C521C92F86D
:10359000008081F80080491C521C92F8008081F85C
:1035A0000080491C521C92F8008081F80080491C60
:1035B000521C92F8008081F80080491C521C92F83D
:1035C000008081F80080491C521C92F8008081F82C
:1035D0000080491C521C92F8008081F80080491C30
:1035E000521C92F8008081F80080491C521C203D3A
:1035F000202D3FF63AAF06E092F8008081F8008077
:10360000491C521C6D1E002DF6D125E76EB1C6F186
:10361000040607E092F8008081F80080491C521CE3
:10362000761E6D1E0EB1002DF4D10B46144630E00F
:10363000D4F80080C3F800801B1D241DD4F800803E
:10364000C3F800801B1D241DD4F80080C3F800803F
:103650001B1D241DD4F80080C3F800801B1D241DF1
:10366000D4F80080C3F800801B1D241DD4F800800E
:10367000C3F800801B1D241DD4F80080C3F800800F
:103680001B1D241DD4F80080C3F800801B1D241DC1
:10369000203D202DCCD81946224606E092F8008025
:1036A00081F80080491C521C6D1E002DF6D100BF10
:1036B000D2E670B504460D461646AC4202D3A819B0
:1036C000A04205D2324629462046FFF7B3FE70BD20
:1036D000AC420DD9A219501EAA19511E03E011F8CF
:1036E000012900F80129321EA6F10106F7D10BE0ED
:1036F0002046294603E011F8012B00F8012B321E69
:10370000A6F10106F7D100BF2046E0E7F0B5064676
:103710000B46344604F003054DB1C5F1040503E042
:103720002370641C521E6D1E0DB1002AF8D103EBEC
:10373000032707EB034707EB0361204610E0016016
:10374000001D0160001D0160001D0160001D016081
:10375000001D0160001D0160001D0160001D203A78
:10376000202AECD8044602E02370641C521E002A72
:10377000FAD1F0BD70B505460C4622460021284618
:10378000FFF7C4FF70BD70B505460C462246002108
:103790002846FFF7BBFF70BD70B505460C462246B4
:1037A00000212846FFF7B2FF70BD70B505460C46F4
:1037B000224600212846FFF7A9FF70BD70B50546D7
:1037C0000C46224600212846FFF7A0FF70BD70B5C9
:1037D00005460C46224600212846FFF797FF70BD9C
:1037E00070B505460C46224600212846FFF78EFF9D
:1037F00070BD70B505460C46224600212846FFF7ED
:1038000085FF70BD70B505460C462246002128464E
:10381000FFF77CFF70BD70B505460C4622460021BF
:103820002846FFF773FF70BD70B505460C4622466B
:1038300000212846FFF76AFF70BD70B505460C46AB
:10384000224600212846FFF761FF70BD70B505468E
:103850000C46224600212846FFF758FF70BD70B580
:1038600005460C46224600212846FFF74FFF70BD53
:1038700070B505460C46224600212846FFF746FF54
:1038800070BD70B505460C46224600212846FFF75C
:103890003DFF70BD70B505460C4622460021284606
:1038A000FFF734FF70BD70B505460C462246002177
:1038B0002846FFF72BFF70BD70B505460C46224623
:1038C00000212846FFF722FF70BD70B505460C4663
:1038D000224600212846FFF719FF70BD70B5054646
:1038E0000C46224600212846FFF710FF70BD2DE947
:1038F000F04104460D4616461F4600BF1CB900BFE6
:1039000000BF00BFFEE700BF204600F01BF9A16822
:1039100001F108003B4632462946FCF752FABDE861
:10392000F0812DE9F04188B005460C4600BF1DB975
:1039300000BF00BF00BFFEE700BF2146284602F0DF
:1039400003FC10B108B0BDE8F081284602F090FFFA
:10395000064604F0010010B1284602F003FF686A31
:103960002043686204F00100C0B10221284602F041
:103970000AFC98B1284601F0C7F807466FB13846EF
:10398000FDF73CFA3846FDF7DBFA8046B8F1000F48
:1039900002D0404602F0E6FE00BF00BF284602F01B
:1039A00067FFB04202D104F0C07040B1284601F078
:1039B00020F9074602F07EFF284602F07BFF04F064
:1039C000100068B16A4604A9284601F0B2FA04A9B9
:1039D000284602F0EAFE6946284602F0E6FE00BFED
:1039E00000BFAFE770B504460E4600BF1CB900BF6C
:1039F00000BF00BFFEE700BF208D40EA0605208D16
:103A0000A8420DD02946204618F069F94FF48001EC
:103A1000204602F099FB18B13146204600F006FA24
:103A200070BD2DE9F04704460F46904600BF608DFB
:103A3000C0F305103F2803DB00BF00BF00BFFEE757
:103A400000BF0023FF224146204616F059FB4046A6
:103A500004F036FD814657B1B9F1000F07D120219E
:103A6000384614F0EBFF10B1204602F07BFE4246D0
:103A70003946204603F061FF002511E0E06800EBC5
:103A8000C5004068C0F3406000B108E0E06800EBAA
:103A9000C5004068C0F3006000B100E005E06D1CA7
:103AA000608DC0F30510A842E8D800BF608D000902
:103AB000401C618D60F30911618500BF608DC0F30A
:103AC000051018B900BF00BF00BFFEE700BF628D40
:103AD000C2F30512D100E06805F006FAE06000BF0D
:103AE000E06818B900BF00BF00BFFEE700BF608DEF
:103AF000C0F30510461E09E0E06800EBC60102466F
:103B0000701E02EBC00205CA05C1761EAE42F3D894
:103B1000E16801EBC5000821FFF72CFEE06840F8E2
:103B20003570E06800EBC500406868F31700E16895
:103B300001EBC5014860FF224146204603F0C4FD69
:103B4000BDE8F08710B5044600BF1CB900BF00BF38
:103B500000BFFEE700BFA068E8B93420FFF706FC0D
:103B6000A06000BFA06818B900BF00BF00BFFEE79B
:103B700000BFA06800B910BDA068408E20F470702E
:103B800000F57070A1684886A068408E20F00300A0
:103B9000C01CA168488600BFEDE72DE9F04788B05A
:103BA00006460F460121304602F0CEFA18B1002039
:103BB00008B0BDE8F087304601F028F804462046FA
:103BC00000F064FF81464846F5F722F8A04215D080
:103BD0004846F5F72BF8A04210D04846F4F7BCFF52
:103BE000A0420BD04846F4F7D3FFA04206D0484687
:103BF000F4F7C0FFA04201D00020D9E7304600F022
:103C00007BFF804606F1140104A8F2F7F5FD424659
:103C1000414604A8F2F7F5FE04AA39463846F2F701
:103C2000FDFE08B90020C3E73046F0F7B8FD20B12B
:103C300001223946304602F0D8F9304600F0D9FF6B
:103C4000054631E00121284602F07EFA08B1002045
:103C5000AEE705F114000FC88DE80F004FF4801196
:103C6000284602F071FA48B1284600F045FF824626
:103C7000524651466846F2F7C4FE00BF2846F0F7A8
:103C80008EFD20B101226946284602F0AEF96A464F
:103C900039463846F2F7C2FE08B9002088E72846C0
:103CA00000F0A7FF054600BF002DCBD101207FE724
:103CB0002DE9FE4F05460E464FF0000831462846D6
:103CC00001F0F2FF0446002C43D03146284601F0B3
:103CD000D4FF0090009802283ADD204604EBD07112
:103CE00049104C1C3146284601F0D3FF04443146AC
:103CF000284601F0ACFF81463146284601F0B2FF6C
:103D00008246B9F1000F01DD484601E0C9F100002B
:103D1000BAF1000F01DD514601E0CAF1000188420D
:103D200007DDB9F1000F01DD484609E0C9F10000E7
:103D300006E0BAF1000F01DD504601E0CAF10000D3
:103D40000444A04501DD404600E02046804600BF17
:103D500000BF3146284601F0A0FE0746BFB13146FC
:103D6000284601F083FE8246BAF1020F0EDD31468D
:103D7000284601F087FE814609EB0700404501DA3D
:103D8000404601E009EB0700804600BF00BF00BFCE
:103D90006A223146284601F0E3FE0090DDF800B0CB
:103DA00000BF00BF6B223146284601F0D9FE0090CB
:103DB000009802900298834501DD584600E0029881
:103DC00001900198002801DD019880444046BDE83B
:103DD000FE8FFEB504460D46164600BF5E222946FC
:103DE000204601F0BDFE00900098C0B2029000BFD6
:103DF00027222946204601F0B3FE00900098C0B269
:103E0000019000BF9DF8080008B90120029000BF92
:103E10009DF80800FEBD02460AB9002070471068F0
:103E2000884201D10120F9E70020F7E72DE9F041B0
:103E300006460F46304600F09CFD804600240AE00E
:103E40002146304600F072FD05461DB13946284630
:103E5000FFF7C8FD641C4445F2D3BDE8F0812DE9AD
:103E6000F04106460F46304600F083FD80460024B0
:103E70000AE02146304600F059FD05461DB139469D
:103E8000284603F03BFD641C4445F2D3BDE8F081B5
:103E90002DE9F04780460C464046ECF70AFD814686
:103EA0004846FFF763FA054615B90020BDE8F087DC
:103EB000C5F800806C60002C41D1F4F707FE06467F
:103EC00036B900BF00BF2846FCF75AFC0020EDE7DA
:103ED000D6F8BC0210B90020C6F8D802D6F8D8220D
:103EE000521C9100D6F8BC0204F0FEFF074600BF4A
:103EF0001FB900BF00BF00BFFEE700BF27B92846BB
:103F0000FCF73EFC0020D1E706F52F76F069401C57
:103F1000F06137603168F069A6F52F76401E41F8F0
:103F20002050002068610021A961F4F7FEFD401EC9
:103F3000E8610020F4F791FE401E28621FE000BFF8
:103F40001CB900BF00BF00BFFEE700BFA06810B9EA
:103F50002046FFF7F7FDA068008E401CA168088688
:103F6000A268128E9100A268106804F0BDFFA168DB
:103F70000860A0680168008E401E41F82050284665
:103F800094E770B5044604B970BD204602F092FC77
:103F9000002000F077FA204606F030FC2146206829
:103FA00000F02CF8012000F06DFAFF224FF4702190
:103FB000204603F089FB204603F06DFBFCF7B2FFBF
:103FC00005463DB1204602F03CFC18B1214628468A
:103FD000FCF7E8FE204600F00CFE064666B12246DD
:103FE0002A21304603F056FF22462B21304603F0AB
:103FF00051FF204602F0B6FB00BFC5E770B505468D
:104000000C462068006848B1266820680068206077
:1040100021462846FFF7F2FF266000BF206840686F
:1040200020B12068214642682846904770BD2DE99E
:10403000F84381460C4665683DB3284600F064FEAF
:104040000746284600F05AFF8046002610223146D7
:10405000284601F085FD00900098A9690844A0EB6E
:104060000801A161A069401E206200BF12223146F2
:10407000284601F075FD0090009869690844C01B4E
:1040800060616069401EE06100BF02206062606A9A
:1040900040F4805060621DB1606A40F4005060627C
:1040A0001DB1606A40F440706062606A40F00400D4
:1040B0006062606A40F010006062606A40F0200058
:1040C0006062606A40F040006062606A40F40060D4
:1040D00060621DB1606A40F400406062BDE8F88330
:1040E00070B5054600BF00BF29460948FFF7D0FE5E
:1040F000044600BF1CB900BF00BF00BFFEE700BF01
:104100000CB9002070BD2046FFF73BFF2046F9E7C1
:10411000B8E503082DE9F0410546688DC0F300308D
:1041200008B1BDE8F08100BF00BF00BF1DB900BFEE
:1041300000BF00BFFEE700BF284602F013FB284681
:1041400000F057FD04460026002754B9284600F029
:104150009DFC064606B9E4E7D6F8C802A84200D19D
:104160000127284607F01AF884B1608DC0F30030AB
:1041700060B9204603F06AFE00222A21204603F09F
:1041800089FE00222C21204603F084FE27B100BFC7
:1041900000BF0020C6F8C80200BF00BF00BFC0E7D4
:1041A00010B5044600BF1CB900BF00BF00BFFEE74A
:1041B00000BF2046FFF7AEFF10BD10B504462068D3
:1041C000806818B12068214682689047206800689E
:1041D00028B12068006820602046FFF7EEFF10BD80
:1041E00070B506460C462046FBF7B8FE002000F0EE
:1041F00049F9204603F052FC012000F043F9002168
:104200002046F1F7D3FF204600F07EFC054615B1AD
:104210002046FCF7D3FEA06898B1A068006830B1D2
:10422000A1680868FCF7ACFA0020A1680860A168E2
:1042300001F10800FBF70BFFA068FCF7A1FA0020D2
:10424000A06070BD2DE9F04FA9B080464046FBF755
:10425000DEFD07464046FBF7ECFD04461A2F79D1F8
:104260004046FBF76BFE05462878022802D129B0AC
:10427000BDE8F08FA2464FF0000B2D225946504664
:1042800001F06EFC2290229808B1012000E000208D
:1042900010B102202870EAE70021204601F082FCDC
:1042A00081460021204601F069FE28900021204629
:1042B00001F02AFE279004F1140123A8F2F7A5FAD1
:1042C00023A8DDE92721F2F79CFB4A4623A9686869
:1042D000F2F7D1FB10B901202870C8E70021204671
:1042E00001F0BAFAFD2802DA01202870BFE74FF08A
:1042F000000A62225146204601F032FC22902298A8
:10430000C0B2FD2802DA01202870B0E74FF0000AA1
:1043100020225146204601F023FC22902298C0B270
:10432000C8B100BF25225146204601F019FC229059
:104330002298C0B2FD280ADB00BF24225146204645
:1043400001F00EFC22902298C0B2FD2803DA012071
:1043500028708CE71DE04FF0000A262251462046C7
:1043600001F0FEFB2290229E00BF7EB1002009E0FA
:1043700000EB80013144C978FD2902DA012129705E
:1043800075E7401CB17A8142F2D800BF0020287046
:1043900075E01D2F32D14046FBF7B4FD054604A859
:1043A000F7F7A8F9089504AA0021204601F097FF25
:1043B0000021204601F05CFA30B19DF8840020F025
:1043C000200020308DF884000021204601F0D6FD29
:1043D00006460021204601F097FD814604F11401B4
:1043E0006846F2F712FA4A4631466846F2F709FB88
:1043F0006A4604A92846F6F72AFF40E0202F3ED15E
:104400004046FBF77FFD054629462046EAF7E1FBDB
:104410000021204601F069FA80B30021204601F016
:1044200027FA58B304A8F7F765F900208DF83E0085
:104430008DF83B008DF840008DF84100089504AAE6
:104440000021204601F04BFF0021204601F096FD9F
:1044500006460021204601F057FD814604F1140173
:104460006846F2F7D2F94A4631466846F2F7C9FA89
:104470006A4604A92846F6F7EAFE00BF00BF00BF5F
:10448000F5E60000014981F828007047B80B0120CB
:104490002DE9F04F89B088464046FBF7B8FC04464A
:1044A0004046FBF7C6FC0546012C04D120212846D6
:1044B000FFF798FA13E20B2C2CD12021284603F0A9
:1044C0001DFA4046FBF73AFD07463846FDF746FB26
:1044D000F8B90821284601F037FED0B1284601F08E
:1044E0006BF900F0010020B901212846FFF77AFAA4
:1044F00003E00121284603F001FA00222321284687
:1045000003F0C8FC0646012E02D009B0BDE8F08FCA
:1045100000BFE4E1032C04D12021284603F0EEF98A
:10452000DDE1322C10D1284600F023FA07460026A0
:1045300007E0A868006850F82690484602F0BAF9EB
:10454000761CBE42F5D3CAE1112C7DD10821284644
:1045500001F0FAFD08B34046FBF7C2FC0646132EF5
:1045600001D0112E04D101212846FFF73BFA07E0C4
:10457000142E01D0122E03D10121284603F0BEF9DA
:104580000A2E09D000222321284603F083FC074687
:10459000012F00D0B9E700BFA1E14FF40161284627
:1045A00001F0D2FD002885D0284602F033F900281A
:1045B000AFD10890284600F0A7FB0746284600F038
:1045C00019FC81464046FBF78BFC0646122E13D1A0
:1045D000284600F0A5FC8346284600F0A4FA82464F
:1045E000C0170AEB90700BEBA0000790014628461D
:1045F000089A03F011FC80E0112E13D1284600F038
:104600008FFC8346284600F08EFA8246C0170AEBDC
:104610009070ABEBA000079001462846089A03F083
:10462000FBFB6AE0132E34D1284600F063FB00F058
:10463000030020B1002F18DCB9F1000F15DC28466B
:1046400000F06EFC834600E058E0284600F06BFA6C
:104650008246C0170AEB90700BEBA0000790014652
:104660002846089A03F0D8FB47E0284600F04FFCA4
:104670008346284601F05AFD8246C0170AEB907027
:104680000BEBA000079001462846089A03F0AAFB0E
:1046900033E0142E31D1284600F02CFB00F003004B
:1046A00020B1002F16DCB9F1000F13DC284600F012
:1046B00037FC8346284600F036FA8246C0170AEBDC
:1046C0009070ABEBA000079001462846089A03F0D3
:1046D000A3FB12E0284600F01AFC8346284601F0AE
:1046E00025FD8246C0170AEB9070ABEBA000079047
:1046F00001462846089A03F075FBF0E0132C3AD1E6
:104700004FF48061284601F01FFD18B101212846B1
:1047100003F048FB4FF0000A284600F0F5F9834605
:10472000FCF706FC82460226FCF7DCFF8146B9F165
:10473000000F03D14046FBF793FB81464846FDF747
:1047400022FA0746022F01D0042F01D146F00406B9
:10475000BAF1000F06D046F0080631462846FFF7AA
:1047600041F907E031462846FFF73CF90821284681
:1047700003F0C4F8B3E00C2C04D140212846FFF725
:1047800031F9ACE00E2C16D14021284603F0B6F8E2
:10479000284600F0E6FF0228AFD101AA05A9284665
:1047A00000F0C7FB05A9284601F0FFFF01A9284634
:1047B00001F0FBFF93E0142C04D10E21284603F0F6
:1047C0009DF88CE0312C23D10021284601F00AF815
:1047D00081460021284601F0A9F88246BAF1000F6F
:1047E00002D1B9F1000F02D0284602F063F8284642
:1047F00000F0BFF80746002607E0A868006850F8F8
:1048000026B0584602F056F8761CBE42F5D366E054
:104810002A2C2BD1002601223146284601F0A0F98E
:1048200008900898074600BF02223146284601F04A
:1048300097F90890089881460021284600F0D2FF99
:1048400082460021284601F071F88346BBF1000F33
:1048500008D1BAF1000F05D16FF04040874201D076
:10486000814502D1284602F025F838E02C2C08D1E9
:10487000688D20F00200801C6885284602F01AF836
:104880002DE01B2C09D100212846FFF711FA06461E
:1048900031464046FBF771FC21E01D2C03D0202C53
:1048A00001D01A2C03D14046FFF7CCFC17E0172C9F
:1048B00008D12021284603F021F84021284603F0A2
:1048C0001DF80CE0182C04D110212846FFF78AF8B7
:1048D00005E0192C03D11021284603F00FF800BF82
:1048E00013E62DE9F04106460D4616B9286804681E
:1048F00000E0346800E0246814B1E0680028FAD0D1
:1049000014B90120BDE8F081E06808B90120F9E799
:104910000020E86029462046E26890470127287E6B
:1049200000F0010000B100273846EBE7024600BF67
:104930001AB900BF00BF00BFFEE700BF906808B90A
:1049400000207047002908DA9068008E0144002991
:1049500001DA0020F5E70B4600E00B469068008E78
:10496000984201D80020ECE79068006850F82100D8
:10497000E7E7014600BF19B900BF00BF00BFFEE76F
:1049800000BF886808B9002070478868008EFBE780
:1049900070B504460D4604F114012846F1F72CFFCA
:1049A000A06828B1A068826A11462846F2F729F863
:1049B00070BD70B505460C4600BF1DB900BF00BFF5
:1049C00000BFFEE700BF2146284600F04FF8002157
:1049D000284601F0AEF921680844206000212846ED
:1049E00001F0E1F9A168081AA0600021284601F051
:1049F00014FA6168084460600021284601F05FF9FC
:104A0000E168081AE06070BD70B5044600BF1CB9CB
:104A100000BF00BF00BFFEE700BF0021204601F03D
:104A2000FCF906460021204601F049F905462046DA
:104A300000F079F8801B401B70BD70B5044600BFC4
:104A40001CB900BF00BF00BFFEE700BF0021204629
:104A500001F06FF906460021204601F0A4F9054651
:104A6000204601F063FB801B401B70BD70B50446FF
:104A70000D4600BF1CB900BF00BF00BFFEE700BF6E
:104A800004F114012846F1F7B7FE70BD2DE9F0419D
:104A9000054600BF1DB900BF00BF00BFFEE700BF55
:104AA000686808B92E4603E0284600F0AFF80646CD
:104AB000104F3846FEF7E8FA044614E0002109E0FA
:104AC000D4F8BC0250F82100B04202D12046BDE823
:104AD000F081491CD4F8D8028842F1D821463846E2
:104AE000FEF7EAFA0446002CE8D100BF00BF002020
:104AF000EDE70000C00B01200146886810B188680E
:104B0000C06A70470020FCE7014600BF19B900BF2A
:104B100000BF00BFFEE700BF886810B1886840682A
:104B200070470020FCE710B5044600BF1CB900BF69
:104B300000BF00BFFEE700BF04F11400F1F748FF1B
:104B400010BD10B5044600BF1CB900BF00BF00BFB8
:104B5000FEE700BF204600F04CF8024612B94FF0C5
:104B6000FF3010BD002300BF08E09068006850F8D7
:104B70002300A04201D11846F3E75B1C9068008E29
:104B80009842F2DC00BF00BF00BF00BFFEE7014655
:104B9000886820B18868408EC0F38120704700206B
:104BA000FCE72DE9F04104460F4690461E460025DD
:104BB00018E0E06800EBC5004068C0F3006080B119
:104BC000E06800EBC500406820F07F40B04208D1AB
:104BD000E16851F835004246394604F0F1FCBDE881
:104BE000F0816D1C608DC0F30510A842E1D8002053
:104BF000F5E7014609B90020704700BF19B900BFA9
:104C000000BF00BFFEE700BF4868F5E710B50246E9
:104C100000BF1AB900BF00BF00BFFEE700BF1346C8
:104C200000BF1C462046FFF7E4FF0346002BF8D1E7
:104C3000204610BD2DE9FE4F054600BF1DB900BF3F
:104C400000BF00BFFEE700BF284C2846FFF791FEDB
:104C5000814600261FE0A868006850F82680244995
:104C6000404601F081FA00B114E04FF0000B192228
:104C70005946404600F074FF00900098D8F8201084
:104C8000084401900198844201DD204600E001982B
:104C9000044600BF761C4E45DDD30021284601F0B6
:104CA000DBF802900021284601F028F807460F485B
:104CB000844202D0286AC01B241A284600F05CFDFA
:104CC00082462846FFF72FFF0299401AC01BAAEB25
:104CD000000A284600F024F9AAEB000A544502DD38
:104CE0002046BDE8FE8F5046FBE70000010000E0D3
:104CF000010004000146886820B18868408EC0F336
:104D0000831070470F20FCE72DE9FF5F044600BFCA
:104D10001CB900BF00BF00BFFEE700BF0021204656
:104D200000F08EFD012809D0A06818B9002004B059
:104D3000BDE8F09FA068006A4042F8E700212046E5
:104D400001F050F803900021204601F011F8804650
:104D50004FF000096FF060452046FFF70AFE8246DB
:104D600000261EE0A068006850F826701F493846EB
:104D700001F0FAF900B113E0002001901A22384640
:104D8000019900F0EDFE009000987969081A0290F0
:104D90000298854201DA284600E00298054600BFE5
:104DA000761C5645DED36FF06040854205D0A9469B
:104DB00060694044A0EB090901E0DFF83490204627
:104DC00000F0EAFC8346204601F0B0F90399401A4E
:104DD000A0EB0800ABEB000B204600F098F88344F2
:104DE000D94501DD4846A2E75846A0E70100040086
:104DF000010000E02DE9FE4F044600BF1CB900BFD2
:104E000000BF00BFFEE700BF0021204600F018FDF4
:104E1000012807D1A06810B90020BDE8FE8FA06866
:104E2000006AFAE7284D2046FFF7A3FD80460026DA
:104E30001EE0A068006850F826702449384601F04A
:104E400093F900B113E0002001901B22384601992C
:104E500000F086FE00900098F969084402900298DC
:104E6000854201DD284600E00298054600BF761C19
:104E70004645DED30021204600F0B4FF81460021E4
:104E8000204600F075FF82460F48854203D0E06956
:104E9000A0EB09002D1A204600F07EFC8346204638
:104EA00001F044F9A0EB0900A0EB0A00ABEB000B0A
:104EB000204600F02CF8ABEB000B5D4501DD2846E9
:104EC000ABE75846A9E70000010000E0010004003C
:104ED0000146886828B1886890F83200C0F38100E4
:104EE00070470020FCE70146886828B1886890F880
:104EF0003200C0F3011070470020FCE701468868CB
:104F000008B9002070478868406A4042FAE70146C5
:104F1000886808B9002070478868006A4042FAE74C
:104F20000146886808B9002070478868406A404296
:104F3000FAE72DE9F04F95B005460C4616464FF0BE
:104F4000FF3003460022114600902046F1F715FF7E
:104F50004FF0FF3003460022114600903046F1F733
:104F60000CFF1021284601F0EFF810B915B0BDE88C
:104F7000F08F284600F0F5FB8046B8F1000F00D115
:104F8000F4E70020FCF7B6FD1490B8F1020F11D140
:104F900009E01498FCF7E2FDA84200D106E014985D
:104FA000FCF7A8FD149014980028F2D100BF1498C3
:104FB00000B9DBE72846FFF7A1FF13902846FFF76B
:104FC00039FE12902846FFF79FFE11902846FFF702
:104FD00011FF10902846FFF78DFE0F9000200E90D5
:104FE0000F9800F00C00A8B1B8F1010F10D0B8F183
:104FF000030F05D1139800280ADC1298002807DC5B
:10500000B8F1020F06D11498FCF797FD0C2801D1D6
:1050100001200E9000200D900F9800F00300A8B121
:10502000B8F1010F10D0B8F1030F05D11198002885
:105030000ADC1098002807DCB8F1020F06D114989A
:10504000FCF77BFD032801D101200D900D9810B9CC
:105050000E9800B98AE74FF48031284600F0F0FB43
:10506000012800D100E000200C904FF48031284648
:1050700000F060FD0B904FF48031284600F018FDE1
:105080000A904FF48031284600F028FD07464FF47F
:105090008031284600F038FD81464FF48030029080
:1050A00001222846029900F05BFD019001980990C9
:1050B0004FF48030029003222846029900F050FD00
:1050C0000190019808902846FFF72DFD079028468B
:1050D00001F02CF883460E9808B1099800E00020F2
:1050E00082460D9808B1099800E0002006904FF420
:1050F000803002901D222846029900F031FD019077
:105100000198C0B202280DDC4FF4803002903222A8
:105110002846029900F024FD01900198C0B20228AF
:1051200000DC23E71399079801441298084404907F
:105130000E98002871D004980028FBD0A8697060F0
:10514000286AF0600C9840B1686938443060316872
:1051500009980844401EB06008E0E869A0EB090027
:10516000B060B1680998081A401C30600B99079824
:10517000411A0A98091A0698081A07994843049987
:1051800090FBF1F002900020F3F7A6FC00EB80000A
:10519000502101EB4000A02190FBF1F001280BDD34
:1051A0000020F3F799FC00EB8000502101EB400058
:1051B000A02190FBF1F000E001200899002901DD19
:1051C000089900E00299884206DA0898002801DD73
:1051D00008981BE0029819E00020F3F77DFC00EB33
:1051E0008000502101EB4000A02190FBF1F001284C
:1051F0000BDD0020F3F770FC00EB8000502101EB89
:105200004000A02190FBF1F000E0012002900799FE
:105210000298884202DA029801E0C6E007980290FC
:105220000B990798411A0A98091A0698091A0298C0
:10523000081A059007990498401A019001980028CF
:105240000BDCA9690B9808447060296A0A98091A4E
:105250000698081A401EF060A6E012990598484387
:10526000019990FBF1F0009000990598401A009088
:10527000A969009801440B9808447060716802980D
:105280000844401EF0607168AA690B98104481427E
:105290003FDAA9690B98084470600020F3F71CFC02
:1052A00000EB8000502101EB4000A02190FBF1F0C9
:1052B00001280BDD0020F3F70FFC00EB80005021EC
:1052C00001EB4000A02190FBF1F000E001207168AB
:1052D0000844F16888421CDD0020F3F7FDFB00EB79
:1052E0008000502101EB4000A02190FBF1F001284B
:1052F0000BDD0020F3F7F0FB00EB8000502101EB09
:105300004000A02190FBF1F000E00120716808440A
:10531000F060F1682A6A0698121A0A98101A8142F7
:1053200041DD296A0698091A0A98081AF0600020D7
:10533000F3F7D2FB00EB8000502101EB4000A021ED
:1053400090FBF1F001280BDD0020F3F7C5FB00EB2B
:105350008000502101EB4000A02190FBF1F000E023
:105360000120F168081A716888421CDA0020F3F7FE
:10537000B3FB00EB8000502101EB4000A02190FB2B
:10538000F1F001280BDD0020F3F7A6FB00EB800015
:10539000502101EB4000A02190FBF1F000E0012042
:1053A000F168081A706000BF00BF11980BEB000194
:1053B0001098084403900D9800287ED00398002888
:1053C000FBD0296A0A98081AE060E1680998081A6F
:1053D000401C606068692060E869A060ABEB070072
:1053E000A0EB0900A0EB0A0000FB0BF0039990FB77
:1053F000F1F002900020F3F76FFB00EB80005021EA
:1054000001EB4000A02190FBF1F001280BDD002012
:10541000F3F762FB00EB8000502101EB4000A0217C
:1054200090FBF1F000E001200899002901DD0899C6
:1054300000E00299884206DA0898002801DD089801
:105440001BE0029819E00020F3F746FB00EB800018
:10545000502101EB4000A02190FBF1F001280BDD71
:105460000020F3F739FB00EB8000502101EB4000F6
:10547000A02190FBF1F000E0012002900298584535
:1054800001DA029800E058460290ABEB0700A0EB6F
:105490000900A0EB0A010298081A05900398A0EBF6
:1054A0000B0001900198002818DC0C9858B168692D
:1054B00038445044401E206000E050E1E869A0EB11
:1054C0000900A0604AE1686938442060E869A0EBFF
:1054D0000900A0EB0A00401EA0603FE1109905986A
:1054E0004843019990FBF1F0009000990598401A0B
:1054F00000900C98E8B36969009808443844504417
:105500002060216802980844401EA06020686969F4
:1055100039445144884241DA686938445044206033
:105520000020F3F7D9FA00EB8000502101EB400096
:10553000A02190FBF1F001280BDD0020F3F7CCFA5D
:1055400000EB8000502101EB4000A02190FBF1F026
:1055500000E0012021680844A16888421EDD002087
:10556000F3F7BAFA00EB8000502101EB4000A021D4
:1055700000E05AE090FBF1F001280BDD0020F3F78A
:10558000ABFA00EB8000502101EB4000A02190FB22
:10559000F1F000E0012021680844A060A168E869FA
:1055A000A0EB090081423FDDE869A0EB0900A060A3
:1055B0000020F3F791FA00EB8000502101EB40004E
:1055C000A02190FBF1F001280BDD0020F3F784FA15
:1055D00000EB8000502101EB4000A02190FBF1F096
:1055E00000E00120A168081A216888421CDA002026
:1055F000F3F772FA00EB8000502101EB4000A0218C
:1056000090FBF1F001280BDD0020F3F765FA00EBC9
:105610008000502101EB4000A02190FBF1F000E060
:105620000120A168081A206097E069690098084481
:1056300038442060216802980844401EA060206819
:105640006969394488423EDA68693844206000203C
:10565000F3F742FA00EB8000502101EB4000A0215B
:1056600090FBF1F001280BDD0020F3F735FA00EB99
:105670008000502101EB4000A02190FBF1F000E000
:10568000012021680844A16888421CDD0020F3F74E
:1056900023FA00EB8000502101EB4000A02190FB99
:1056A000F1F001280BDD0020F3F716FA00EB800083
:1056B000502101EB4000A02190FBF1F000E001201F
:1056C00021680844A060A168E869A0EB0A00A0EB8B
:1056D0000900814241DDE869A0EB0A00A0EB090066
:1056E000A0600020F3F7F8F900EB8000502101EBF7
:1056F0004000A02190FBF1F001280BDD0020F3F722
:10570000EBF900EB8000502101EB4000A02190FB61
:10571000F1F000E00120A168081A216888421CDA33
:105720000020F3F7D9F900EB8000502101EB400095
:10573000A02190FBF1F001280BDD0020F3F7CCF95C
:1057400000EB8000502101EB4000A02190FBF1F024
:1057500000E00120A168081A206000BF00BF00BF60
:1057600004E40146886828B1886890F8320000F0A7
:10577000030070470320FCE71CB50446054903C934
:10578000CDE900016A463421204602F083FB0198EE
:105790001CBD0000B0E503081CB50446054903C95B
:1057A000CDE900016A463421204602F073FB0098DF
:1057B0001CBD0000A8E50308014600BF19B900BFE1
:1057C00000BF00BFFEE700BF088D704738B5044634
:1057D0000D460A222946204600F0C2F900900098A2
:1057E000C0B238BD38B504460D460A2229462046C7
:1057F00000F0B6F900900098C0B238BD38B5044644
:105800000D4666222946204600F0AAF9009000982D
:1058100038BD38B504460D4667222946204600F0BB
:105820009FF90090009838BD38B504460D462722F0
:105830002946204600F094F900900098C0B238BD87
:1058400038B504460D4627222946204600F088F93F
:1058500000900098C0B238BD38B504460D461D22F0
:105860002946204600F07CF900900098C0B238BD6F
:1058700038B504460D4635222946204600F070F919
:105880000090009808B1012038BD0020FCE738B531
:1058900004460D4634222946204600F061F9009066
:1058A0000098C0B238BD38B504460D4634222946AA
:1058B000204600F055F900900098C0B238BD38B5C8
:1058C00004460D4630222946204600F049F9009052
:1058D000009838BD38B504460D463022294620468A
:1058E00000F03EF90090009838BD38B504460D46EA
:1058F00030222946204600F033F90090009838BD48
:1059000038B504460D4602222946204600F028F903
:105910000090009838BD38B504460D4689222946C6
:10592000204600F01DF90090009838BD38B50446B7
:105930000D4616222946204600F012F900900098E4
:1059400080B238BD38B504460D4619222946204696
:1059500000F006F90090009838BD38B504460D46B1
:105960001A222946204600F0FBF80090009838BD26
:1059700038B504460D461B222946204600F0F0F8B3
:105980000090009838BD38B504460D4618222946C7
:10599000204600F0E5F80090009838BD38B5044680
:1059A0000D4607222946204600F0DAF800900098BC
:1059B00038BD38B504460D4605222946204600F07C
:1059C000CFF80090009838BD38B504460D466222E5
:1059D0002946204600F0C4F800900098C0B238BDB7
:1059E00038B504460D4662222946204600F0B8F834
:1059F00000900098C0B238BD2DE9F04106460F4630
:105A000039463046FFF7E0FF0446022C02DC002056
:105A1000BDE8F081FF25FD2C02DA05FB04F005123C
:105A20000FB1002703E03046FFF7E3F8064611E028
:105A300039463046FFF7C8FF0446022C01DC00203F
:105A4000E6E7FD2C02DA05FB04F005123046FFF70D
:105A5000D0F80646002EEBD1022D01DC0020D7E75E
:105A6000FD2D01DBFF20D3E72846D1E738B50446FA
:105A70000D463A222946204600F072F80090009820
:105A8000C0B238BD38B504460D463B2229462046F3
:105A900000F066F80090009838BD38B504460D4611
:105AA00038222946204600F05BF80090009838BD67
:105AB00038B504460D4611222946204600F050F81C
:105AC0000090009838BD38B504460D46112229468D
:105AD000204600F045F80090009838BD38B50446DF
:105AE0000D4612222946204600F03AF80090009810
:105AF00038BD38B504460D4612222946204600F02E
:105B00002FF80090009838BD38B504460D46132292
:105B10002946204600F024F80090009838BD38B59A
:105B200004460D4613222946204600F019F800903D
:105B3000009838BD38B504460D4610222946204647
:105B400000F00EF80090009838BD38B504460D46B8
:105B500010222946204600F003F80090009838BD36
:105B60002DE9FC4104460E46174600BF1CB900BF94
:105B700000BF00BFFEE700BF208D40EA06080020FE
:105B8000019001AB3A4641462046EBF743F9054602
:105B9000012D02D10198BDE8FC81384603F0D0FD0B
:105BA0000090F8E738B504460D460C2229462046F9
:105BB000FFF7D6FF0090009838BD38B504460D4673
:105BC000782229462046FFF7CBFF0090009838BD89
:105BD00038B504460D46792229462046FFF7C0FF16
:105BE00000900098C0B238BD7CB504460D462946E9
:105BF0002046FFF7E2FF009029462046FFF7E8FF26
:105C0000064631460098F2F744FD01900DB100259B
:105C100003E02046FEF7EDFF044609E02946204652
:105C2000019A02F05DFB01902046FEF7E2FF044678
:105C3000002CF3D101987CBD38B504460D46762280
:105C400029462046FFF78CFF0090009838BD38B5F4
:105C500004460D46402229462046FFF781FF00906A
:105C6000009838BD38B504460D46412229462046E5
:105C7000FFF776FF0090009838BD38B504460D4612
:105C80003E2229462046FFF76BFF00900098C0B2E5
:105C900038BD38B504460D46422229462046FFF756
:105CA0005FFF0090009838BD38B504460D463C2291
:105CB00029462046FFF754FF0090009838BD2DE993
:105CC000F84305460C4600BF112221462846FFF73F
:105CD00047FF00900098064621462846FFF7EFFD53
:105CE000074621462846FFF7D2FD804608F001000E
:105CF00010B1F019BDE8F8833046FBE72DE9F0411B
:105D000004460D4629462046FFF7D2FE06462946A0
:105D10002046FFF7DFFD074629462046FFF7C3FD73
:105D2000804608F0010010B1F019BDE8F08130465E
:105D3000FBE72DE9F84305460C4600BF1222214639
:105D40002846FFF70DFF009000980646214628469A
:105D5000FFF7B5FD074621462846FFF798FD804628
:105D600008F0040010B1F019BDE8F8833046FBE7F5
:105D70002DE9F04104460D4629462046FFF7AEFEC8
:105D8000064629462046FFF7A5FD07462946204638
:105D9000FFF789FD804608F0040010B1F019BDE856
:105DA000F0813046FBE72DE9F84305460C4600BF7D
:105DB000132221462846FFF7D3FE0090009806469E
:105DC00021462846FFF77BFD074621462846FFF778
:105DD0005EFD804608F0080010B1F019BDE8F883B8
:105DE0003046FBE72DE9F04104460D4629462046A2
:105DF000FFF78AFE064629462046FFF76BFD074659
:105E000029462046FFF74FFD804608F0080010B1F4
:105E1000F019BDE8F0813046FBE72DE9F84305466F
:105E20000C4600BF102221462846FFF799FE00903D
:105E30000098064621462846FFF741FD07462146C1
:105E40002846FFF724FD804608F0020010B1F01943
:105E5000BDE8F8833046FBE72DE9F04104460D46E6
:105E600029462046FFF766FE064629462046FFF7EC
:105E700031FD074629462046FFF715FD804608F00C
:105E8000020010B1F019BDE8F0813046FBE77CB5A7
:105E900004460D46582229462046FFF761FE024679
:105EA00029460090204602F017FA019001987CBD27
:105EB00038B504460D465A2229462046FFF750FEC3
:105EC0000090009838BD38B504460D465A22294640
:105ED0002046FFF745FE0090009838BD38B50446CF
:105EE0000D465B2229462046FFF73AFE00900098B7
:105EF00038BD38B504460D465C2229462046FFF7DA
:105F00002FFE0090009838BD38B504460D466B2230
:105F100029462046FFF724FE0090009838BD38B58A
:105F200004460D46702229462046FFF719FE0090D0
:105F3000009838BDF8B505460C4600BF6E222146D4
:105F40002846FFF70DFE009000980646002E01DD62
:105F50003046F8BD0120FCE7F8B505460C4600BF09
:105F60006F2221462846FFF7FBFD00900098064669
:105F7000002E01DD3046F8BD0120FCE738B50446AF
:105F80000D466A2229462046FFF7EAFD0090009858
:105F900038BD38B504460D46012229462046FFF794
:105FA000DFFD0090009838BD38B504460D4601224B
:105FB00029462046FFF7D4FD0090009838BD38B53B
:105FC00004460D46082229462046FFF7C9FD0090E9
:105FD000009838BD38B504460D46092229462046AA
:105FE000FFF7BEFD0090009838BD70B588B006463A
:105FF0000C46154620680090606801902068029069
:10600000E068401C0390A068401C04906168059102
:10601000A068401C0690E068401C07902B460422B4
:106020006946304602F0BCFB02990098884201DACA
:10603000009800E00298069A0499914201DA0499C6
:1060400000E00699884207DA02990098884201DA4E
:10605000009808E0029806E006990498884201DA60
:10606000049800E00698206002990098884201DDBB
:10607000009800E00298069A0499914201DD049983
:1060800000E00699884207DD02990098884201DD08
:10609000009808E0029806E006990498884201DD1D
:1060A000049800E00698A06001990398814201DA03
:1060B000019800E00398059A07998A4201DA059948
:1060C00000E00799884207DA01990398814201DAD2
:1060D000019808E0039806E005990798814201DAE3
:1060E000059800E00798606001990398814201DDFE
:1060F000019800E00398059A07998A4201DD059905
:1061000000E00799884207DD01990398814201DD8B
:10611000019808E0039806E005990798814201DD9F
:10612000059800E00798E06008B070BD10B504461F
:1061300000BF1CB900BF00BF00BFFEE700BF04F1F5
:106140001400F0F758FC10BD024600BF1AB900BF9A
:1061500000BF00BFFEE700BF506A0840884201D17F
:10616000012070470020FCE7024600BF1AB900BFBB
:1061700000BF00BFFEE700BF506A084008B1012021
:1061800070470020FCE7024600BF1AB900BF00BFFD
:1061900000BFFEE700BF108D084008B10120704726
:1061A0000020FCE770B586B006460D460221304659
:1061B000FFF7CAFF10B9002006B070BD02A9304633
:1061C000FEF7E6FB0022294602A8F0F70CFD044684
:1061D0000CB90020F0E74FF480313046FFF7B4FFF0
:1061E00058B1009501208DF804006A46162130460A
:1061F00001F050FE9DF80400DEE72046DCE72DE9C3
:10620000FC4105460E4614462560666000BF5922D3
:1062100031462846FFF7A4FC00900098C0B284F8ED
:106220005A0094F85A00022801DCBDE8FC8122469D
:1062300031462846EAF7DEFB0746FD2F05DA94F8DB
:106240005A007843001284F85A0094F85A00022841
:1062500000DCEAE731462846FFF719FE01902246A6
:1062600031462846019B04F06AFF0090BDF800000B
:10627000A0859DF8020084F82E0000BF5B22314605
:106280002846FFF76DFC00900098606300BF5C2219
:1062900031462846FFF764FC00900098206300BF59
:1062A0005D2231462846FFF75BFC0090009894F889
:1062B0005C1060F3020184F85C1031462846FFF759
:1062C000F7FDA06200BF5E2231462846FFF748FC7A
:1062D00000900098C0B284F8580000BFA5E72DE9EF
:1062E000FF4706460D46144626606560224629464D
:1062F0003046EAF77FFB07465DB1022F09DC00203C
:106300002B34E070207020716071A0712B3CBDE8CF
:10631000FF8700BF0C2229463046FFF721FC03907F
:106320000398E06194F82E0000287ED000BF1D2263
:1063300029463046FFF714FC03900398C0B284F856
:106340002E0094F82E0002286FDD00BF1C22294683
:106350003046FFF705FC024629460190304601F021
:10636000BBFF029002980390224629463046039BC9
:1063700004F0E5FE0290BDF8080060869DF80A0072
:1063800084F8340000BF262229463046FFF7E8FB98
:10639000029002988046B8F1000F0BD098F80B00DD
:1063A00000F00F0030B13022414604F13800FDF713
:1063B00041F864E000BF202229463046FFF7D0FBB9
:1063C000029002984321095D60F3030143200155C7
:1063D000005D00F00F00002851D0608E208794F8F7
:1063E000340084F83A0000BF232229463046FFF7E4
:1063F000B7FB024629460090304601F06DFF019040
:1064000001980290224629463046029B04F097FEEE
:1064100001903F20BDF80410A4F83D109DF806102F
:10642000015500BF2122294600E029E03046FFF750
:1064300097FB01900198C1B23C20015500BF222278
:1064400029463046FFF78CFB0190019884F8410003
:1064500000BF242229463046FFF782FB01900198B5
:10646000C0B23B21085500BF252229463046FFF720
:1064700077FB01900198C1B284F8401000BF00BFC3
:1064800094F82F00002846D000BF3022294630461D
:10649000FFF766FB039003982067206FD8B300BF17
:1064A000322229463046FFF75BFB03900398C0B2C7
:1064B00084F82F0094F82F0002282CDD00BF34222E
:1064C00029463046FFF74CFB0290029894F874106E
:1064D00060F3040184F8741000BF3122294630466D
:1064E000FFF73EFB024629460190304601F0F4FEDC
:1064F000029002980390224629463046039B04F0FE
:106500001EFE0290BDF80800A4F86C009DF80A0079
:1065100084F86E0000BF94F83000A0B329463046DE
:10652000FFF7BBFAA067A06F68B329463046FFF7B4
:106530009DFA84F8300094F83000022823DD2946C3
:106540003046FFF79FFAE06700BF39222946304600
:10655000FFF706FB024629460190304601F0BCFEDB
:10656000029002980390224629463046039B04F08D
:10657000E6FD0290BDF80800A4F875009DF80A0039
:1065800084F8770000BF94F82B0000287AD000BF71
:10659000282229463046FFF7E3FA03900398206249
:1065A000206A002878D000BF292229463046FFF70C
:1065B000D7FA03900398C0B284F82B0094F82B000C
:1065C000022869DD206AFBF779F8022818D12946EC
:1065D0003046FFF76DFC606229463046FFF757FCF6
:1065E0000390224629463046039B04F0A8FD029002
:1065F000BDF8080020859DF80A0084F82A0046E0CE
:1066000000BF2A2229463046FFF7AAFA0246294649
:106610000090304601F060FE01900198039000BFA9
:106620002B2229463046FFF79BFA01900198C0B211
:106630008046CDF80080224629463046039BEBF782
:106640004FFF02909DF80B0084F82C009DF8082065
:106650009DF809109DF80A00F1F76FFE0190BDF852
:10666000040020859DF8060084F82A00B146AA4659
:106670002C2251464846FFF773FA0190019810B159
:10668000012001E008E0002084F82D0000BF294629
:106690003046FFF740F9A06694F83100E8B3294688
:1066A0003046FFF701FBC4F88400D4F88400A0B39F
:1066B00094F8310002283BDD29463046FFF7DDFA29
:1066C00084F8310094F83100022831DD2946304643
:1066D000FFF7BDFA44F8880F29463046FFF7C2FAA3
:1066E000606029463046FFF7D4FAA060883C00BFBE
:1066F0003D2229463046FFF733FA024629460190EB
:10670000304601F0E9FD02900298039022462946A6
:106710003046039B04F013FD00E009E00290822064
:10672000BDF80810A4F880109DF80A10015500BFAC
:10673000FD2F15DA2B34E07878430012E0702078D2
:106740007843001220702079784300122071A079DC
:1067500078430012A07160797843001260712B3C7D
:1067600000BFD4E57FB5054600BF1DB900BF00BF1F
:1067700000BFFEE700BF2846FEF7BEF9044605F15C
:1067800014016846F0F738F80098001B0090019853
:10679000001B01900298204402900398204403902B
:1067A0006946284600F001F87FBD2DE9FF41044607
:1067B0000D4600BF1CB900BF00BF00BFFEE700BF11
:1067C0002046FEF763F906463046F2F764FA08B948
:1067D000BDE8FF8129466846F0F70EF86946204675
:1067E000FDF7DBF900B9F3E7A06850B1A068408E6F
:1067F000C0F38120022804D1052211466846F0F733
:1068000000F92046FEF742F907466946FBF77AFD94
:1068100000BFDDE70246116800E0096829B191F880
:10682000200000F003000028F7D009B900207047CD
:1068300091F8200000F00300012800D1F7E70020C4
:10684000F5E70246116800E0096829B191F82000D7
:10685000C0F381000028F7D009B90020704791F8F3
:106860002000C0F38100012800D1F7E70020F5E700
:10687000F8B507460E493846FFF776FC08B1002008
:10688000F8BD3846FEF7B5F904460CB90020F7E725
:106890000026162231462046FFF762F90090009844
:1068A00085B200BF0DB10120EAE70020E8E7000053
:1068B0000100060070B50446608D20F00100401C08
:1068C00060852046FEF7A2F90546688D20F0040099
:1068D000001D68852846FEF7D9F8064600223821B3
:1068E0003046F2F7EBFA70BD2DE9F04780460D46D1
:1068F000164699464046FEF73CF88246002722E0BD
:10690000D8F80800006850F82740B9F1000F06D009
:106910004FF480212046FFF717FC00B112E06069B8
:1069200028446061A0698119A161E0694119E161B0
:10693000206A811921620023324629462046FFF74A
:10694000D3FF00BF7F1C5745DAD3BDE8F0872DE9A0
:10695000F0438BB004460E461746656805B34FF406
:1069600080212046FFF7F0FB20B168690644A86942
:1069700007440BE02846FEF7CAFA6969081A06447C
:106980002846FEF7CDFAA969081A074400212846CF
:10699000FFF7CFF9064400212846FFF73EFA0744E7
:1069A0006069301A0990A069381A0A90099820B9CC
:1069B0000A9810B90BB0BDE8F0832046FFF7D2FE6D
:1069C00005A92046FEF752F84FF000087DB101A955
:1069D0002846FDF7EEFF002201A905A8F0F74BF8C5
:1069E0008046B8F1000F02D1284601F02FFA606905
:1069F000099908446061A0690A990144A161E069AC
:106A000009990144E161206A0A9901442162002345
:106A10002046DDE90912FFF767FF25B122462A214A
:106A2000284601F037FA2046FFF79CFE9DB1002270
:106A300001A904F11400F0F71EF88146B8F1000F27
:106A400005D1B8F1000F05D1B9F1000F02D02846E9
:106A500001F0FCF900BF00BFACE72DE9F0410746AB
:106A60000E463846FEF73FFAC8B93846FEF746FAF2
:106A700005463846FEF7DEF80446002C0EDA002DF7
:106A80000CDD6042854201DA284600E0604204469F
:106A9000334622460021384601F030F800BF384620
:106AA000FEF716FA88BB3846FEF72EF9044638463C
:106AB000FEF7A0F9054600213846FEF7C1FE012881
:106AC00011D0002D20DA002C1EDD6842844201DA4C
:106AD000204600E0684205463346002229463846F3
:106AE00001F00CF810E0002C0EDA002D0CDD6042F5
:106AF000854201DA284600E060420546334600221E
:106B00002146384600F0FAFF00BFBDE8F0812DE9CC
:106B1000F04FCBB006460C46D6E90F13D6E90D2050
:106B200048AD0BC547923FA92046FDF79FFF204681
:106B3000FDF7E2FF3E903E9A11463FA8EFF761FF56
:106B40003FAA47A943A8EFF769FF10B94BB0BDE8CA
:106B5000F08F43A80FC806F134070FC732461C2137
:106B6000204601F097F932461D21204601F092F9A6
:106B700032461E21204601F08DF94FF48011204647
:106B8000FFF7E2FA10B13FA83D9002E004F11400D3
:106B90003D900120389006F1340139A83D9AEFF775
:106BA0003DFF18B196F84E00022801DC0020389015
:106BB0003898002878D02046FDF7DBFE07467FB9DD
:106BC00032461F21204601F065F932462021204639
:106BD00001F060F932462121204601F05BF92AE1FB
:106BE00039A80FC834360FC6443EA0464FF0000AFD
:106BF0002D2251464046FEF7B3FF3690369808B135
:106C0000012000E0002037904FF00009379868B16C
:106C1000C8460C2241462046FEF7A2FF3690369821
:106C20008146B9F1000F01D1002037903798E0B9C3
:106C3000002508E0A068006850F8258041463046ED
:106C400000F002F96D1CBD42F4D332461F212046EC
:106C500001F020F932462021204601F01BF932468E
:106C60002121204601F016F9E4E02AA8F4F7E5FA1C
:106C7000CDF8D49004F114000FC8CDE93323CDE949
:106C800031010EA8F3F7DEF804F11400EFF7B3FEBC
:106C9000834604F11400EFF79BFE834505DA04F107
:106CA0001400EFF7A8FE04E0C6E004F11400EFF7CB
:106CB0008FFE0D900D98B9EB600F01DA484601E0A8
:106CC0000D984010824604F114000FC8CDE90B2343
:106CD000CDE909010C98A0EB0A00401C0A9006F1CE
:106CE000340209A909A8EFF799FE60B309AA102197
:106CF0003046F3F713FE8046002508E0A0680068E0
:106D000050F825B05946404600F09EF86D1CBD4233
:106D1000F4D342461F21204601F0BCF84246202110
:106D2000204601F0B7F842462121204601F0B2F892
:106D30002AA94046F4F749FACDF8548009AA0EA9C9
:106D40003046F3F75BFD04F114000FC8CDE90723CB
:106D5000CDE9050106985044401E089006F1340222
:106D600005A905A8EFF75AFE60B305AA1021304621
:106D7000F3F7D4FD8046002508E0A068006850F8CD
:106D800025B05946404600F05FF86D1CBD42F4D373
:106D900042461F21204601F07DF842462021204630
:106DA00001F078F842462121204601F073F82AA923
:106DB0004046F4F70AFACDF8548005AA0EA93046E9
:106DC000F3F71CFDD4E90703D4E90512CDE9030369
:106DD000CDE901120298504402900498A0EB0A00F9
:106DE000049006F1340201A901A8EFF717FE00B3E1
:106DF00001A80FC834360FC6443E002508E0A0683D
:106E0000006850F825B05946304600F01DF86D1C5A
:106E1000BD42F4D332461F21204601F03BF83246F2
:106E20002021204601F036F832462121204601F08B
:106E300031F800BF00BF00BF47A80FC806F13405F6
:106E40000FC500BF82E600002DE9F04FB1B0054646
:106E50000C4600BF1DB900BF00BF00BFFEE700BF6A
:106E600000BF1CB900BF00BF00BFFEE700BF01218B
:106E70002046FFF769F910B131B0BDE8F08F002767
:106E8000632239462046FEF76BFE2F902F9800F0C4
:106E9000FF0800BFB8F1020F00DCEDE795F84EB037
:106EA000A86C309000212046FEF79AFD8146B9F18A
:106EB000FD0F04DA0BFB09F0001285F84E000021EB
:106EC0002046AA6C01F00CFAA8642046FDF75FFE8C
:106ED000064626B921462846FFF719FE59E128A89B
:106EE0002CAB3246214600902846EEF73CFE279018
:106EF0002798012800D0BFE72CA8EFF769FD26905E
:106F00002CA8EFF765FD2590012E18D12CA8EFF7DE
:106F100072FD0746A249496991F84000F1F793F9DB
:106F200082464FF4C04090FBF7F090FBFAF02690B9
:106F30004FF4C04090FBF7F08008259000BF2C98DC
:106F400021902E9823902D9822902D9824901AE12C
:106F5000229926980844401E24902F99249888420C
:106F600001DD2F9824900020019075222046019980
:106F7000FEF7F6FD0090DDF800A000BFBAF1000FAB
:106F800004D121A92046DFF730F908B1012000E043
:106F900000202090209850B1229925980844401E46
:106FA00024902F992498884201DD2F9824902098CE
:106FB00008B1102000E01220014621AA2846F3F76C
:106FC000ADFC074621463846FFF7A1FD00200190A1
:106FD000712220460199FEF7C3FD009000981E9093
:106FE00000200190722220460199FEF7B9FD009021
:106FF00000981F901E9800F0C040B0F1005F1ED1B5
:107000001E9820F0C0406749884218DC04F1140043
:10701000EFF7F1FC1E9921F0C041B1F1805F06DB72
:107020001E9921F0C0416FF07042511A02E01E9982
:1070300021F0C0414843642190FBF1F01E901F985D
:1070400000F0C040B0F1005F1ED11F9820F0C0409A
:107050005449884218DC04F11400EFF7B9FC1F9979
:1070600021F0C041B1F1805F06DB1F9921F0C041E2
:107070006FF07042511A02E01F9921F0C04148435D
:10708000642190FBF1F01F9002A8F2F7DBFE60692B
:107090001E9908447969401A1390A0691F99014408
:1070A000B869091A14918DF8588000200190702257
:1070B00020460199FEF754FD009000980E9003E0E1
:1070C0000E98A0F561600E900E98B0F5616FF7DC38
:1070D00003E00E9800F561600E900E980028F8DB32
:1070E000002001906E2220460199FEF739FD0090A4
:1070F00000980F90002001906F2220460199FEF722
:107100002FFD0090009810900020019073222046DF
:107110000199FEF725FD0090009811900020019044
:10712000742220460199FEF71BFD009000981290F2
:1071300000200190692220460199FEF711FD009080
:1071400000989DF8591060F303018DF85910144808
:107150004069C06B000CBDF8581060F30C31ADF8FD
:107160005810CDF874A028A80FC8CDE91B23CDE98D
:107170001901099721AA02A92846F3F73FFB249891
:10718000401C229000BF2F9924988842FFF6E0AE61
:1071900000BF85F84EB03098A86400BF6CE60000D0
:1071A000B80B0120FEFFFF1F2DE9F14F86B00698B6
:1071B000FFF75EFB10B107B0BDE8F08F0698FDF752
:1071C00018FD059000210698FEF7F9FE05460021FE
:1071D0000698FEF7FFFE0446059828B92246294680
:1071E0000698FFF7B4FBE6E70598FDF726FC804616
:1071F0000598FDF709FC064605F0C040B0F1005FB8
:1072000020D125F0C0408A4988421BDC0021059826
:10721000FEF7BFFE6FF04041884201D1002511E02A
:1072200025F0C040B0F1805F05DB25F0C0406FF075
:107230007041081A01E025F0C04000FB08F064210D
:1072400090FBF1F504F0C040B0F1005F1ED124F0D6
:10725000C0407749884219DC00210598FEF750FBB1
:107260006FF04041884200D1002424F0C040B0F1CA
:10727000805F05DB24F0C0406FF07041081A01E028
:1072800024F0C0407043642190FBF1F40698029012
:10729000002003906C22DDE90201FEF761FC019001
:1072A000DDF804A000BF06980290002003906D2234
:1072B000DDE90201FEF754FC0190DDF804B000BFE7
:1072C0000698FEF733FF81460698FDF72CFC07462B
:1072D0000AF0C040B0F1005F15D12AF0C040544917
:1072E000884210DC2AF0C040B0F1805F04DB2AF055
:1072F000C0404910081A01E02AF0C04000FB09F024
:10730000642190FBF1FA0BF0C040B0F1005F14D1A2
:107310002BF0C040464988420FDC2BF0C040B0F152
:10732000805F04DB2BF0C0404910081A01E02BF00D
:10733000C0407843642190FBF1FB55445C4400213C
:107340000698FEF743FA0490049850B90021059876
:10735000FEF76AFA012802D10320049001E001201F
:10736000049004980A285AD2DFE800F05905061163
:1073700020233015364453E0414608EBD1725210B9
:10738000484609EBD073A2EB6302154448E0A8EB32
:107390000900054444E0314606EBD17252103846EC
:1073A00007EBD073A2EB6302144439E0F01B0444F2
:1073B00036E0414608EBD1725210484609EBD073D3
:1073C000A2EB63021544F01B044429E0A8EB09007A
:1073D0000544F01B044423E0A8EB090005443146B2
:1073E00006EBD1725210384607EBD073A2EB630262
:1073F000144415E0414608EBD1725210484609EB9F
:10740000D073A2EB63021544314606EBD1725210E1
:10741000384607EBD073A2EB6302144400E000BFD0
:1074200000BF224629460698FFF791FA00BFC2E640
:10743000FEFFFF1F2DE9F04F8DB0044600BF1CB9C1
:1074400000BF00BF00BFFEE700BF608DC0F3C020DB
:1074500038B1608DC0F3802018B100200DB0BDE8B8
:10746000F08F2046FDF7C5FB8046B8F1000F01D133
:107470000020F3E7608DC0F3C02020B12046FEF766
:1074800055FE05463DE04FF0FF30049000212046B8
:10749000FEF77FFD834604AA59462046E5F744FBE4
:1074A00005464FF0000B042259462046FEF758FBD4
:1074B0000190019804AA014602902046E5F734FBAA
:1074C000039000BF052259462046FEF749FB019074
:1074D000019804AA014602902046E5F725FB824662
:1074E000554501DA294600E051460398814201DA08
:1074F000039804E0554501DA284600E05046054669
:1075000000BF608DC0F3802020B12046FDF70BFB4B
:1075100006463DE04FF0FF30049000212046FEF784
:10752000EFF9834604AA59462046E5F79DFA064638
:107530004FF0000B062259462046FEF711FB019042
:10754000019804AA014602902046E5F78DFA0390BF
:1075500000BF072259462046FEF702FB0190019822
:1075600004AA014602902046E5F77EFA8246564577
:1075700001DA314600E051460398814201DA03986E
:1075800004E0564501DA304600E05046064600BFAA
:107590002046FEF7CBFDA84206D12046FDF7C3FAF0
:1075A000B04201D1002059E72046FFF7DBF809A9D6
:1075B0002046FDF75BFA05A94046FDF7FAF90022DF
:1075C00005A909A8EFF757FA074617B9404600F092
:1075D0003DFCA0693044401E206200212046FEF799
:1075E00023F9012804D1E069401B401C606103E0DD
:1075F00060692844401EE06109AA3121204600F05C
:1076000049FC22462A21404600F044FC2046FFF770
:10761000A9F8608D20F00200801C6085002205A979
:1076200004F11400EFF727FA81461FB92FB9B9F119
:10763000000F02D0404600F009FC204600F002F89E
:1076400001200BE738B5044600BF1CB900BF00BFDE
:1076500000BFFEE700BF2046FDF74EFA05460020BA
:1076600000906A461B21204600F014FCA06818B167
:107670000098A168C86207E0009828B12046FCF78E
:1076800061FA0098A168C8620098A84202D020461A
:10769000FFF768F838BD70B5044600212046FEF7B4
:1076A00078FC054600212046FEF72AF906466FF0D1
:1076B0004040854203D0864201D0002070BD204664
:1076C000FFF7F8F80120F9E72DE9F84F05460C46D9
:1076D000164600BF1DB900BF00BF00BFFEE700BFD8
:1076E0003D4890F8280008B9BDE8F88F2846FFF714
:1076F00039F80421304602F0D3F80746022130461B
:1077000002F0CEF880460121304602F0C9F88246E8
:107710001021304602F0C4F8814627B3B4F5702F2B
:1077200019D0C4B14FF0000B022259462846FEF78B
:1077300017FA009000986FF0404188420BD000BFCC
:10774000012259462846FEF70BFA009000986FF088
:107750004041884207D100223221284600F09AFB9E
:107760002846FFF7A7F8B4F5702F00D06CB9FF2EAC
:1077700000D057B12846FDF73CFA8346BBF1000F15
:1077800002D05846FFF796F800BFB4F5702F00D02E
:107790002CB9B9F1000F02D0284601F043F8FF2EB2
:1077A00002D0B8F1000F02D02846FFF74BFF284661
:1077B000FEF7D8FFFF2E06D0BAF1000F09D0B8F1BE
:1077C000000F00D12FB1B4F5803F02D0284608F059
:1077D00083FD00BF88E70000B80B0120F0B589B039
:1077E00005460C4600BF1DB900BF00BF00BFFEE745
:1077F00000BF21462846FEF7B7FC08B909B0F0BD26
:107800002846FFF735F8064604F0100068B101AAD3
:1078100005A92846FDF78DFB05A92846FEF7C5FFFB
:1078200001A92846FEF7C1FF00BF686AA04368624D
:1078300004F0010058B12846FEF794FF2846FDF7F2
:10784000D8F90746FFF736F82846FFF733F82846F9
:10785000FFF70EF8B04202D104F0C07028B12846FC
:10786000FDF7C7F90746FFF725F800BFC6E72DE982
:10787000F04704468846164600BF1CB900BF00BF4B
:1078800000BFFEE700BF002510E0E06800EBC50088
:107890004068C0F3006040B1E06800EBC50040689C
:1078A00020F07F40B04200D105E06D1C608DC0F338
:1078B0000510A842E9D800BF608DC0F30510A842AA
:1078C00002D10020BDE8F087E16851F8350041465B
:1078D00002F014F8074667B1304600F0F1FD81462A
:1078E00049462046E8F766FD424631462046FFF706
:1078F000EBFE0FB10120E5E70020E3E770B5044699
:107900000E4600BF1CB900BF00BF00BFFEE700BFAE
:10791000208D20EA0605208DA8420DD0294620465C
:1079200014F0DDF94FF480012046FEF70DFC18B18C
:1079300031462046FCF793FA70BD2DE9FE4F044610
:107940000E469146484600F0BFFD8246484600F08C
:10795000B7FD8046FF2002901EB1307A08B90020A2
:10796000029056B1B8F1000F07D12021304611F036
:1079700065F810B12046FEF7F5FE0025AB4677E02E
:10798000E16801EBC501496821F07F4000F09CFDF2
:107990000190E16801EBC501496821F07F4000F0EA
:1079A0008FFD00904FF6FF70824502D00198504540
:1079B0000BD1B8F5702F02D00098404505D136B1F3
:1079C000E06850F83500B04201D06D1C50E0E0682E
:1079D00000EBC5004068C0F3406028B10023FF22DF
:1079E0004146204612F08CFBE06800EBC500406881
:1079F000C0F3006030B9E06800EBC5004068C0F338
:107A0000406088B1E06850F8350020B1E16851F875
:107A1000350001F0CAFFE16851F83500F8F7B0FE13
:107A20000020E16841F835002F4609E0E06800EBEE
:107A3000C7010246781C02EBC00205CA05C17F1CC3
:107A4000608DC0F30510401EB842EFD8608D00096C
:107A5000401E618D60F309116185628DC2F30512CC
:107A6000D100E06801F040FAE0604FF0010B00BF88
:107A7000608DC0F30510A84282D8BBF1000F0AD078
:107A8000029840B141462046E8F794FC4146204622
:107A9000029AFFF719FEBDE8FE8F000010B50446FC
:107AA000024A00212046FFF748FF10BDFFFF0F00EC
:107AB00070B50646104890F8280000B970BD002047
:107AC000F1F782F8044612E0002507E0D4F8BC0282
:107AD00050F82510304608F0F1FC6D1CD4F8D8029F
:107AE000A842F3D82046F1F76FF8044600BF002CF7
:107AF000EAD100BFE2E70000B80B01202DE9F04F0A
:107B000099B007460C46154698461CB915B919B0E8
:107B1000BDE8F08FB8F1000F72D03846FCF7B6FF21
:107B200018906846EEF78EFB39466846EEF751FC32
:107B300046496846EEF72CFC7CB31898F0F7F5FF41
:107B40004FEA600B4FF4C872C8215846EEF743FC69
:107B5000814649466846EEF71DFC3846FDF7D7F9E1
:107B600006467042021971426846EEF72CFC38490D
:107B70006846EEF718FC37496846EEF716FC6A4689
:107B80000C21384600F086F98246BAF1010F00D088
:107B9000BDE76846EEF74AFC00BF7DB31898F1F7E1
:107BA0005CF84FEA600B4FF4C872C8215846EEF7F4
:107BB00012FC814649466846EEF7ECFB3846FDF775
:107BC000AFF906467042421971426846EEF7FBFB78
:107BD00021496846EEF7E7FB1E496846EEF7E5FBEC
:107BE0006A460C21384600F055F98246BAF1010F79
:107BF00000D08CE76846EEF719FC00BF24E0FFE7F1
:107C000015493846EEF7D2FA11493846EEF7CEFA62
:107C100000220C21384600F03DF90646012E00D026
:107C200075E72A462146384600F090F80646012EB0
:107C300000D06CE700220E21384600F02BF90646F2
:107C4000012E00D063E700BF00BF60E75D4D030871
:107C5000EF4D0308CD620108094E03082DE9FF5FCF
:107C60000E46174616B90FB9BDE8FF9F009800F001
:107C7000F3FD0098FDF74BF9C0F1000808EB06048E
:107C800000210098FDF7DCFD012819D0002C00DD53
:107C90000024002C2BDA0098FDF736F88346009874
:107CA000FDF7A8F80BEB000ABAF1000F01DA4FF06C
:107CB000000ACAF10000844201DACAF1000416E0A9
:107CC000002C00DA0024002C11DD0098FDF71CF8D0
:107CD00083460098FDF78EF80BEB000ABAF1000F0F
:107CE00001DA4FF0000A544500DD544600BF009809
:107CF000FDF716F9C0F1000909EB0705002D00DDBD
:107D00000025002D14DA0098FDF7F8F88346009856
:107D1000FCF790FF0BEB000ABAF1000F01DA4FF00D
:107D2000000ACAF10000854201DACAF1000500BF6D
:107D3000A4EB0806A5EB090706B92FB13A46314670
:107D4000039B0098FFF7DAFE00BF8DE72DE9F041B5
:107D500004460D4616461DB916B90120BDE8F0814E
:107D60002046FBF7EFFEA068006A2844A16808627D
:107D7000A068406A8119A068416201233246294601
:107D80002046FEF7B1FD00220F21204600F082F8C8
:107D90000746012F01D03846E0E72046FEF7E2FC17
:107DA0000120DBE72DE9FC4104460E46204600F0A9
:107DB00053FD00200090019027463846FCF719FF3C
:107DC00005460BE033466A46394604F114000CF0D0
:107DD00051FE2F462846FCF70CFF0546002DF1D139
:107DE000BDE8FC812DE9F04106460C4615460949DF
:107DF0003046EEF7DBF93046FDF789F8074660427A
:107E000000EB07082B46002241463046FFF726FFCD
:107E1000BDE8F081EF4D03082DE9F04106460C4620
:107E2000154609493046EEF7C1F93046FDF778F8B6
:107E30000746604200EB07082B46424600213046C9
:107E4000FFF70CFFBDE8F081094E030810B588B0BC
:107E500004466A4604A92046FDF76BF804A8EEF72D
:107E6000BDFD28B96846EEF7B9FD08B908B010BDE8
:107E700004A8EEF7B3FD18B104A92046FEF795FC5F
:107E80006846EEF7ABFD18B169462046FEF78DFC5B
:107E900000BFEBE7F0B587B004460D46164614B9AF
:107EA000012007B0F0BD00BF1CB900BF00BF00BF7C
:107EB000FEE700BF00940194029500200390049611
:107EC0009DF8180020F001008DF818009DF81800AA
:107ED00020F004008DF818009DF8180020F0020032
:107EE0008DF818009DF8180020F008008DF8180093
:107EF0006846F8F74FF86846E7F781FF0746684697
:107F0000F8F742F83846CCE770B504460D46002233
:107F10002946204600F07BF870BDF8B505460E46B0
:107F200000BF1DB900BF00BF00BFFEE700BF0023B8
:107F30006A4602212846FCF734FE0446012C02D191
:107F40000098B04200D124B900223146284600F002
:107F5000AAF8F8BD2DE9FF4106460D461C4620460D
:107F600000F0AEFA804600232A464146304612F021
:107F7000C7F821463046E8F75DFD07463CB92021A9
:107F8000284601F08DFC10B13046FEF7EBFB294688
:107F90003846029A01F006FE2A4621463046FFF78F
:107FA00093FBBDE8FF8170B504460E46154600BF41
:107FB0001CB900BF00BF00BFFEE700BF314620462E
:107FC00000F040F92946204600F059F970BD70B51F
:107FD00004460D4600BF1CB900BF00BF00BFFEE74E
:107FE00000BF2046FBF7AEFDA06890F8320000F01D
:107FF0000300A84200D170BDA068408E65F3010067
:10800000A16848862046FEF7ADFB00BFF3E7F8B550
:1080100006460C46154600942B460A213046009A27
:10802000FFF798FFF8BD37B582B005461446BDF896
:108030000C00ADF804009DF80E008DF806002346F4
:108040001C212846019AFFF785FF05B030BDF8B521
:1080500006460C46154600942B461D213046009AD4
:10806000FFF778FFF8BD37B582B005461446BDF876
:108070000C00ADF804009DF80E008DF806002346B4
:1080800031212846019AFFF765FF05B030BDF8B5EC
:1080900006460C46154600942B4630213046009A81
:1080A000FFF758FFF8BDF8B506460C461546009494
:1080B0002B4602213046009AFFF74CFFF8BDF8B579
:1080C00006460C46154600942B4662213046009A1F
:1080D000FFF740FFF8BDF8B506460C46154600947C
:1080E0002B4611213046009AFFF734FFF8BDF8B552
:1080F00006460C46154600942B4612213046009A3F
:10810000FFF728FFF8BDF8B506460C461546009463
:108110002B4613213046009AFFF71CFFF8BDF8B537
:1081200006460C46154600942B4610213046009A10
:10813000FFF710FFF8BDF8B506460C46154600944B
:108140002B460C213046009AFFF704FFF8BDF8B526
:1081500006460C46154600942B463C213046009AB4
:10816000FFF7F8FEF8BDF8B506460C461546009434
:108170002B465E213046009AFFF7ECFEF8BD37B57E
:1081800082B005461446BDF80C00ADF804009DF819
:108190000E008DF80600234658212846019AFFF765
:1081A000D9FE05B030BDF8B506460C46154600941C
:1081B0002B465A213046009AFFF7CCFEF8BDF8B5A1
:1081C00006460C46154600942B4601213046009A7F
:1081D000FFF7C0FEF8BDF8B506460C4615460094FC
:1081E0002B4608213046009AFFF7B4FEF8BDF8B5DB
:1081F00006460C46154600942B4609213046009A47
:10820000FFF7A8FEF8BD01617047F8B505460E46B8
:1082100000BF1DB900BF00BF00BFFEE700BF0023C5
:108220006A4601212846FCF7BCFC0446012C02D119
:108230000098B04200D124B9002231462846FFF709
:10824000BEFFF8BDF8B505460E4600BF1DB900BF1C
:1082500000BF00BFFEE700BF00236A460821284692
:10826000FCF79FFC0446012C02D10098B04200D1DB
:1082700024B9002231462846FFF7ADFFF8BDF8B516
:1082800005460E4600BF1DB900BF00BF00BFFEE798
:1082900000BF00236A4609212846FCF782FC0446F9
:1082A000012C02D10098B04200D124B900223146FD
:1082B0002846FFF79CFFF8BD10B504460449204648
:1082C000EDF774FF03492046EDF770FF10BD000085
:1082D000094E0308EF4D030807B5034602980EBD8B
:1082E00077B583B005460E4631462846FDF770FC4B
:1082F0000446002C0FDD31462846FDF75EFC029057
:1083000021460298F0F7C5F9014601900598F0F76B
:1083100039F9059000BF059806B070BD2DE9F04F02
:108320009DB005468B4691469A46269C688D20F066
:10833000080008306885A5F82890227A5946284612
:10834000FDF70EFC1C90A5F828A0227A5946284675
:10835000FDF706FC1B90688D20F008006885DDE9BC
:108360001B1088420BD1DDE91B10884207D1DDE9E3
:108370001B10EFF712FF10B11DB0BDE8F08FA5F88C
:108380002890227A59462846FDF7EAFB1C90A5F86A
:1083900028A059462846E8F7AAFD1A90217A1A9A89
:1083A00010681C9A01F0FEFB227A28466168FFF7EC
:1083B0008BF9207A0C2833D147F6FF711C9888423C
:1083C00002D01B9888422BD12846FDF7AFFE0190C2
:1083D00000EBD07047102846FCF7A5FB019000EB9E
:1083E000D0704FEA600847F6FF711C98884208D1A8
:1083F000781C08F10101884200DA01E008F101006F
:108400001C9047F6FF711B98884208D1781C08F130
:108410000101884200DA01E008F101001B9000BF71
:108420002348FAF764FE064600BF1EB900BF00BF2E
:1084300000BFFEE700BF06B99EE71C98F0601B98DE
:1084400030613560207A3071C6F808B002A8EDF7C7
:10845000F9FE314602A8EDF7BCFF164902A8EDF778
:10846000A2FF154902A8EDF7AAFF144902A8EDF7EB
:108470008AFFFF22002102A8EDF7A5FF218802A8AC
:10848000EDF788FF618802A8EDF77FFF02A8E16899
:10849000EDF78BFF002102A8EDF77EFF02A821690E
:1084A000EDF78FFF02A8EDF7C1FF00BF64E7000002
:1084B000D40B0120359E0308ADA00308DD9F0308FF
:1084C000014601F47F007047014688B27047000002
:1084D00010B514210148FAF702FE10BDD40B01209B
:1084E0002DE9FE4F04460F4690464FF00009002547
:1084F00043E1E06800EBC5004068C0F3406000B1B4
:108500003AE1E16801EBC501496821F07F40FFF7DE
:10851000DBFF064626EA070008B9012000E000203C
:10852000029026EA080008B9012000E0002001902E
:10853000DDE90101814270D0E06850F835A04FF0CC
:10854000000B6A461021504601F03AF810B14FF086
:10855000010B86E06A461121504601F031F810B156
:108560004FF0010B7DE06A461221504601F028F8D9
:1085700010B14FF0010B74E06A461321504601F030
:108580001FF810B14FF0010B6BE06A461521504601
:1085900001F016F810B14FF0010B62E06A461421A9
:1085A000504601F00DF810B14FF0010B59E06A464A
:1085B0001621504601F004F810B14FF0010B50E0C5
:1085C0006A466C21504600F0FBFF10B14FF0010BE2
:1085D00047E06A466D21504600F0F2FF10B14FF0BF
:1085E000010B3EE06A460121504600F0E9FF10B160
:1085F0004FF0010B35E06A460221504600F0E0FFE3
:1086000010B14FF0010B2CE06A460421504600F0F7
:10861000D7FF18B14FF0010B23E0ACE06A4605210B
:10862000504600F0CDFF10B14FF0010B19E06A4643
:108630000621504600F0C4FF10B14FF0010B10E0CE
:108640006A460721504600F0BBFF10B14FF0010B06
:1086500007E06A463021504600F0B2FF08B14FF003
:10866000010BBBF1000F02D00320BDE8FE8F6A466C
:108670006A21504600F0A4FF10B14FF0020979E0E2
:108680006A466B21504600F09BFF10B14FF0020983
:1086900070E06A467021504600F092FF10B14FF032
:1086A000020967E06A466E21504600F089FF10B16A
:1086B0004FF002095EE06A466F21504600F080FFED
:1086C00010B14FF0020955E06A463A21504600F0D9
:1086D00077FF10B14FF002094CE06A463B2150464B
:1086E00000F06EFF10B14FF0020943E06A463821F6
:1086F000504600F065FF10B14FF002093AE06A46BB
:108700003C21504600F05CFF10B14FF0020931E00F
:108710006A463E21504600F053FF10B14FF0020967
:1087200028E06A464021504600F04AFF10B14FF061
:1087300002091FE06A464121504600F041FF10B196
:108740004FF0020916E06A464221504600F038FF19
:1087500010B14FF002090DE06A464821504600F082
:108760002FFF10B14FF0020904E0B9F1000F01D161
:108770004FF0010900BF00BF6D1C608DC0F30510F4
:10878000A8423FF6B6AE48466FE770B505460E46BE
:108790001446234601223146284600F001F870BDF8
:1087A0002DE9F84F0746894692461C46002F37D0E0
:1087B0003846FCF7ECF98346BBF1020F01D10120EA
:1087C00000E00020804604F00105C4F340069EB19D
:1087D00045B13846FCF70DFA23465246494600900B
:1087E000FFF7DEFFB8F1000F19D033465246494675
:1087F000384612F0DBFA12E0B8F1000F05D033462C
:1088000052464946384612F0D1FA45B13846FCF78F
:10881000F0F92346524649460090FFF7C1FF00BFDA
:10882000BDE8F88F70B504462046E4F7DDF905464B
:10883000A06830B1A068408E65F38B20A16848869F
:1088400009E045B12046FBF77DF9A068408E65F34D
:108850008B20A168488670BD70B50546124890F817
:10886000640010B100BF00BF70BD01200E4981F847
:1088700064002846FCF7CAF904460AE000BF00BFBE
:10888000608D20F0040060852046EDF7F1F900BF0F
:1088900000BF94F82A00C0F380000028EED10249FE
:1088A00081F8640000BFDFE7B80B012070470000CB
:1088B0003EB505460C46132D0CDB00BF00BFEFF79D
:1088C0005DFC0290BDF8081008469DF80A1040EAC9
:1088D00001403EBD0CB1042C0CDD00BF00BFEFF722
:1088E0004DFC0190BDF8041008469DF8061040EAC2
:1088F0000140EEE7601EC4B205EB4500094901EBFB
:10890000800004EB440108440188ADF80010807831
:108910008DF8020089B208469DF8021040EA014035
:10892000D7E70000FC5E04083EB505460C46132D53
:108930000CDB00BF00BFEFF721FC0290BDF8081070
:1089400008469DF80A1040EA01403EBD0CB1052CD6
:108950000CDD00BF00BFEFF711FC0190BDF8041063
:1089600008469DF8061040EA0140EEE7601EC4B2DA
:10897000C5EB05100849084404EB4401084401888C
:10898000ADF8001080788DF8020089B208469DF895
:10899000021040EA0140D8E7DF5D04081CB5044638
:1089A000132C0CDB00BF00BFEFF7E8FB0190BDF814
:1089B000041008469DF8061040EA01401CBD04EB77
:1089C0004400074908440188ADF8001080788DF80C
:1089D000020089B208469DF8021040EA0140EDE726
:1089E000A65D04082DE9FF4F87B005469A46159EFF
:1089F000099848B9BAF5807F06D11498B0F5807F00
:108A000002D10BB0BDE8F08F00240EE055F8340021
:108A10003168401A45F8340005EBC40040687168BD
:108A2000401A05EBC4014860641C08988442EDD3E9
:108A30000998D0B9002414E055F8340000FB0AF07E
:108A4000316801EB202045F8340005EBC400726862
:108A500040681499484302EB202005EBC4014860AC
:108A6000641C08988442E7D3CBE7099FB7F5616F90
:108A700001DDA7F56167002F01DA07F561670A20BC
:108A800097FBF0F006900698401C0590069800EBC6
:108A90008000A7EB400B069800B202F069FA049040
:108AA000059800B202F064FA039006985A3000B2BA
:108AB00002F05EFA029005985A3000B202F058FABD
:108AC0000190CBF10A0104984143039800FB0B107D
:108AD0000A2190FBF1F84FEA6818CBF10A010298DD
:108AE0004143019800FB0B100A2190FBF1F94FEA7A
:108AF0006919002451E055F8340005EBC4025168AF
:108B0000BAF5807F17D1149AB2F5807F13D109FB93
:108B100000F208FB1122336803EBA22245F834204F
:108B200008FB00F209FB0122736803EBA22205EBAC
:108B3000C4035A6030E0169ABAB100FB0AF0149AE6
:108B4000514309FB00F208FB1122336803EBA242F8
:108B500045F8342008FB00F209FB0122736803EB9F
:108B6000A24205EBC4035A6016E009FB00F208FBC1
:108B7000112202FB0AF2336803EBA24245F83420CB
:108B800008FB00F209FB0122149B5A43736803EBB4
:108B9000A24205EBC4035A60641C08988442AAD31D
:108BA00000BF2EE70CB50A6800924A680192DDE921
:108BB0000023C0E900230CBD0160426070470CB582
:108BC000D0E90023CDE90023D1E90023C0E9002347
:108BD000DDE90023C1E900230CBD2DE9FE43074672
:108BE0000C4615461E46DDE90A892B462246012120
:108BF00038468DE84003FFF7F5FEBDE8FE832DE91A
:108C0000F0470246D2F800A0D2F80890A9EB0A007B
:108C100000EBD0794FEA69031068C5185068C61890
:108C20000868471B4868841B03FB03FC07FB07F02D
:108C300004FB0408E04502D80120BDE8F0870020CD
:108C4000FBE700000149C86670470000B80B01202F
:108C500070B5064600BF1EB900BF00BF00BFFEE7EB
:108C600000BF06B970BD3468002518E0606808B11F
:108C7000646814E0A06808B1A46810E025683DB1FC
:108C80006868A04202D10020686001E00020A8606E
:108C90002069F7F775FD2046F7F772FD2C46002C8A
:108CA000E4D10020306000BFDCE770B504460E461A
:108CB00000BF1CB900BF00BF00BFFEE700BF0CB97A
:108CC000002070BD3146204600F0A2F8054625B1CF
:108CD0002846F7F755FD0120F3E70020F1E72DE9DD
:108CE000F04105460E4600BF1DB900BF00BF00BFE2
:108CF000FEE700BF15B90020BDE8F0812C680DE04B
:108D0000216930466A68904707460FB92046F3E765
:108D1000002F01DA646800E0A46800BF002CEFD1E6
:108D20000020E9E72DE9F04104460D46164600BF54
:108D30001CB900BF00BF00BFFEE700BF00BF1DB9E8
:108D400000BF00BF00BFFEE700BF00BF1EB900BFED
:108D500000BF00BFFEE700BF0CB105B116B900208F
:108D6000BDE8F0810C273A4600212046FAF7CEFCF8
:108D700000BF002020606560A6600120F0E72DE9BB
:108D8000F04105460F4600BF1DB900BF00BF00BF40
:108D9000FEE700BF15B90020BDE8F081394628463E
:108DA000FFF79DFF04460CB12046F5E7284606F084
:108DB00040FA04460CB90020EEE7286830B92C6070
:108DC00000202060012020732046E5E7D4F81080C1
:108DD00027612146284606F0E9FA0646266000206B
:108DE0002073316938466A689047002801DA746058
:108DF00000E0B4602146284606F0EEFAC4F8108080
:108E00002046C9E700E0406841680029FBD170476F
:108E10002DE9F05F80460C46002600274FF001093F
:108E2000606800283CD0A068002839D02546A86892
:108E3000FFF7E8FF0546206848B120684068A04277
:108E400002D12068456004E02068856001E0C8F830
:108E50000050AE682F6895F80C90A74201D12F46BC
:108E600006E006B137607E60A068A860A068056073
:108E700020682860207B28736068686060680560EF
:108E8000B9F1010F04D13A463146404606F0FAF9ED
:108E9000D4F810B02046F7F773FC5846BDE8F09FB1
:108EA000A06808B1A06800E060680646276894F8EA
:108EB0000C9006B1376037B17868A04201D17E606E
:108EC00003E0BE6001E0C8F80060B9F1010F04D111
:108ED0003A463146404606F0D5F9D4F810A020466F
:108EE000F7F74EFC5046D9E770B506460C4624B954
:108EF0003046F7F745FC0A4870BD0948864203D161
:108F00002046FAF7F9F9F7E72146304600F00AF86B
:108F100005461DB900BF00BF0020EDE72846EBE77E
:108F2000200C01202DE9F04104460D46204601F0B9
:108F300022FF074616492A46D1F8CC01214601F006
:108F40009BFF064606B31248D0F8D001C11B10485B
:108F5000C0F8D011304601F00EFF0D49D1F8D01104
:108F600001440B48C0F8D011D0F8D011D0F8D4018A
:108F7000814203D90648D0F8D00102E00448D0F875
:108F8000D4010349C1F8D4013046BDE8F0810000A6
:108F9000B80B01200148406970470000B80B012060
:108FA0002DE9FC4780460C460026002204F11401FE
:108FB0004046EDF760FD10B90020BDE8FC870121B7
:108FC0002046FDF7C1F808B10020F6E72046FBF780
:108FD000DEFD08B10020F0E700212046FCF700FD8F
:108FE000FD2801DA0020E8E700208DF80000CDF828
:108FF00004806A461A212046FEF74CFF9DF80000C7
:10900000022801D10020D8E72046FBF7B2FC074632
:109010007D1E0BE0A068006850F825904946404648
:10902000FFF7BEFF064606B102E06D1E002DF1DA25
:1090300000BF1EB99DF8000000B926463046BCE7C7
:10904000704700002DE9FF4100255AE03148406992
:1090500000F51170405D00B152E0002449E02D4858
:10906000406900F51170005D08B9A54200D13FE0EC
:10907000284A5269443202EB0411264A52694432AA
:1090800002EB0510EDF74BFD00B931E021484069D6
:10909000443000EB04121F484069443000EB0511D6
:1090A0006846EDF73BFE6846EDF798FC0646194921
:1090B0004969443101EB0510EDF790FC074615496D
:1090C0004969443101EB0410EDF788FC38448642CD
:1090D0000DD210494969443101EB05106946EDF79D
:1090E0009DFB01210B48406900F51170015500BF3F
:1090F000641C08484069D0F86402A042AFD800BFA1
:109100006D1C04484069D0F86402A8429ED8BDE8AE
:10911000FF810000B80B012000B5EFF7D7FC024635
:10912000EFF776FD00BD38B5044600200346024641
:1091300001460090204600F001F838BD2DE9F04FBF
:10914000B1B006460F4690469946DDF8E8A0304695
:10915000FBF79CFC0446D4F8C852B54203D0D4F8BF
:10916000D402B04202D131B0BDE8F08FD4F8D402BD
:10917000D8B1D4F8D402A84217D004F53274002133
:10918000E068EDF713F800221146E068FEF70BFFE8
:1091900000226221E068FEF76AFB2068A060E568B3
:1091A000E068A4F532740BF031FCC4F8D462D4F852
:1091B000D00240B194F8DC02C0F3400018B1D4F8FA
:1091C000D002FAF7A7FF002004F534742060384677
:1091D000EBF7D6FA217B60F300012173207B6AF361
:1091E00041002073A4F5347400213046ECF7DEFF13
:1091F0001DB100212846ECF7D9FF00221146304668
:10920000FEF7D1FE25B1002211462846FEF7CBFE1F
:10921000002262213046FEF72AFB25B1002262219E
:109220002846FEF724FBB8F1000F0DD1B9F1000F6D
:109230000AD130460BF0EAFBBAF1000F03D015B1AA
:109240002846FAF767FF8EE719A8ECF7FBFF3146CF
:1092500019A8EDF7BEF89F4919A8EDF7B0F89E4997
:1092600019A8EDF790F8414619A8EDF793F849468B
:1092700019A8EDF78AF801A8ECF7E4FF294601A840
:10928000EDF7A7F8414601A8EDF784F8494601A893
:10929000EDF77BF80F2F12D2DFE807F00812202F2E
:1092A0003D4C6884A0BCC6D0DFEFFE008B4919A8F6
:1092B000EDF779F80022114619A8EDF784F8F9E0E6
:1092C000864919A8EDF76FF82046EFF72EFC834684
:1092D0000022594619A8EDF776F8EBE07F4919A866
:1092E000EDF761F82046EFF720FCC0F1000B0022FB
:1092F000594619A8EDF767F8DCE0794919A8EDF7A8
:1093000052F82046EFF7A9FC83460022594619A8D7
:10931000EDF759F8CEE0724919A8EDF744F8204668
:10932000EFF79BFCC0F1000B0022594619A8EDF79E
:109330004AF8BFE0694919A8EDF735F82046EFF77C
:10934000F4FB83460022594619A8EDF73CF863491F
:1093500001A8EDF728F82046EFF7E7FBC0F1000B76
:109360005A46002101A8EDF72EF8A3E05B4919A8A1
:10937000EDF719F82046EFF7D8FBC0F1000B0022FB
:10938000594619A8EDF71FF8544901A8EDF70BF855
:109390002046EFF7CAFB83465A46002101A8EDF7A5
:1093A00012F887E04E4919A8ECF7FDFF2046EFF7C9
:1093B00054FC83460022594619A8EDF704F84849A1
:1093C00001A8ECF7F0FF2046EFF747FCC0F1000BD7
:1093D0005A46002101A8ECF7F6FF6BE0404919A8B6
:1093E000ECF7E1FF2046EFF738FCC0F1000B00225C
:1093F000594619A8ECF7E7FF394901A8ECF7D3FF64
:109400002046EFF72AFC83465A46002101A8ECF7D4
:10941000DAFF4FE0334919A8ECF7C5FFFF2200211E
:1094200019A8ECF7D0FF45E02E4901A8ECF7BBFFE7
:109430000022FF2101A8ECF7C6FF3BE0274901A865
:10944000ECF7B1FF2046EFF770FBC0F1000B5A4676
:10945000002101A8ECF7B7FF2CE0204901A8ECF7A8
:10946000A2FF2046EFF761FB83465A46002101A880
:10947000ECF7A9FF1EE00FE0FFE7194901A8ECF7A0
:1094800092FF2046EFF7E9FBC0F1000B5A4600219E
:1094900001A8ECF798FF0DE0114901A8ECF783FF54
:1094A0002046EFF7DAFB83465A46002101A8ECF785
:1094B0008AFF00BF00BF25B100222D212846FEF7FC
:1094C000E9FC19A8ECF7B2FF15B101A8ECF7AEFF63
:1094D00000BF48E6E54903087F490308195F030810
:1094E000295F03089DB30208024601E0521C491C93
:1094F000107818B110780B789842F7D010780B7864
:10950000C01A704710B50246104600BF11F8014B53
:1095100002F8014B002CF9D110BD70B5044620466D
:1095200000F00FF8451C2846F9F7E6FE06460EB98E
:10953000002070BD2A4621463046F9F77BFF3046B1
:10954000F7E70146002000E0401C0A5C002AFBD13E
:10955000704710B50B46002102E05C5C4454491C86
:10956000914202D25C5C002CF7D102E0002444540A
:10957000491C9142FAD310BD2DE9F04106460F4631
:109580003946304600F012F80446601CF9F7B4FE84
:10959000054615B90020BDE8F0812246314628462F
:1095A000F9F748FF002028552846F4E70246002036
:1095B00000E0401C884202D2135C002BF9D17047B6
:1095C00070B504460D46164632462946204600F040
:1095D00066F870BD70B504460D461646204600F08C
:1095E00096F890B1226800210AE012F83100A842F2
:1095F00005D102EBC10040683060012070BD491CFC
:1096000012F831000028F0D113E0207A236803EB30
:109610008002002109E0505CA84205D1236853F87C
:10962000210030600120E9E7491C207A8842F2D805
:1096300000BF0020E2E770B503460C4600BF187A71
:10964000FF2801D1012000E0002090B11D68002119
:109650000AE015F83100A04205D105EBC1004068D1
:109660001060012070BD491C15F831000028F0D1B0
:1096700013E0187A1E6806EB8005002109E0685C9B
:10968000A04205D11E6856F8210010600120E9E7CC
:10969000491C187A8842F2D800BF0020E2E770B572
:1096A00004460D461646204600F039F890B122686F
:1096B00000210AE012F83100A84205D102EBC100F6
:1096C00040683060012070BD491C12F8310000284C
:1096D000F0D113E0207A236803EB8002002109E037
:1096E000505CA84205D1236853F821003060012066
:1096F000E9E7491C207A8842F2D800BF0020E2E75F
:1097000010B504460C212046FAF7DFF810BD0146DB
:10971000087AFF2801D1012070470020FCE70146AC
:10972000087AFF2801D1012070470020FCE701469C
:1097300000BF00BF087A08B9012070470020FCE78D
:109740008CB0014600200B90544800680A904429D0
:1097500070D024DC292970D010DC22297BD006DCD3
:10976000052975D0072974D01C2973D142E023291B
:109770004AD0242960D025296CD15CE0392946D013
:1097800006DC312941D0322952D0342962D168E037
:109790003A2953D03D2939D03E297BD14FE05A296F
:1097A00065D010DC522933D006DC452933D04C2952
:1097B0002FD04D296ED143E0532942D0582929D0CA
:1097C000592967D135E06F290DD006DC62292DD0EB
:1097D00063292CD06E295DD104E0762954D07829F4
:1097E00058D119E000BF2D48001D00680990099864
:1097F0000CB07047BDF82800ADF820009DF82A0095
:109800008DF822000898F3E700BF00BF00BF00BF3B
:1098100000BF00BF00BF00BFBDF82C00ADF81C00AA
:109820009DF82E008DF81E000798E1E700BF00BFED
:1098300000BF00BF00BF00BF00BF00BF00BF00BF30
:1098400000BF16480830006806900698D0E702E08E
:1098500013E013E01EE011480C30006805900598F5
:10986000C6E70E481030006804900498C0E70B4823
:109870001430006803900398BAE700BF0748183017
:10988000006802900298B3E704481C300068019019
:109890000198ADE7002000900098A9E76C600408EB
:1098A00070B505460C46284600F006F8204008B181
:1098B000012070BD0020FCE70146FF2901D13F20B7
:1098C000704709B90020FBE78B2902DA0948405CA0
:1098D000F6E7A1F18B00C1B20748406B38B10648EA
:1098E000C06A884203D90448406B405CE8E7002026
:1098F000E6E70000E15F0408B80B01202DE9FE4F08
:1099000004468A4600BF00BF2046FFF708FF20B18B
:1099100000BF00BF0020BDE8FE8F207A08B90020FC
:10992000F9E7207A216801EB800B5F46002537E0DC
:10993000785D504533D120680290207A401E00EBBC
:10994000800001900198F9F7D7FC8046B8F1000F2C
:1099500001D10020DFE7C4F80080207A401E207289
:10996000207A08EB800BCDF800B0C14600263546C2
:109970000DE0B85D504509D0029850F8260049F82E
:109980002500BA5D28466D1C00990A54761C207A81
:10999000B042EED20298F6F7F3FE0120BBE76D1C51
:1099A000207AA842C4D80020B5E710B5044600BF0D
:1099B00000BF207AFF2802D02068F6F7E1FE0C21D4
:1099C0002046F9F782FF10BD38B505460C460094D5
:1099D00067212846009A00F0E5F838BD13B582B03B
:1099E0000446BDF80C00ADF804009DF80E008DF89B
:1099F00006001C212046019A00F0D4F81FBD38B59E
:109A000005460C4600941D212846009A00F0CAF82D
:109A100038BD13B582B00446BDF80C00ADF80400A3
:109A20009DF80E008DF8060031212046019A00F0C5
:109A3000B9F81FBD38B505460C46009435212846B7
:109A4000009A00F0AFF838BD38B505460C460094D2
:109A500030212846009A00F0A5F838BD38B50546F3
:109A60000C4600942D212846009A00F09BF838BD42
:109A700013B582B00446BDF80C00ADF804009DF8A3
:109A80000E008DF806004C212046019A00F08AF85D
:109A90001FBD38B505460C46009448212846009A5B
:109AA00000F080F838BD13B582B00446BDF80C0054
:109AB000ADF804009DF80E008DF80600392120460F
:109AC000019A00F06FF81FBD38B505460C460094AA
:109AD0003A212846009A00F065F838BD38B50546A9
:109AE0000C4600943B212846009A00F05BF838BDF4
:109AF00038B505460C46009438212846009A00F0F7
:109B000051F838BD70B504460D462946204600F090
:109B100021F82946204600F027F82946204600F083
:109B200037F82946204600F001F870BD38B50546E3
:109B30000C46009411212846009A00F033F838BDF5
:109B400038B505460C46009415212846009A00F0C9
:109B500029F838BD38B505460C4600941221284630
:109B6000009A00F01FF838BD38B505460C46009441
:109B700013212846009A00F015F838BD38B505467F
:109B80000C46009414212846009A00F00BF838BDCA
:109B900038B505460C46009410212846009A00F07E
:109BA00001F838BD2DE9F74F04460F4600BF00BF4E
:109BB0002046FFF7B4FD18B100BF00BFBDE8FE8F1F
:109BC00000BF1FB900BF00BF00BFFEE700BF206895
:109BD00090B1207A216801EB8008207A451E09E0C7
:109BE00018F80500B84204D12068029A40F82520F0
:109BF000E4E76D1E002DF3DA207A401C00EB800AAA
:109C000051462068FFF770F9064606B9D6E7266088
:109C1000207A06EB8008207A451E05E018F805102A
:109C2000281D08F800106D1E002DF7DA207A401C60
:109C30002072207A06EB8008B146207A401E08F890
:109C40000070207A401E4E46029949F8201039468D
:109C500088101E2800D91F2000BF8346012202FA67
:109C60000BF261681143616000BFA7E738B5054694
:109C70000C4600940C212846009AFFF793FF38BD4C
:109C800013B582B00446BDF80C00ADF804009DF891
:109C90000E008DF8060078212046019AFFF782FF1A
:109CA0001FBD38B505460C46009479212846009A18
:109CB000FFF778FF38BD38B505460C46009476218D
:109CC0002846009AFFF76EFF38BD13B582B00446F0
:109CD000BDF80C00ADF804009DF80E008DF80600EC
:109CE0003D212046019AFFF75DFF1FBD38B50546AF
:109CF0000C46009441212846009AFFF753FF38BDD7
:109D000038B505460C4600943E212846009AFFF7D8
:109D100049FF38BD38B505460C4600943C2128461D
:109D2000009AFFF73FFF38BD38B505460C46009452
:109D30005E212846009AFFF735FF38BD13B582B083
:109D40000446BDF80C00ADF804009DF80E008DF837
:109D5000060058212046019AFFF724FF1FBD38B5A1
:109D600005460C4600945A212846009AFFF71AFF30
:109D700038BD38B505460C4600945C212846009A4B
:109D8000FFF710FF38BD38B505460C4600946B212F
:109D90002846009AFFF706FF38BD38B505460C4641
:109DA00000946A212846009AFFF7FCFE38BD38B5BA
:109DB00005460C46009468212846009AFFF7F2FEFB
:109DC00038BD38B505460C46009401212846009A56
:109DD000FFF7E8FE38BD00002DE9F04704460D46C8
:109DE00016461F46DDE9088914212046F9F76DFD66
:109DF00025600EB9054800E03046A060E760C4F871
:109E00001080C4F80490BDE8F0870000E762010804
:109E10002DE9F04106460C4617461D4629463046B8
:109E2000084A126890472060206830B12968881974
:109E30000021044A1268904700E000203860BDE825
:109E4000F0810000986004082DE9F04F87B00446C7
:109E50000F4690461D46109E0DB1002028601CB98B
:109E6000002007B0BDE8F08F207808B90020F8E79F
:109E7000B8F1000F01D10020F3E74FF0000A307B6A
:109E800000F0010018B9307B00F00200B8B10020EA
:109E900000E0401CB84208D2215C0A2905D0215CB0
:109EA0000D2902D0215C0029F3D1B84202D2215CF5
:109EB00001B1401C15B14FF0FF312960D1E7307B73
:109EC00000F0010010B16FF06040B060002006901B
:109ED0000590D6F8089037E0307B0490059818B9C3
:109EE000049840F0040004900020039006A903AAFF
:109EF0000498CDE9012100903268059960184B461D
:109F0000414600F043F883460398A9EB0009039803
:109F10008244BBF1000F00D11FE005985844059022
:109F200020780A2802D020780D2800D115E0059865
:109F3000205C0A2803D00598205C0D2803D10598E1
:109F4000401C059009E000BF0598B84205D205986D
:109F5000205C10B1B9F1000FBED100BF059868B9FF
:109F600005A92046084A1268904783462DB1002271
:109F700059464046F6F7D1FB824600BF0DB1C5F801
:109F800000A005986DE70000986004082DE9FF4FD8
:109F900085B08346139CBBF1000F02D09BF80000F4
:109FA00018B9002009B0BDE8F08F069808B9002064
:109FB000F8E7129800F0010010B16FF060400890CF
:109FC0004FF0000900200490039000260027002590
:109FD00082464FF0FF38019004A95846484A12685B
:109FE00090470646049803906CE003A95846444AFB
:109FF0001268904707460AF1010A129800F008001B
:10A0000050B13146149800F08BF928B1DDF810906A
:10A01000039804903E4655E03A4631460698F6F7D6
:10A020007CFB0290029805440298002801DD079805
:10A03000054408F1010068B90798291A0898814277
:10A0400008DDC846AAF101000190129800F0040052
:10A0500000B13BE00A2E13D00D2E11D03146002264
:10A06000002007E027A31B5C8B4201D1012205E001
:10A07000431CD8B223A31B5C002BF3D100BF52B109
:10A08000B9F1000F04D108F1010008B904B125604D
:10A09000AAF1010A1AE0384600F0F5F818B930467E
:10A0A00000F0F1F818B12560DDF810900EE01CB159
:10A0B00008F1010000B92560DDF8109003980490C4
:10A0C0003E4600BF1BF8090000288ED100BF08F1F2
:10A0D000010050B9BAF1000F03D00D2E03D10A2FA1
:10A0E00001D1DDF8109048465CE7129800F00400BA
:10A0F00008B1404656E70CB100202060002051E72F
:10A1000098600408202C2E3B3A2D5F295D7D0000CD
:10A110002DE9F84F04460E4691461D460027BA46E3
:10A12000B84600202060606000BF1DB900BF00BFBE
:10A1300000BFFEE700BF00BFB9F1000F03D100BFB1
:10A1400000BF00BFFEE700BF00BF1EB900BF00BFD9
:10A1500000BFFEE700BF4846F6F7F4FA1FFA80F8A2
:10A16000287B00F0010010B16FF06040A8602AE089
:10A17000F01900234A46591E0095FFF765FE8244F8
:10A180006068404469680844B0F1004F03D300BFE1
:10A1900000BFBDE8F88F606840446060606869682F
:10A1A00008446060AAEB0701F0192B464A4600F00C
:10A1B00026F883462168594501DA584600E02068B0
:10A1C0002060574600BFF05D0028D1D167B1781EEE
:10A1D000305C0A2803D0781E305C0D2804D16068FA
:10A1E0006968414408446060606810B9C4F804803C
:10A1F00003E060686968401A606000BFC9E72DE944
:10A20000FF470546884691461E461DB9002004B00A
:10A21000BDE8F087B9F1000F01D10020F7E72878F9
:10A2200008B90020F3E70020039000240290B8F161
:10A23000000F26D01BE003AB6A4601A92846FFF7B2
:10A24000E7FD307B00F0080028B102A8019900F07A
:10A2500067F800B10BE04846DDE90021F6F75DFA4A
:10A260000746002F02DD3C443068044400BF0398D9
:10A27000285C10B103984045DDD3002C01DD306827
:10A28000241A2046C3E7014609B900207047B1F5FA
:10A290009C4F04D3B1F5204F01D20120F6E7B1F570
:10A2A0007F4F05D94FF65E70814201D80120EDE75E
:10A2B000B1F5405F04D3B1F5415F01D20120E5E77C
:10A2C000B1F53A5F04D3B1F53C5F01D20120DDE77F
:10A2D000B1F5475F05D343F2EF10814201D8012069
:10A2E000D4E7B1F5415F04D3B1F5445F01D2012059
:10A2F000CCE74FF61060814205D34FF61F608142D4
:10A3000001D80120C2E74FF63060814205D34FF6F5
:10A310004F60814201D80120B8E70020B6E7000075
:10A32000024600200EA31B788B4210D113781BB974
:10A330000123137001200AE0137813B9002313706E
:10A3400005E01378022B02D100231370012013784B
:10A35000012B04D1202901D1022313700120704761
:10A36000230000000146202901D20120704740F25D
:10A370001C60814201D10120F8E741F25F10814267
:10A3800001D10120F2E7B1F58B5F01D10120EDE7AA
:10A3900041F60B00814204D3C01C814201D8012048
:10A3A000E4E742F20B00814204D3001D814201D850
:10A3B0000120DBE742F22800814204D3C01D814224
:10A3C00001D80120D2E742F25F00814205D342F278
:10A3D0006F00814201D80120C8E74FF6FF6081423B
:10A3E00001D10120C2E74FF6FF00814201D10120D7
:10A3F000BCE70020BAE70146202901D201207047BE
:10A4000040F21C60814201D10120F8E741F25F1067
:10A41000814201D10120F2E7B1F58B5F01D101202A
:10A42000EDE741F60B00814204D3C01C814201D804
:10A430000120E4E742F20B00814204D3001D814277
:10A4400001D80120DBE742F22800814204D3C01D7D
:10A45000814201D80120D2E742F25F00814205D358
:10A4600042F26F00814201D80120C8E74FF6FF6039
:10A47000814201D10120C2E74FF6FF00814201D1A4
:10A480000120BCE70020BAE708B50146802901D2C7
:10A49000084608BDB1F5006F11D2C1F3841040F039
:10A4A000C0008DF8000001F03F0040F080008DF802
:10A4B000010000208DF802008DF8030036E0B1F5B0
:10A4C000803F15D2C1F3033040F0E0008DF800006A
:10A4D000C1F3851040F080008DF8010001F03F00CD
:10A4E00040F080008DF8020000208DF803001DE090
:10A4F000B1F5881F18D2C1F3824040F0F0008DF80A
:10A500000000C1F3053040F080008DF80100C1F378
:10A51000851040F080008DF8020001F03F0040F00F
:10A5200080008DF8030001E00020B2E76A46106861
:10A53000AFE731B582B0029800F08000E8B10422A4
:10A5400002A901A8F8F776FF9DF8040000069DF81F
:10A55000051000EB01409DF8061000EB01209DF86E
:10A5600007104418002504E0E0B200B9240A681C72
:10A57000C5B2042DF8DB029400BF02983EBD000076
:10A580002DE9F04105460E46002400270CE028196D
:10A590000949096888478046B8F1000F01D0404654
:10A5A00000E0012004447F1CB74202D2285D00284D
:10A5B000EDD12046BDE8F0818C600408F8B5064670
:10A5C0000C4600200090002505E069463046044A0C
:10A5D000126890476D1C0098A042F6D32846F8BD3B
:10A5E0009860040838B5044600250020009005E076
:10A5F00069462046044A126890476D1C0098205C0A
:10A600000028F5D1284638BD9860040808B50246F0
:10A6100000230020009001B9694612B10868105C5F
:10A6200008B9184608BD0868105C00F0800028B919
:10A630000868135C0868401C08608FE00868105CBC
:10A6400000F0E000C02817D10868105CC006430D78
:10A650000868401C08600868105C00F0C000802892
:10A6600001D00020DEE70868105C00F03F000344E2
:10A670000868401C086071E00868105C00F0F00099
:10A68000E02828D10868105C0007030C0868401C0B
:10A6900008600868105C00F0C000802801D000202D
:10A6A000C0E70868105C00F03F0003EB8013086807
:10A6B000401C08600868105C00F0C000802801D0D1
:10A6C0000020AFE70868105C00F03F000344086812
:10A6D000401C086042E00868105C00F0F800F028B8
:10A6E00039D10868105C4007C30A0868401C08603C
:10A6F0000868105C00F0C000802801D0002091E7BD
:10A700000868105C00F03F0003EB00330868401C51
:10A7100008600868105C00F0C000802801D00020AC
:10A7200080E70868105C00F03F0003EB80130868C6
:10A73000401C08600868105C00F0C000802801D050
:10A7400000206FE70868105C00F03F0003440868D1
:10A75000401C086002E00868401C0860184661E779
:10A760002DE9F84306460C4600272068401E20606D
:10A7700000BF042F02DB0020BDE8F88321688819A0
:10A780000D490968884705463DB9206818B1206819
:10A79000401E206001E00020EEE7781CC7B2002DCB
:10A7A000E7D02068009069463046044A1268904716
:10A7B00080464046E0E700008C600408986004088A
:10A7C0000146087800F0800008B901207047087839
:10A7D00000F0E000C02801D10220F7E7087800F07F
:10A7E000F000E02801D10320F0E7087800F0F8003D
:10A7F000F02801D10420E9E70020E7E770B504461E
:10A80000204600F0C9F8054605B970BD2046FDF7A1
:10A8100045F921462846DEF753F800BFF5E700006A
:10A8200000B500F0ADF808B9002000BD0148D0F82F
:10A83000C801FAE7B80B01202DE9FF4F83B00746A6
:10A840009846109E00F09CF880B94FF4F470F8F729
:10A850008DFD4849C1F8C80100BF0846D0F8C801BD
:10A8600018B900BF00BF00BFFEE700BF4148D0F8E5
:10A87000C84117B9EEF72AF900E03846029002986D
:10A88000EEF72AF981460298EEF74FF983460298CF
:10A89000EEF7E3F98246D34501DD584600E0504625
:10A8A00001900198B0F5A07F01DC032506E0019836
:10A8B000B0F5347F01DA022500E0012594F83C0070
:10A8C00008B3E06A48451ED194F82800A8421AD17E
:10A8D00004992069EDF761FCA8B1B4F81300ADF854
:10A8E0000000607D8DF8020005990098EDF755FC99
:10A8F00048B1606A404506D1A069B04203D1204604
:10A9000007B0BDE8F08F84F82850C4F82C90029866
:10A91000E060BDF8100020829DF81200A074BDF820
:10A920001400A4F813009DF816006075A661E66196
:10A93000266211482060C4F8248020460EF0ACF84E
:10A9400027B13846EEF780F9A04202D10020FDF78A
:10A95000AFF8012084F83C00224608490298EEF73F
:10A9600081FA2346362205490298EDF781FF2046F9
:10A97000C6E70000B80B0120099D03088305030802
:10A980000448D0F8C81109B90020704791F83C007C
:10A99000FBE70000B80B012070B504461CB120464F
:10A9A000FAF774F801E0EEF791F805462846EEF75D
:10A9B0004BF970BD0246501A704770B5044600F05E
:10A9C00005F805462146FFF7F5FF70BD70B5074C49
:10A9D000A06810B1A068804770BD00BF0120207141
:10A9E000256820790028F9D02846F5E7740C012065
:10A9F0000149C1F8C4007047B80B012010B51C21F3
:10AA00000348F8F76CFB012000F044F810BD00008B
:10AA1000300C01202DE9F04105460E461746002472
:10AA20001248F8F764FB044600BF1CB900BF00BF22
:10AA300000BFFEE700BF14B90020BDE8F08126602A
:10AA4000A5604FF0FF30206100206061FFF7BEFF7E
:10AA50006060E7600120A06101210448783880F837
:10AA6000871000F0F9F82046E7E70000300C0120DD
:10AA700010B5044621460648F8F7F4FB01210448C6
:10AA8000783880F886102046F5F77AFE10BD000071
:10AA9000300C012010B50446034880F884400CB106
:10AAA00000F0DAF810BD0000B80B012070B50446C4
:10AAB000606908B1002070BD0025204600F006F94D
:10AAC00088B926692069002802DD2069401E2061BE
:10AAD000FFF77CFF6060A06818B116B12046A1683E
:10AAE0008847012500BF094890F8860060B92069B1
:10AAF00050B9207E00F0010018B12046FFF7B8FFE2
:10AB000002E0204600F0BAF82846D4E7B80B01204E
:10AB100010B504461CB90448F8F7B6FA10BD214632
:10AB20000148F8F7C9FAF9E7300C012001464869F5
:10AB300008B1012070470020FCE700002DE9F05F1C
:10AB4000444C207D10B10120BDE8F09F012020750C
:10AB5000207B18B9002020750120F5E7F8F7CAFB23
:10AB6000FFF734FF8146B9F1000F14D13948783826
:10AB7000D0F89C00401C37497839C1F89C00084641
:10AB8000D0F89C00642806D9002132487838C0F8F3
:10AB90009C1000BF00BFDFF8BCA000BF0020A07366
:10ABA000E0735046F8F770FA06460EE0314650461C
:10ABB000F8F782FA05463046FFF778FF20B1E07BD0
:10ABC00008B9A07B00B102E02E46002EEED100BFF6
:10ABD000002EE3D1771E5046F8F756FA05460EE0F0
:10ABE000686938B9284600F071F88346BB4500D241
:10ABF0005F4600BF29465046F8F75EFA0546002D2D
:10AC0000EED14846FFF7D9FEE1690844E061206AC9
:10AC1000FFF7D3FE8046B8F5FA7F13D36421E069CD
:10AC20004843B0FBF8F06073607B642801DD0020CE
:10AC300002E0607BC0F1640060730020E061FFF718
:10AC4000C5FE206227610020207500F0D7F9384644
:10AC50007AE70000300C012010B500210648C0F84A
:10AC60008810D0F8A00028B1034AD2F8A400D2F886
:10AC7000A010884710BD0000B80B012000BF18B914
:10AC800000BF00BF00BFFEE700BF01214161704768
:10AC900010B5044600BF1CB900BF00BF00BFFEE7EF
:10ACA00000BFFFF793FE2168401A401E606010BD90
:10ACB00010B5044600BF1CB900BF00BF00BFFEE7CF
:10ACC00000BF00206061FFF7C7FF10BD70B50446EC
:10ACD0006068FFF772FE05462068A84201D8002090
:10ACE00070BD2068401BFBE72DE9F04707460C4686
:10ACF000164600F0BFF88046A6EB08000421DBF7FB
:10AD000095F90546E11704EB91718910A4EB8101D7
:10AD100021B100BF00BF0020BDE8F0870C2D02D399
:10AD2000B5F5004F03D900BF00BF0020F4E76FF076
:10AD30000301204600F02FFB814629464846E1F7F3
:10AD4000D5FA4846E1F7C3FA4846E1F7CAFA494658
:10AD50003846E1F7A1F94846E1F7C4F982460021F7
:10AD60005046E1F7C3FA5046E1F7C6FA5046E1F71C
:10AD7000B3FA2046D0E770B50446002544B120461A
:10AD8000E1F786F906463046E1F7BBFA054600BF13
:10AD9000284670BD10B50446E11704EB9171891087
:10ADA000A4EB810119B100BF00BF002010BD2046F7
:10ADB000E2F74EFC2046F9E72DE9F04104460D4646
:10ADC0002046FFF7E7FF064600F0C6F82F1A00F00E
:10ADD000C3F800EB04083A4641463046FFF784FFCB
:10ADE0003046BDE8F0812DE9F04106460C460027CB
:10ADF0000CB3B0462046E1F74BF9054600BF2846A4
:10AE0000E1F75CF918B100BF00BF00BFFEE700BF6B
:10AE10006F682846E1F799F929464046E1F7D6F9E7
:10AE2000054629464046E1F7AAF905462946404627
:10AE3000E1F732F900BF3846BDE8F08100B50146C0
:10AE400000F08AF8084400BD2DE9F04104460D46A3
:10AE5000264604212846D9F735FE074639463046AE
:10AE6000E1F749F980463A4641463046E1F7F2F9C2
:10AE7000BDE8F081082070472DE9FE4F80460D4661
:10AE80001446C2464FF000092DB124B92946404668
:10AE9000FFF7A9FF5EE02DB921464046FFF7D4FF3A
:10AEA000814657E02846E1F7F3F802900298E1F76F
:10AEB000B5F901900298E1F724FA06460198E1F706
:10AEC00020FA3044001D009004212046D9F7FAFDF5
:10AED0000746B44203D917B90020BDE8FE8F00BF72
:10AEE0000298E1F7EBF818B100BF00BF00BFFEE722
:10AEF00000BFB7421ED90198E1F7E0F810B1009801
:10AF0000874217D921464046FFF79EFF8146B9F197
:10AF1000000F1ED0A64201D2304600E020468346F4
:10AF20005A4629464846F8F785FA29464046FFF72B
:10AF30005AFF0EE0B74206D950460299E1F71FF9D1
:10AF40000298E1F70FF93A4650460299E1F752FAB2
:10AF5000A94600BF4846C0E74FF49760704700B568
:10AF6000034603F15A0000B200F002F800BD0000F1
:10AF70000146002202E001F5B47001B20029FADBBB
:10AF800002E0A1F5B47001B2B1F5B47FF9DA5A2943
:10AF900003DA184830F811201EE05A2908DBB429DA
:10AFA00006DAC1F1B40001B2124830F8112013E002
:10AFB000B4290ADBB1F5877F07DAA1F1B40001B249
:10AFC0000C4830F81100424206E0C1F5B47001B2FD
:10AFD000084830F81100424247F6FF70824201D122
:10AFE000401C70470448824201D1401EF9E71046D8
:10AFF000F7E70000F05B04080180FFFF70472DE9D0
:10B00000F04781460E4614461F46DDF820A035461F
:10B010001BE0600800FB075529464846D047B0F1C1
:10B02000000809DD04F0010080F00100C0EB5404C9
:10B03000E8190546064608E0B8F1000F02DA640890
:10B04000354602E02846BDE8F087002CE1D100201B
:10B05000F9E7D6F765F9D8F7D3F9D7F789FED7F727
:10B0600047FED7F771FFD7F74BFF00F0D9F9D7F7B5
:10B0700063FE00F0EBF900BFFEE72DE9F041044666
:10B080000F469046802C06D200252046E11704EB9F
:10B0900091718E1009E020460EF0C1FE0546681F32
:10B0A00024FA00F080F02006AD1F3D60C8F8006073
:10B0B000BDE8F0812DE9F04104460D461646802C8E
:10B0C00009D320460EF0ABFE401F012101FA00F02B
:10B0D000471E3C4400BF324629462046FFF7CDFFBD
:10B0E000BDE8F0810246FD2901DB104670470229C8
:10B0F00001DC0020FAE702FB01F000EBC01303EBD8
:10B10000C030C0F3C750F1E737B5034601B93EBDC3
:10B1100008461D682D1D2844024602AC25681560AE
:10B1200000BFF4E737B5034601B93EBD08461D68C8
:10B130002844024602AC2568156000BFF5E77FB5DC
:10B1400084B006460D461446206950B12069806CD3
:10B1500003905DB129463046039AFDF7C1F803908C
:10B1600004E029463046FAF73FFD03909DF80C2095
:10B170009DF80D109DF80E00EDF7DFF802909DF898
:10B180000F200799EDF7E9F80190BDF80410084683
:10B190009DF8061040EA014008B070BD2DE9F84F57
:10B1A0000446608DC0F3003008B1BDE8F88F608DB3
:10B1B00020F4805000F5805060850022292120462F
:10B1C000FCF768FE8046B8F1000F04D1608D20F4D2
:10B1D00080506085E9E7A06820B1A16801F108000E
:10B1E000F4F735FF00212046F9F7A0FB814607E080
:10B1F0004846FFF7D3FF00212046F9F797FB814629
:10B20000B9F1000FF4D12046F9F77EFC8246002008
:10B21000F6F770FC054636E02846F6F7B4FC06461D
:10B22000012E01D0032E1DD1D5F8D000A04207D0A9
:10B23000D5F8D400A04203D0D5F8D800A04203D15D
:10B240002146284600F098F8D5F8DC00A04202D14B
:10B250000021C5F8DC10D5F8E000A04202D10021A1
:10B26000C5F8E010D5F82001504507D1F6F734FCB9
:10B27000A04203D12146284600F07EF82846F6F782
:10B2800039FC054600BF002DC6D10120009004E026
:10B2900021463848EBF710FE009000980128F7D0BF
:10B2A0002046F8F78AFF606880BB2046F9F7EEFB7E
:10B2B0000646002707E0D6F8BC0250F82700A04257
:10B2C00000D104E07F1CD6F8D802B842F3D800BF02
:10B2D000BB465F4607E0781CD6F8BC1251F8200048
:10B2E00041F827007F1CD6F8D802401EB842F2D899
:10B2F00006F52F76F069401EF061F2699100306822
:10B30000FDF7F2FD3060A6F52F762DE0FFE7204631
:10B31000F9F717FC0746BEB20CE060688068016868
:10B32000701C51F8200061688968096841F826009E
:10B33000701C86B260688068008E401EB042ECDCF3
:10B3400060688068008E401E61688968088662684F
:10B350009268128E9100626892681068FDF7C4FDD1
:10B3600061688968086000BF2046F5F709FA00BFE8
:10B370001BE70000A141020870B504460D462046B7
:10B38000F6F7FBFB10B12046F6F75CFF2946204696
:10B39000F6F776FC70BD02465018704770B505464A
:10B3A0000C46E1B200222846FCF789FE70BD70B55C
:10B3B0000546D8F793FE10B16FF0050404E00024B1
:10B3C00015B1284610F048FF204670BD10B512F0A8
:10B3D000C9F928B1012806D0022803D102240AE0C5
:10B3E000032408E000BF05480068012801D10124BA
:10B3F00000E0002400BF00BF204610BD6400002014
:10B4000010B5D8F76BFE18B112F0C2F9044602E08D
:10B4100012F0B8F90446204610BD4FF47A70704718
:10B4200010B5D8F75BFE10B16FF0050409E00648CF
:10B43000006820B9012004490860002401E04FF0B1
:10B44000FF34204610BD00006400002070B5D8F71E
:10B4500045FE10B16FF005041FE011480068012897
:10B4600019D100BF801F0021002804DB0A07130E3A
:10B470000C4A135406E00A07150E0B4A00F00F039E
:10B480001B1FD55400BF00BF02200549086011F002
:10B490002BF8002401E04FF0FF34204670BD00007F
:10B4A0006400002000E400E018ED00E070B50546FF
:10B4B0002E46D8F713FE10B16FF005040AE016B956
:10B4C0006FF0030406E0304610F088FE002430469A
:10B4D00010F06AFE204670BD2DE9F84307460D4680
:10B4E00091461C463E464FF00008D8F7F7FDE0B104
:10B4F0000EB105B114B16FF0030828E000200090F0
:10B500006A462946304611F0A1FD012802D06FF0AD
:10B5100002081CE00098D0B14FF080500D4908603F
:10B52000BFF34F8FBFF36F8F11E006B115B96FF006
:10B5300003080CE022462946304611F0D3FC0128CE
:10B5400005D014B16FF0010801E06FF00208404629
:10B55000BDE8F88304ED00E02DE9F84305460E460A
:10B5600014464FF00009D8F7B9FD00283ED1002D50
:10B570003CD0002E3AD0471EBCB1A06858B1E0685C
:10B58000502808D3206930B105FB06F0616981427B
:10B5900001D301270AE0A06840B9E06830B920690A
:10B5A00020B9606910B9002700E00027012F09D1F8
:10B5B0000020009031462846A368226911F0EFF977
:10B5C000814606E02FB900223146284611F0BAF92B
:10B5D0008146B9F1000F09D014B1D4F8008001E020
:10B5E0004FF000084146484610F0C8FD4846BDE807
:10B5F000F88300002DE9F84307460D4691461C46A6
:10B600003E464FF00008D8F769FDE8B10EB105B12C
:10B6100014B16FF003082AE00020009000236A466E
:10B620002946304611F04CFB012802D06FF0020889
:10B630001DE00098D8B14FF080500E490860BFF36C
:10B640004F8FBFF36F8F12E006B115B96FF003088B
:10B650000DE0002322462946304611F05DFA01280C
:10B6600005D014B16FF0010801E06FF00208404608
:10B67000BDE8F88304ED00E02DE9F04104460D46F5
:10B6800024F0010604F001080027D8F727FD08B1CF
:10B69000BF1F1FE016B96FF003071BE0B8F1000FE2
:10B6A0000CD02946304611F013FE012812D015B1F6
:10B6B0006FF001070EE06FF002070BE029463046FD
:10B6C00011F02AFD012805D015B16FF0010701E046
:10B6D0006FF002073846BDE8F0812DE9F0470446D7
:10B6E0000026D8F7FBFC00284DD10CB1676800E0BC
:10B6F000002707F0010008B1012500E0002507F050
:10B70000080008283FD04FF0FF3874B1A06828B176
:10B71000E068502802D34FF0010808E0A06830B973
:10B72000E06820B94FF0000801E04FF00008B8F1E0
:10B73000010F0CD12DB10420A16811F0EEF80646DE
:10B7400012E00120A16811F0E8F806460CE0B8F11B
:10B75000000F09D125B1042011F0CEF8064603E010
:10B76000012011F0C9F806464EB114B1D4F800908A
:10B7700001E04FF000094946304610F0FFFC16B1D9
:10B780000DB146F001063046BDE8F0872DE9F041E5
:10B79000044624F0010504F001070026D8F79EFCBA
:10B7A00008B1B61F16E015B96FF0030612E03FB1FD
:10B7B000284611F073FB01280CD06FF0020609E057
:10B7C00000231A461946284611F0A6F9012801D08F
:10B7D0006FF002063046BDE8F0810000F8B504467F
:10B7E0000D46264600270EB93F1F29E0D8F776FC04
:10B7F000D0B115B16FF0030722E0002000906A4637
:10B800000021304611F022FC012802D06FF002071F
:10B8100016E00098A0B14FF080500A490860BFF3CD
:10B820004F8FBFF36F8F0BE02946304611F074FC49
:10B83000012805D015B16FF0010701E06FF0020794
:10B840003846F8BD04ED00E070B505462E46D8F741
:10B8500045FC10B16FF005040AE016B96FF003045F
:10B8600006E0304610F0BAFC0024304610F09CFC94
:10B87000204670BD2DE9F84305460F4614464FF0AB
:10B880000008D8F72BFC002857D1002D55D0AF4227
:10B8900053D8461E64B1A06820B1E068502801D397
:10B8A000012606E0A06820B9E06810B9002600E093
:10B8B0000026701C002840D0012D23D1012E09D173
:10B8C00003200090002211460120A36811F067F8C0
:10B8D000804605E003220021012011F033F8804664
:10B8E000B8F1000F1CD0DFB100231A4619464046BC
:10B8F00011F012F9012813D0404610F055FC4FF01A
:10B9000000080DE0012E06D139462846A26810F045
:10B91000C1FF804604E03946284610F08DFF80467E
:10B92000B8F1000F09D014B1D4F8009001E04FF045
:10B9300000094946404610F021FC4046BDE8F88326
:10B94000F8B50446254600260DB9361F22E0D8F783
:10B95000C5FBA8B1002000906946284611F02EFAD8
:10B96000012802D06FF0020614E0009890B14FF069
:10B97000805009490860BFF34F8FBFF36F8F09E014
:10B9800000231A461946284611F0C6F8012801D0AE
:10B990006FF002063046F8BD04ED00E0002010F024
:10B9A00089FC00BFFEE7F8B50546D8F797FB10B154
:10B9B0006FF0050421E005F0004010B16FF00304C2
:10B9C0001BE011F0C9FE06466B46002211463046C8
:10B9D00011F07CFD01280ED1009C0098A843009036
:10B9E000002303223046009911F070FD012804D095
:10B9F0004FF0FF3401E04FF0FF342046F8BD000067
:10BA0000FEB504460D46264616B105F0004018B1B5
:10BA10006FF0030002902EE04FF0FF300290D8F755
:10BA20005DFBE0B10020019001A80023012229461E
:10BA30000090304611F0DEFD002002AB02460146C8
:10BA40000090304611F0D6FD0198A0B14FF0805023
:10BA50000A490860BFF34F8FBFF36F8F0BE00023DD
:10BA600001222946304611F031FD02AB0022114679
:10BA7000304611F02BFD0298FEBD000004ED00E001
:10BA80002DE9FC5F054689461646D8F727FB10B11D
:10BA90006FF005044AE005F0004010B16FF00304B8
:10BAA00044E009F00200022802D14FF0000A00E051
:10BAB000AA460024374611F065FE009000BF3B46C1
:10BAC00001AA5146002011F00FFF8046B8F1010F86
:10BAD00022D12C400198044309F0010040B105EA4D
:10BAE0000400A84200D120E056B96FF002041CE027
:10BAF00005EA040000B118E016B96FF0020414E082
:10BB000011F040FE0099A0EB010BBB4501D90027C5
:10BB100008E0A7EB0B0705E016B96FF0020401E09F
:10BB20006FF00104B8F1000FC9D100BF2046BDE895
:10BB3000FC9F2DE9FF47804689461446002003906C
:10BB4000D8F7CCFA00284ED1B8F1000F4BD08026A0
:10BB500018258246471E44B3206808B1D4F800A0D7
:10BB6000A06900B1A5692DB1382D03D8207900F066
:10BB7000010018B1002004B0BDE8F087606908B189
:10BB800060698608A06840B1E0685C2805D3206938
:10BB900018B1606908B1012708E0A06830B9E06811
:10BBA00020B9206910B9002700E00027012F0CD12F
:10BBB0002169A0684B463246CDE9005102905146BA
:10BBC000404611F025FC03900DE067B903A8B2B21E
:10BBD0004B465146CDE90050404611F0E7FB0128A5
:10BBE00001D0002003900398C5E72DE9F0410646F7
:10BBF0003746D8F773FA10B16FF0050410E017B9A3
:10BC00006FF003040CE03846E3F7B8F80546042D5E
:10BC100004D00024384610F04DFB01E06FF0020420
:10BC20002046BDE8F081022A02D0032A1AD10DE095
:10BC3000436B002B01DC4B6B43634B6C43640B6C1D
:10BC400003640B6903618B6B83630CE0436B002B14
:10BC500001DC4B6B43634B6C43640B6C03640B69FB
:10BC6000036100E000BF00BF70470000014611B94A
:10BC70000948006800E00846024652B900BF50205B
:10BC800080F31188BFF34F8FBFF36F8F00BF00BFEA
:10BC9000FEE702F1340070471400002070B504463E
:10BCA00000250CB9042070BD204600F0E9F80546D7
:10BCB0000DB12846F7E700202075012060750020AF
:10BCC000F1E7000010B504460CB9032010BD034A8B
:10BCD00003A12046E7F75AF8F8E7000074010020B6
:10BCE0006C63645F6261636B6C696768745F6770E3
:10BCF000696F000010B504460CB9032010BD034A5B
:10BD000003A12046E7F742F8F8E700005C010020B5
:10BD10006C63645F63735F6770696F0010B504469E
:10BD20000CB9032010BD034A03A12046E7F72EF803
:10BD3000F8E70000640100206C63645F64635F6780
:10BD400070696F0010B504460CB9032010BD034A9A
:10BD500003A12046E7F71AF8F8E700006C0100207D
:10BD60006C63645F72657365745F6770696F000010
:10BD700010B504460CB9032010BD034A03A12046A8
:10BD8000E7F704F8F8E700004C010020736F6674D1
:10BD90005F6932635F73636C5F6770696F00000097
:10BDA00010B504460CB9032010BD034A03A1204678
:10BDB000E6F7ECFFF8E7000054010020736F6674AB
:10BDC0005F6932635F7364615F6770696F00000071
:10BDD00010B504460CB9032010BD034A03A1204648
:10BDE000E6F7D4FFF8E700003C01002073746174AB
:10BDF00075735F6C65645F6770696F0010B50446AA
:10BE00000CB9032010BD034A03A12046E6F7BEFF8C
:10BE1000F8E7000034010020746F7563685F727387
:10BE2000745F6770696F000010B504460CB9032099
:10BE300010BD034A03A12046E6F7A8FFF8E700007B
:10BE400024010020746F7563685F73636C5F6770B3
:10BE5000696F000010B504460CB9032010BD034AF9
:10BE600003A12046E6F792FFF8E700002C0100202E
:10BE7000746F7563685F7364615F6770696F0000FA
:10BE800010B504460CB9032010BD034A03A1204697
:10BE9000E6F77CFFF8E70000440100207573657247
:10BEA0005F6B65795F6770696F00000010B50446CD
:10BEB0000CB9032010BD002020752046FFF788FF35
:10BEC000F8E7000010B504460CB9032010BD0022AD
:10BED00002A12046E6F774FFF8E70000646973707A
:10BEE0006C61795F7370695F6275730030B5E1B042
:10BEF00005464FF4C2716846D4F747FA002415B9D5
:10BF0000032061B030BDF020ADF878004FF48C70A4
:10BF1000ADF87A000020ADF87C001420ADF87E006A
:10BF200000208DF8800003208DF86C0000218DF832
:10BF30006D1008218DF86E1016491C9100208DF8A7
:10BF400074008DF8750001208DF8760007A8FFF7C2
:10BF5000D1FE04460CB12046D3E70CA8FFF7DEFE65
:10BF600004460CB12046CCE711A8FFF7EBFE0446CF
:10BF70000CB12046C5E716A8FFF7A4FE04460CB195
:10BF80002046BEE74FF4C27269462846D4F7E4F96A
:10BF90000020B6E720BCBE007CB505460C4605B1C6
:10BFA0000CB903207CBD002000902346024603A16B
:10BFB00001902846E6F722FFF4E70000636F6D6DFD
:10BFC000756E69636174696F6E5F7561727400008C
:10BFD00070B50546284600F06AF804460CB12046C4
:10BFE00070BD284600F095FA04460CB12046F7E7EC
:10BFF0000020A87500BFF3E738B5044600250020EF
:10C0000000900CB9042038BDA07D08B10D20FAE7DE
:10C01000207D00F044F805460DB12846F3E7607D29
:10C0200000F04FF805460DB12846ECE7607D8DF82D
:10C0300001006946204600F044FA05460DB1284645
:10C04000E1E70120A0750020DDE7F8B506460D46C2
:10C05000304600F02CF80446002000900CB1204639
:10C06000F8BD0DB90420FBE76946304600F08DFAB3
:10C0700004460CB12046F3E79DF8000000F00FF8ED
:10C0800004460CB12046EBE7307D9DF80010884255
:10C0900001D1012000E0002028700020E0E70146E7
:10C0A00019B1012901D0032070470020FCE70146A7
:10C0B00009B904207047887D08B90C20FAE70020F0
:10C0C000F8E70146032901DB032070470020FCE765
:10C0D0002DE9FF4104460E4617462CA00068039048
:10C0E0002BA0006802900020019000900CB106B1D6
:10C0F0001FB9042004B0BDE8F081A07A012801D165
:10C100000D20F7E7307B012802D1387C012801D0CF
:10C110000C20EFE73846E1F7CDFA054635B90123A3
:10C1200001AAA7213046E1F7B6FA05460DB1284627
:10C13000E0E79DF80400B52801D00E20DAE70123DE
:10C140006A46A9213046E1F7A6FA054635B9022329
:10C1500003AA1521304600F052FE054635B90223E8
:10C1600002AA1521304600F04AFE05460DB12846C8
:10C17000C0E7266067609DF8040020729DF800000B
:10C1800060720120A0720020B4E70000FA60000095
:10C19000FE0100007FB504460D460020029003908A
:10C1A0000090019004B115B9042004B070BDA07ACC
:10C1B000012801D00C20F8E7206818B12068007B26
:10C1C000012801D00520F0E7072302AA00212068FA
:10C1D000E1F761FA06460EB13046E6E79DF80A003F
:10C1E000012801D90520E0E79DF80A00012815D1B2
:10C1F0008DF800009DF80C009DF80B1001F00F0168
:10C2000040EA0120ADF802009DF80E009DF80D10E7
:10C2100001F00F0140EA0120ADF804000098286009
:10C22000BDF80400A8800020BFE7000070B50446F8
:10C230000025002604B970BDE6F784FD0C480068AF
:10C240000C49B0FBF1F505B9F5E76FF00040B0FB24
:10C25000F5F604E06FF00040E6F78CFDA41BB44255
:10C26000F8D804FB05F0E6F785FD00BFE3E7000022
:10C270001000002040420F002DE9F0470446884698
:10C2800015461E46DDF82090002714B90320BDE8AE
:10C29000F0870C2D01DB0320F9E700231A46414605
:10C2A000204601F065F907460FB13846EFE72576DD
:10C2B000E661002084F82000C4F8249000BFE6E77F
:10C2C00070B504460D460CB9032070BD0021204610
:10C2D00001F064F9012801D00320F6E7052D01DB08
:10C2E0000320F2E784F820500020EEE730B5024644
:10C2F0000B46FF200021002400BF11E0555C684080
:10C3000000240AE000F0800525B1312585EA4005CA
:10C31000E8B201E04506280E641C082CF2D3491C43
:10C320009942EBD330BD014609B904207047087922
:10C3300008B90C20FAE700200860087100BFF5E793
:10C34000024602B109B904207047107908B10D20E6
:10C35000FAE7087B08B90C20F6E71160012010719C
:10C360000020F1E770B588B005460E460020069023
:10C370000790142101A8D4F708F8284600F090F897
:10C38000044614B1204608B070BD0EB90420FAE787
:10C3900003233E4A3821286800F031FD04460CB1E1
:10C3A0002046F0E7502001F0B3FE04460CB12046D1
:10C3B000E9E7072306AA3821286800F039FB04467C
:10C3C0000CB12046DFE79DF8180000F0800008B1AE
:10C3D0000820D8E7062106A8FFF788FF9DF81E1061
:10C3E000884201D01120CEE79DF8180000F010001F
:10C3F00008B91120C7E79DF8180000F0080008B937
:10C400000520C0E79DF818008DF804009DF819007C
:10C4100000039DF81A1040EA01109DF81B1040EA35
:10C42000111002909DF81B000007000B9DF81C10D6
:10C4300040EA01209DF81D10084303909DED020A7B
:10C44000B8EE400ADFED120A20EE200ADFED110AF5
:10C4500080EE201A8DED041A9DED030AB8EE400A15
:10C46000DFED0D0A20EE200A9FED0A1AC0EE010A48
:10C470009FED0A0A30EEC00A8DED050A142201A9CB
:10C480003046D3F769FF00207DE70000F8E303089A
:10C490000000C842000080490000484300004842B4
:10C4A000014609B904207047087908B90C20FAE759
:10C4B000086810B10868007B08B90520F3E7002080
:10C4C000F1E770B504460D4600260CB9042070BD96
:10C4D000207C08B90C20FAE7284600F074F80646DC
:10C4E0000EB13046F3E7A06810B1A068006808B943
:10C4F0000B20ECE7A06829460268204690470646D4
:10C500000EB13046E3E728686060012060740020C7
:10C51000DDE770B5044600250CB9042070BD207C11
:10C5200008B90C20FAE7607C08B90520F6E7A06896
:10C5300010B1A068C06808B90B20EFE7A068C16817
:10C540002046884705460DB12846E7E7002060747D
:10C5500000BFE3E702460AB90420704709B9042086
:10C56000FBE7107C08B10D20F7E7486808B9032005
:10C57000F3E708681060486890608868D060012020
:10C5800010740020507400BFE7E770B504460D46F4
:10C590000CB9042070BD207C08B90C20FAE7607C3F
:10C5A00008B90520F6E70DB90420F3E7A06810B13B
:10C5B000A068806808B90B20ECE7A068294682686B
:10C5C00020469047E6E7014609B9042070470878FD
:10C5D000002802DB0878022801DB0320F6E7487810
:10C5E000002802DB4878032801DB0320EEE7887887
:10C5F000002802DB8878022801DB0320E6E7C87800
:10C60000002802DBC878022801DB0320DEE70020D7
:10C61000DCE770B504460D460CB9042070BD207CE3
:10C6200008B90C20FAE7607C08B90520F6E7207904
:10C63000012801D00520F1E7002D01DB022D01DBEF
:10C640000320EBE7A06810B1A068406808B90B2090
:10C65000E4E7A0682946426820469047DEE70000EC
:10C660002DE9FE4381460C46154620892188401A53
:10C67000401C86B2A089A188401A401C87B206FBE4
:10C6800007F0CDE900750290A08882B2208881B2BF
:10C6900033460948006801F098FC8046B8F1000F65
:10C6A00005D00648006810B90448C0F80080484624
:10C6B000ECF7FCF9BDE8FE83E4000020EC0000206C
:10C6C00008B500200090684601F035FD10B9034917
:10C6D000009808600148006808BD0000F0000020D4
:10C6E0002DE9F84304460D4604B115B90420BDE810
:10C6F000F883214801F01FFD8046B8F1000F01D0FA
:10C700004046F4E71D4804601D48056000201D49AF
:10C7100008601D4908601D490860F5F79DFD1C482B
:10C72000FEF766F94FF48C71F020ECF7B7F8064687
:10C730000EB90620DBE712213046ECF756FC00204C
:10C740004FF416530246134900903046ECF7C2FBF3
:10C7500011493046ECF789FCF4F7CAFF07460FB9D8
:10C760000620C4E701213846F5F762FD0B4938463B
:10C77000F5F759FD0020BAE7F0000020E4000020A2
:10C78000E8000020EC000020F4000020F800002069
:10C79000C1C602087888002061C60208B9C702082D
:10C7A00010B5002003490860FEF7C8F90148006889
:10C7B00010BD0000EC000020164A12681278012A11
:10C7C0001DD1144A12685288F02A03D2114A126805
:10C7D000528800E0EF22104B1A600E4A12689288CD
:10C7E000B2F58C7F03D20B4A1268928801E040F2C6
:10C7F00017120A4B1A60012281F8202002E0002261
:10C8000081F82020044A12684A62044A13688B6245
:10C8100070470000E8000020F4000020F80000202D
:10C8200070B50546284600F04EF804460CB1204687
:10C8300070BD284600F03BFA044624B12146284644
:10C8400000F08FF8F4E70020F2E7F8B50646002084
:10C8500000900025304600F0DAF904460CB120467D
:10C86000F8BD002521E0304600F0ACF904460CB1DB
:10C870002046F5E70520FFF7D9FC304600F09CFA8A
:10C8800004460CB12046EBE70520FFF7CFFC6946D4
:10C89000304600F0B4F904460CB12046E0E79DF8BC
:10C8A0000000012800D102E06D1C092DDBD300BF80
:10C8B000304600F01DFA04460CB12046D0E7304661
:10C8C00000F001F8CCE738B5054600200090284676
:10C8D00000F072FA04460CB1204638BD694628467D
:10C8E00000F08DF904460CB12046F6E79DF80000F3
:10C8F000012801D00820F0E70020EEE700210160C8
:10C90000416081600173704770B50546284600F0AC
:10C9100015FA044600260CB1204670BD284600F0EA
:10C9200042F90646A868FFF7F4FD04460CB106B9C3
:10C9300026466868FFF7EDFD04460CB106B92646A9
:10C940002846FFF7DBFF3046E7E770B50546284687
:10C9500000F0CEF9044614B1284600F024F9204630
:10C9600070BD70B505460C462846FFF7EEFF204621
:10C9700070BD00002DE9FC410446884616461F465E
:10C980002A480068019000200090002514B9032077
:10C99000BDE8FC8106B10FB90320F9E7207B08B19F
:10C9A0000D20F5E7C4F800806660A76001A9304655
:10C9B000FFF787FD054625B12046FFF79FFF284674
:10C9C000E6E701A93846FFF77CFD05463DB1304654
:10C9D000FFF79FFD2046FFF791FF2846D8E7204646
:10C9E00000F015F905461DB9204600F0E5F90546A9
:10C9F00025B96946204600F002F9054635B99DF88B
:10CA0000000018B92046FFF720FF054655B138460B
:10CA1000FFF77FFD3046FFF77CFD2046FFF76EFFF6
:10CA20002846B5E7012020730020B1E7A0E2030803
:10CA30002DE9F04180460F4615461E46404600F05F
:10CA40007DF9044614B12046BDE8F081384600F077
:10CA50006EF904460CB12046F6E70DB90320F3E762
:10CA60000EB90320F0E74046FFF7DAFE04460CB1AA
:10CA70002046E9E701223946404600F0DAF804464C
:10CA80002CB932462946404600F06CF8044624B1E1
:10CA900021464046FFF765FFD6E74046FFF755FFC2
:10CAA000D2E770B505460E46284600F08BF80446DE
:10CAB0000CB1204670BD284600F0A9F804460CB120
:10CAC0002046F7E70520FFF7B1FB284600F074F990
:10CAD00004460CB12046EDE70520FFF7A7FB3146E1
:10CAE000284600F08CF804460CB12046E2E72846C0
:10CAF00000F068F804460CB12046DBE70520FFF79C
:10CB000095FB0020D6E72DE9F84381460E461746EF
:10CB10000024A046002500BF16E0002000906946D2
:10CB20004846FFF7BEFF054615B12846BDE8F88325
:10CB30006006040E9DF80000012801D144F00104B4
:10CB400008F1010000F0FF08B8F1080FE5D33946FD
:10CB5000484600F063F805460DB12846E6E7347014
:10CB60000020E3E72DE9F04780460E4615460024F5
:10CB7000002700BF13E04FF00109681E80B2A042F9
:10CB800001D14FF0000931194A464046FFF7BBFF7B
:10CB9000074617B13846BDE8F087601C84B2AC4246
:10CBA000E9DB0020F7E770B50646304600F004F9EF
:10CBB0000446304600F02BF805460CB905B12C466A
:10CBC000204670BD10B5044600216068FFF721FDC6
:10CBD00010BD70B504460D4629466068FFF7D5FCC8
:10CBE00070BD10B5044601216068FFF712FD10BD4D
:10CBF00010B504460021A068FFF70BFD10BD70B50D
:10CC000004460D462946A068FFF7BFFC70BD10B56D
:10CC100004460121A068FFF7FCFC10BD70B5054675
:10CC20000C46012604B100263146284600F020F9C2
:10CC300070BD2DE9F84380460C4615460020009053
:10CC40006006060E00270DB146F001066A46314621
:10CC5000404600F03DF9074617B13846BDE8F88375
:10CC60009DF8000008B90E20F8E70020F6E72DE94E
:10CC7000F84380460D461646002000900024002709
:10CC800000BF10E0295D6A46404600F021F90746E2
:10CC900017B13846BDE8F8839DF8000008B90F20A9
:10CCA000F8E7601C84B2B442ECDB0020F2E770B518
:10CCB00005462846FFF7ABFF04460CB1204670BD81
:10CCC000284600F079F804460CB12046F7E7052025
:10CCD000FFF7ACFA2846FFF78BFF04460CB120465D
:10CCE000EDE70520FFF7A2FA2846FFF76BFFE6E71E
:10CCF00070B505462846FFF77BFF04460CB1204679
:10CD000070BD284600F058F804460CB12046F7E7FD
:10CD10000520FFF78BFA2846FFF779FF04460CB190
:10CD20002046EDE70520FFF781FA0020E8E70146FD
:10CD30007F2901D9032070470020FCE7014609B98B
:10CD400003207047087B08B90C20FAE70020F8E7B9
:10CD5000F8B506460D46012000903046FFF757FF14
:10CD600004460CB12046F8BD0520FFF75FFA3046B7
:10CD700000F022F804460CB12046F4E70520FFF746
:10CD800055FA69463046FFF73AFF04460CB1204693
:10CD9000E9E73046FFF716FF04460CB12046E2E70C
:10CDA0000520FFF743FA9DF8000008B9012000E0D4
:10CDB000002028700020D6E7F8B506460020009035
:10CDC00000253046FFF70DFF04460CB12046F8BDA4
:10CDD00011E069463046FFF7FCFE04460CB12046E0
:10CDE000F5E79DF80000012801D10020EFE70120C0
:10CDF000FFF71CFA6D1C642DEBD30220E7E72DE949
:10CE0000F04180460F4615461E464046FFF796FF06
:10CE1000044614B12046BDE8F0813846FFF787FF8D
:10CE200004460CB12046F6E70DB90320F3E70EB92E
:10CE30000320F0E74046FFF7F3FC04460CB1204620
:10CE4000E9E7002239464046FFF7F3FE04462CB9D5
:10CE5000324629464046FFF70AFF044624B12146E0
:10CE60004046FFF77EFDD6E74046FFF76EFDD2E76E
:10CE700070B506460D463046FFF7A4FE04460CB1D9
:10CE8000204670BD25B93046FFF7B2FE044603E0E8
:10CE90003046FFF7BCFE04460CB12046F1E7052002
:10CEA000FFF7C4F93046FFF787FF04460CB1204670
:10CEB000E7E70520FFF7BAF93046FFF783FE04469F
:10CEC0000CB12046DDE70520FFF7B0F90020D8E7D8
:10CED0002DE9F04780460D4616468024002711E0D4
:10CEE0004FF0000905EA040008B14FF00109494676
:10CEF0004046FFF7BDFF074617B13846BDE8F0874B
:10CF0000641000BF002CEBD131464046FFF720FFF4
:10CF1000F4E72DE9F04782460F4615461E46DDE947
:10CF200008895046FFF70AFF044614B12046BDE8C1
:10CF3000F0873846FFF7FBFE04460CB12046F6E7C3
:10CF40000DB90320F3E70EB90320F0E7B8F1000FA5
:10CF500001D10320EBE7B9F1000F01D10320E6E78F
:10CF60005046FFF75DFC04460CB12046DFE7002287
:10CF700039465046FFF75DFE04462CB93246294635
:10CF80005046FFF774FE044624B121465046FFF791
:10CF9000E8FCCCE75046FFF78AFE044624B1214660
:10CFA0005046FFF7DEFCC2E7012239465046FFF744
:10CFB00040FE04462CB94A4641465046FFF7D2FD92
:10CFC000044624B121465046FFF7CBFCAFE750465C
:10CFD000FFF7BBFCABE770B50546284600F067F8E5
:10CFE00004460CB1204670BD2846FFF792FA04466D
:10CFF0000CB12046F7E70020687500BFF3E7014653
:10D0000009B9012070470020FCE738B50446002527
:10D010000CB9042038BD607D08B10D20FAE7207DF1
:10D0200000F03DF805460DB12846F3E701208DF8E4
:10D03000000000208DF801008DF80200207DFFF730
:10D04000DEFF8DF8030069462046FFF73AFA0546F1
:10D050000DB12846DEE7012060750020DAE770B5E3
:10D060000446204600F023F805460DB1284670BD61
:10D07000207DFFF7C4FF064631462046FFF7C9FA78
:10D08000F5E770B50446204600F011F805460DB1ED
:10D09000284670BD217D2046FFF7BBFAF9E701461F
:10D0A00019B1012901D0032070470020FCE7014697
:10D0B00009B904207047487D08B90C20FAE7002020
:10D0C000F8E7000010B504460448007808B90C20C1
:10D0D00010BD2046E2F786FC0020F9E77C01002025
:10D0E00001480068704700008001002010B500244E
:10D0F00026480078012801D1002010BD00221146E9
:10D100001020FEF7B7FB224908600846006808B9FE
:10D110000720F2E71F4A00211F48FEF70AFD1F49BA
:10D1200008600846006808B9072413E0E2F7B6F87B
:10D1300008B10F240EE01A48E1F7C4FEE5F758FDE8
:10D14000E2F7BCFC01201149087016481649086036
:10D150000020D2E71148006830B110480068FEF79F
:10D1600044FD00200D4908600948006830B10848B6
:10D170000068FEF769FB00200549086000200349AC
:10D1800008700A48084908602046B6E77C0100207C
:10D190008401002064E40308892B01088801002031
:10D1A000E12A0108F5F2000880010020512C010855
:10D1B00070B504460848007808B90C2070BD062CEC
:10D1C00001DB0320FAE72046E5F72CFD0546E2F7F0
:10D1D00025FB0020F2E700007C010020014609B990
:10D1E00004207047487908B90C20FAE7002008604D
:10D1F0000871487100BFF4E72DE9FF4105460E466E
:10D2000017467520039000200290002405B11EB936
:10D21000042004B0BDE8F081687908B10D20F8E77A
:10D22000384600F005F904460CB12046F1E7307BA2
:10D2300008B90C20EDE7012002A9034603AACDE9B5
:10D24000001039463046FFF764FE04460CB1204614
:10D25000DFE79DF80800682801D00E20D9E70123F8
:10D260006B223946304600F0FDF804460CB12046EA
:10D27000CFE703231A223946304600F0F3F804467C
:10D280000CB12046C5E7042319223946304600F088
:10D29000E9F804460CB12046BBE700231B223946BF
:10D2A000304600F0DFF804460CB12046B1E7002319
:10D2B0001C223946304600F0D5F804460CB1204611
:10D2C000A7E72E602F71012068710020A1E70246B8
:10D2D00041EA022000B2704770B590B004460D4696
:10D2E0003B200F9000200B900C900D900E9024216D
:10D2F00002A8D3F74AF8204600F0A3F8064616B174
:10D30000304610B070BD0DB90420FAE70E200BA90D
:10D31000CDE90010217901230FAA2068FFF7F9FD5C
:10D3200006460EB13046ECE79DF82D109DF82C0016
:10D33000FFF7CDFFADF808009DF82F109DF82E00E7
:10D34000FFF7C5FFADF80A009DF831109DF83000D9
:10D35000FFF7BDFFADF80C009DF835109DF83400C7
:10D36000FFF7B5FFADF80E009DF837109DF83600B9
:10D37000FFF7ADFFADF810009DF839109DF83800AB
:10D38000FFF7A5FFADF81200BDF9080000EE100A86
:10D39000B8EEC00ADFED240A80EE201A8DED051AE2
:10D3A000BDF90A0000EE100AB8EEC00ADFED1E0A51
:10D3B00080EE201A8DED061ABDF90C0000EE100A61
:10D3C000B8EEC00ADFED180A80EE201A8DED071ABC
:10D3D000BDF90E0000EE100AB8EEC00ADFED130A28
:10D3E00080EE201A8DED081ABDF9100000EE100A2B
:10D3F000B8EEC00ADFED0D0A80EE201A8DED091A95
:10D40000BDF9120000EE100AB8EEC00ADFED070AFF
:10D4100080EE201A8DED0A1A242202A92846D2F79E
:10D420009BFF00206DE700000000804600000343E2
:10D430000146682903D0692901D0032070470020E4
:10D44000FCE7014609B904207047487908B90C2067
:10D45000FAE7086810B10868007B08B90520F3E70F
:10D460000020F1E7F8B506460F4614461D468DF834
:10D4700000408DF8015002236A4639463046FFF7D6
:10D48000BEFCF8BD2DE9F04107460C4614B9042056
:10D49000BDE8F0813846E5F7F7FB08B90320F7E768
:10D4A0003846FEF780FA05462846E5F7F6FB0646BD
:10D4B00006B925603046EBE72DE9F04104460E46FB
:10D4C00014B90420BDE8F081206818B13046E5F7B2
:10D4D000DBFB08B90320F5E731462068FEF790FA38
:10D4E0000746E5F7DAFB0546072D01D10520E9E7F8
:10D4F0002846E7E770B504460D4629462046FFF763
:10D50000DBFF70BD2DE9F84F83460F4690461D4660
:10D51000DDF82890B9F1000F02D10420BDE8F88FA2
:10D520005846E5F7B1FB08B90320F7E70FB1012032
:10D5300000E000208246B8F1000F01D14AF0020A53
:10D540002846E5F7D3FB0246514600905846FEF7C1
:10D5500097FA06463046E5F7A0FB0446072C02D1B1
:10D560000DB90A20DAE70CB9C9F800602046D5E702
:10D5700010B5044614B109B1042A01DB032010BD23
:10D580000548206061602272E36000206072606183
:10D59000206100BFF3E700004A424F50024642B10B
:10D5A000054B1068984204D1107A884201D10120BD
:10D5B00070470020FCE700004A424F5002461AB173
:10D5C000044B1068984201D003207047517200202C
:10D5D000FBE700004A424F5070B504460D46164620
:10D5E0000CB9042070BD206808B905B10EB903203C
:10D5F000F8E7002231462846FDF7AEFF206020689C
:10D6000008B90620EEE70020ECE770B504460CB937
:10D61000042070BD206808B90520FAE72068FDF7EE
:10D6200045FF0646E5F718FB05460DB900202060CA
:10D630002846EEE72DE9F04704460F46154604B1AB
:10D6400017B90420BDE8F087206808B90520F9E77C
:10D650002846E5F74BFB81464B46002239462068B9
:10D66000FDF73AFF8046E5F7F7FA0646072E02D1A6
:10D670000DB90A20E6E73046E4E72DE9F047044615
:10D680000F46154604B117B90420BDE8F08720689D
:10D6900008B90520F9E72846E5F728FB81464B46FF
:10D6A000002239462068FDF7A5FF8046E5F7D4FA49
:10D6B0000646072E02D10DB90920E6E73046E4E719
:10D6C000F8B505460C46002665B15CB1206848B146
:10D6D000A06838B1E06828B1E068006810B1E0687F
:10D6E000406808B90320F8BD00212846FFF756FF1F
:10D6F000012801D10D20F6E7A06800900B222846F2
:10D70000D4E90013FEF7B8FD06460EB13046EAE74D
:10D71000E068A8622069E8620020286300BFE2E7B1
:10D7200070B50446204600F021F905460DB12846A3
:10D7300070BD606A10B1606A006908B90520F7E73A
:10D74000606A016920468847F2E770B504462046C2
:10D7500000F00CF905460DB1284670BD606A10B1A5
:10D76000606A006808B90520F7E7606A016820462A
:10D770008847F2E770B50446204600F0F7F8054602
:10D780000DB1284670BD606A10B1606A406808B982
:10D790000520F7E7606A416820468847F2E770B5E0
:10D7A0000446204600F0E2F805460DB1284670BD5B
:10D7B000606A10B1606AC06808B90520F7E7606A5E
:10D7C000C16820468847F2E700210160416081601E
:10D7D00001730174002242748274426101767047C1
:10D7E00070B50446204600F0FCF805460DB1284609
:10D7F00070BD6068006BA04201D10820F8E7A06806
:10D8000040B1204600F05FF806463146A068FEF7BA
:10D8100000FF05462046FFF7D7FF2846E8E72DE939
:10D82000F05F0446884615461E46DDE90A9A002741
:10D830001CB115B1BAF1000F02D10420BDE8F09F70
:10D84000207E012801D10D20F8E7B8F1000F01D1A9
:10D850000320F3E7284600F089F807460FB1384661
:10D86000ECE7504600F094F807460FB13846E5E77C
:10D87000B9F1000F03D0B9F1010F02D100E000BFF0
:10D8800001E00320DAE700BF7EB1B9F1000F01D15A
:10D89000012000E00020834659463046FEF7B9FEDD
:10D8A00007460FB13846C9E700BFC4F8008065607D
:10D8B000A66084F80C90DAE90001C4E904010120B3
:10D8C00020760020BAE70146087B08B9012070479E
:10D8D0000020FCE770B50446204600F082F80646BA
:10D8E00000250EB1304670BD6568687A022801D007
:10D8F0000520F8E7286B08B10820F4E7A86A04F1CE
:10D90000100102682846904706460EB13046EAE705
:10D91000A06838B1217BA068FEF77BFE06460EB1F9
:10D920003046E0E72C630020DDE72DE9F0410446B6
:10D93000204600F056F80546002615B12846BDE8F9
:10D94000F0816668306BA04201D00520F7E7A0683F
:10D9500040B12046FFF7B7FF07463946A068FEF7FB
:10D9600058FE0546002030632846E8E710B5044617
:10D970000CB9042010BD00212046FFF70FFE01283E
:10D9800002D1207E0B2801D00C20F3E70020F1E724
:10D99000014609B904207047087830B1012805D044
:10D9A000022804D0032804D102E000BF00BF00BF5A
:10D9B00001E00320EFE700BF487810B1012802D151
:10D9C00000E000BF01E00320E5E700BF486808B9B8
:10D9D0000320E0E78878082801D00B20DBE700204F
:10D9E000D9E770B5044600250CB9042070BD207E2F
:10D9F000012801D00C20F9E76068FFF7B7FF054662
:10DA00000DB12846F2E70020F0E72DE9F041054688
:10DA10000E4617464FF00008002416B90420BDE852
:10DA2000F0810FB90320FAE72846FFF7DAFF8046B6
:10DA3000B8F1000F01D04046F1E76C68607A022827
:10DA400001D00520EBE7206BA84201D00520E6E7D6
:10DA5000A06A3A463146436820469847DFE770B5EA
:10DA60000446204600F014FA05460DB1284670BD64
:10DA700094F8760000F0D0F80646314604F15800DC
:10DA8000FEF7C7FDF3E770B50446204600F000FA44
:10DA900005460DB1284670BD94F8761004F1580083
:10DAA000FEF7B7FDF7E7000038B505460C46054818
:10DAB000006800908DF8034069462846FEF701FD96
:10DAC00038BD0000F4E303082DE9F04107460026C5
:10DAD0001EE0114800EB0614D4F8048020783628A4
:10DAE00001D107F18008217842463846A36800F04A
:10DAF00020FA054615B12846BDE8F081A08930B16D
:10DB0000A08900F005FB05460DB12846F4E7761C18
:10DB1000122EDED30020EFE7D4E20308F8B5044666
:10DB2000204600F0B5F90090009808B10098F8BDC3
:10DB30000020009094F8760000F06EF8064631461A
:10DB400004F15800FEF765FD0546694600F07DF9D1
:10DB50002046FFF745FE0546694600F076F904F1D8
:10DB60005800FEF7D6FC0546694600F06EF904F150
:10DB70004400FEF7CEFC0546694600F066F904F164
:10DB80003000FEF7C6FC0546694600F05EF904F178
:10DB90001C00FEF7BEFC0546694600F056F9002061
:10DBA00084F881010098C2E770B505460C46284606
:10DBB000FFF7BBFE06460CB1204670BD3046FCE7C1
:10DBC00070B5044694F8751004F14400FEF721FD89
:10DBD00005460DB1284670BD642000F099FA05464F
:10DBE0000DB12846F7E794F8750000F015F80646E1
:10DBF000314604F14400FEF70CFD05460DB1284600
:10DC0000E9E7642000F084FA05460DB12846E2E712
:10DC1000642000F07DFADEE7014609B90120704773
:10DC20000020FCE72DE9FC5F04460E460027B846BD
:10DC3000B946BA46002504B116B90420BDE8FC9FD8
:10DC4000204600F007F905460DB12846F6E794F89E
:10DC50008101012801D10D20F0E7304600F055F98F
:10DC600005460DB12846E9E794F87400FFF7D4FFA4
:10DC70008346594604F11C00FFF716FF054605B11F
:10DC800049E00127012104F13000FFF70DFF0546AF
:10DC900005B140E04FF0010894F87500FFF7BCFFB4
:10DCA0008346594604F14400FFF7FEFE054605B1E0
:10DCB00031E04FF0010994F87600FFF7ADFF83469D
:10DCC000594604F15800FFF7EFFE054605B122E082
:10DCD0004FF0010A04F16C0094F8741004F11C0375
:10DCE0003246CDE9001011A12046FFF798FD054608
:10DCF00005B110E02046FFF763FF054605B10AE0D5
:10DD00002046FFF7E1FE054605B104E0012084F856
:10DD10008101002092E74B46424639462046CDF825
:10DD200000A000F05CF8284688E7000073743737DD
:10DD3000383900002DE9F84F0546884691469A4645
:10DD4000DDF828B0B5F87C00404484B204EB0A004A
:10DD5000401E86B220128DF80000E0B28DF801005E
:10DD600030128DF80200F0B28DF8030004236A46E9
:10DD70002A21284600F0FBF8074617B13846BDE8CF
:10DD8000F88FB5F87E00484484B204EB0B00401EC7
:10DD900086B220128DF80000E0B28DF8010030123A
:10DDA0008DF80200F0B28DF8030004236A462B219F
:10DDB000284600F0DCF807460FB13846DFE70023BD
:10DDC0001A462C21284600F0D2F807460FB13846F3
:10DDD000D5E7012105F13000FEF71BFCCFE72DE967
:10DDE000F04704460D4616461F46DDF82080207E8B
:10DDF000012802D12046FFF7F3FCB8F1010F0DD145
:10DE000094F87600FFF708FF8146494604F1580070
:10DE1000FEF7FFFB04F15800FEF77BFB012F03D157
:10DE200004F14400FEF775FB012E03D104F130002C
:10DE3000FEF76FFB012D03D104F11C00FEF769FB17
:10DE4000002084F88101BDE8F0870A680AB900B1B2
:10DE500008607047014609B9042070472C20405CD7
:10DE6000012811D14020405C01280DD15420405C94
:10DE7000012809D16820405C012805D1B1F878005B
:10DE800010B1B1F87A0008B90C20E6E70020E4E709
:10DE900070B504462046FFF7DDFF05460DB1284664
:10DEA00070BD94F88101012801D00C20F8E7002012
:10DEB000F6E72DE9F04704460D4616461F46DDF805
:10DEC00020802046FFF7E4FF8146B9F1000F02D021
:10DED0004846BDE8F087A7B1B8F1000F11D0B4F8FB
:10DEE0007800A8420DDDB4F87A00B04209DDB4F83C
:10DEF0007800401BB84204DBB4F87A00801B404530
:10DF000001DA0320E5E70020E3E710B5044600212D
:10DF10002046FFF743FB012802D1207E0B2801D0C9
:10DF20000C2010BD607A022801D00520F9E70020FE
:10DF3000F7E72DE9F04706460F46904699463046EA
:10DF4000FFF7C8FC044614B12046BDE8F0874B46F5
:10DF500042463946304600F00AF804463046FFF79C
:10DF6000E4FC05460CB12046EFE72846EDE72DE935
:10DF7000FF41074615461E46002107F13000FEF717
:10DF800048FB04461CB1204604B0BDE8F0810122E4
:10DF900001A93846FFF739FD04460CB12046F3E7E6
:10DFA0000EB90020F0E70DB90420EDE7012107F1DB
:10DFB0003000FEF72EFB04460CB12046E4E7324663
:10DFC00029463846FFF721FDDEE72DE9FF4F81B0F6
:10DFD0000646DDF840A0DDF838900027CDF8009027
:10DFE000304602A90EC9FFF764FF05461DB1284659
:10DFF00005B0BDE8F08F0F9808B90420F8E7049841
:10E0000000FB09FBDA4501D00320F1E73046FFF7BA
:10E0100061FC05460DB12846EAE7CDF80090304690
:10E0200002A90EC9FFF786FE054623E0AAEB070802
:10E03000B8F1800F01D94FF0800800240FE03A19A1
:10E040000F9931F81200021206F1810101F8142033
:10E05000012101EB440306F18101C854641C4445CD
:10E06000EDD34FEA480206F181013046FFF7CDFCBF
:10E07000054647440DB95745D8D329463046FFF7E2
:10E0800093FDB5E730B589B005460C4605B114B926
:10E09000042009B030BD286838B9606828B1E0684C
:10E0A00018B1207CE4F711FE08B90320F1E72068DD
:10E0B000009000200190029003900490E068059089
:10E0C000207CE4F70BFE06900020079008906A463B
:10E0D000D4E90101FDF72DFD2860286808B9062064
:10E0E000D7E70020D5E770B504460CB9042070BD11
:10E0F000206808B90520FAE72068FDF776FD064696
:10E10000E4F7AAFD05460DB9002020602846EEE799
:10E1100070B504460CB9002070BD601C08B903201E
:10E12000FAE72046E4F7E2FD0646FDF740F905462A
:10E13000E4F792FDF0E72DE9F041054615B904201A
:10E14000BDE8F081FDF769F904460CB90520F7E751
:10E15000FDF756F94FF47A71A0FB016001462246A3
:10E1600000233046D2F796F828600020E8E770B523
:10E1700004460D460026002D01DB032D01DB0320A4
:10E1800070BD204600F028F906460EB13046F7E78C
:10E19000606B006908B90B20F2E7606B29460269E1
:10E1A00020469047ECE7F8B505460C46002635B109
:10E1B0002CB1206818B1606908B1A06908B90320C2
:10E1C000F8BD00212846FFF7E9F9012801D10D200B
:10E1D000F6E704F1080000F07DF806460EB130467F
:10E1E000EEE7606900900A222846D4E90013FEF7A2
:10E1F00043F806460EB13046E2E7D4E90312A068C0
:10E20000C5E90B12A862A0696863E069A863206A87
:10E21000E863606A28640020D2E770B504460D46C2
:10E2200000260DB9032070BD204600F0D5F8064643
:10E230000EB13046F7E7E06B08B90520F3E7284652
:10E2400000F08AF806460EB13046ECE72946204633
:10E25000D4E90F3298470020E5E72DE9F041044664
:10E260000D461646002705B116B90320BDE8F0811A
:10E27000204600F0B1F807460FB13846F6E7E06BEC
:10E2800008B90520F2E7606BC06808B90B20EDE71C
:10E29000606B32462946C36820469847E6E72DE979
:10E2A000F04104460D4617460026204600F042F88D
:10E2B000064616B13046BDE8F081607A022801D1E9
:10E2C0000520F8E7E5630DB9002000E0384620643A
:10E2D0000020F0E7014609B1086808B9032070473B
:10E2E0000879072807D00879082804D00879092870
:10E2F00001D00320F3E74879002802DB487902289F
:10E3000001DB0320EBE78879002802DB887903280A
:10E3100001DB0320E3E7C879002802DBC879042881
:10E3200001DB0320DBE78868801C08B90320D6E7FF
:10E330000020D4E710B504460CB9032010BD00211D
:10E340002046FFF72BF9012802D1207E0A2801D0B0
:10E350000C20F3E70020F1E7014659B108780028C6
:10E3600008DB0878042805DA4878002802DB4878BA
:10E37000032801DB03207047087830B101280FD053
:10E38000022819D0032822D11BE0487828B9486810
:10E3900018B1886808B1C86808B10320EBE718E035
:10E3A0004878012805D1486818B1886808B1C8685C
:10E3B00008B10320DFE70CE0C86808B90320DAE7FA
:10E3C00007E0C868132801D00320D4E701E0032048
:10E3D000D1E700BF0020CEE710B504460CB90320FA
:10E3E00010BD00212046FFF7D9F8012802D1207E78
:10E3F0000A2801D00C20F3E7607A022801D005201A
:10E40000EEE70020ECE72DE9F04104460D46164604
:10E41000002705B116B90320BDE8F0812046FFF7BB
:10E42000DBFF07460FB13846F6E7E06B08B9052079
:10E43000F2E7606B806808B90B20EDE7606B32464D
:10E440002946836820469847E6E7000070B50446F1
:10E450000D462046EAF78EFB06462946F3F781FE75
:10E46000184988650846806D10B10846806D70BDFA
:10E470002046EAF78DFB06462946F3F772FE11495E
:10E4800088650846806D10B10846806DEFE720462C
:10E49000EAF7BEFB06462946F3F763FE094988659D
:10E4A0000846806D10B10846806DE0E72046EAF727
:10E4B00053FB06462946F3F754FE02498865084691
:10E4C000806DD4E7B80B01202DE9F04105460E46DA
:10E4D0001648076816480068001D0DF002FD681C0C
:10E4E00038B936B112480168091D12480DF050FDC7
:10E4F0001AE07C190E4800684460BC4207D20C4800
:10E500000168091D0C4800680DF028FD0CE0084862
:10E510000168091D094800680DF020FD08480068E1
:10E52000844201D206480460BDE8F0812800002042
:10E5300014000020500800201C00002018000020BB
:10E540004400002010B504460DF02EFD244800685C
:10E55000401C234908602348006840B921480460F2
:10E560000846006801280DD100F016FA0AE01E489E
:10E57000006838B91B480068C06AE16A884201D85F
:10E580001848046019480068401C1849086008468B
:10E59000006860641649E06A0968884202D9144933
:10E5A000E06A0860E16A01EB8101124A02EB810036
:10E5B000211D0DF0EDFC0DF021FD0B48006868B148
:10E5C00008480068C06AE16A884207D24FF080506C
:10E5D00009490860BFF34F8FBFF36F8F10BD000074
:10E5E0002400002014000020300000204000002003
:10E5F0002C000020A003002004ED00E008B50DF081
:10E60000D3FC12480068E8B911480DF097FC114896
:10E610000DF094FC0E48104908600E480F49086040
:10E6200000200F4B0F4A102100900A200EF0B7F97E
:10E63000064908600846006820B10BA1034800683D
:10E640000DF09CFD0DF0DAFC08BD00005800002024
:10E6500064080020780800205000002054000020AA
:10E660008C080020DC080020546D7251000000006E
:10E6700010B516E00DF098FC0C48C068C468201D69
:10E680000DF02FFC0A480068401E0949086009483F
:10E690000068401E074908600DF0B0FC204600F0FD
:10E6A0005FF8044800680028E4D110BD3C08002051
:10E6B000240000202000002070B504460D46206C88
:10E6C00070B1216CE0680144E160D4E90210884235
:10E6D00001D32168E1602846226CE168D1F73CFE55
:10E6E00070BD2DE9F04104460F4615464FF0000875
:10E6F000A66B206C48B9206800282CD1A0680FF0C8
:10E7000043F980460020A06025E07DB93946226C9F
:10E710006068D1F721FE216C606808446060D4E92C
:10E720000101884217D32068606014E03946226CEA
:10E73000E068D1F711FE216CE068411AE1602168C0
:10E74000E068884203D2216CA068411AE160022D82
:10E7500001D106B1761E701CA0634046BDE8F08171
:10E7600010B5044694F8590030B9206B0DF064FCE4
:10E7700020460DF061FC1AE094F85900012803D1FD
:10E7800020460DF059FC12E094F85900022801D1FE
:10E79000012000E0002050B900BF502080F3118814
:10E7A000BFF34F8FBFF36F8F00BF00BFFEE710BDF9
:10E7B00001464A6A22B10A6B1268C2F1380000E0D1
:10E7C000002070470146084A126812680AB90122FF
:10E7D00000E000220A600A6822B9034A1268D2687F
:10E7E000106800E0002070475000002030B54FF462
:10E7F000E043174800F007042CB1C01D20F00700CB
:10E80000134C041B1B1B0246124C22600024114DAA
:10E810006C60D018083820F007000F4C20600024EE
:10E820000D4D2D686C600C4D2D682C601146441AFE
:10E830004C60094C24680C60084D4C682C60084DF5
:10E840004C682C604FF00044064D2C6030BD000039
:10E8500034100020680000207000002078000020A4
:10E86000740000208400002000BFFFF701FF06486D
:10E8700000680128F9D94FF0805004490860BFF3BF
:10E880004F8FBFF36F8FF0E7A003002004ED00E08F
:10E8900010B5044654B10020A06020600021E16062
:10E8A00000231A46194620460EF036F910BD2DE910
:10E8B000F04106460D4617469846069C0DB9246061
:10E8C00000E02760E6632564012120460EF0D8F8B9
:10E8D00084F84C80BDE8F0812DE9F05F82460E4659
:10E8E00090469B460A9F0C9C4FEA8801A522206B0C
:10E8F000D1F744FDA8F10100216B01EB800929F05B
:10E90000070909F0070008B9012000E0002050B90C
:10E9100000BF502080F31188BFF34F8FBFF36F8F7C
:10E9200000BF00BFFEE786B1002507E0715D04F17E
:10E9300034004155705D00B902E06D1C102DF5D317
:10E9400000BF00214320015502E0002084F834007C
:10E95000382F00D33727E762E76400202065201DA9
:10E960000DF0F9FA04F118000DF0F5FA2461C7F181
:10E970003800A06164620020606584F858005A463F
:10E980005146484600F082FB20600B9808B10B9876
:10E990000460BDE8F09F000010B5002407E004EB20
:10E9A00084010F4A02EB81000DF0C8FA641C382C78
:10E9B000F5D30C480DF0C2FA0B480DF0BFFA0B4826
:10E9C0000DF0BCFA0A480DF0B9FA0A480DF0B6FA93
:10E9D00004480949086004480849086010BD00005F
:10E9E000A0030020000800201408002028080020B0
:10E9F0003C08002050080020180000201C000020C7
:10EA000010B50146164800E0006803688B42FBD34E
:10EA10000246436813448B4204D143684C68234444
:10EA2000436001460A464B6813440468A34211D16F
:10EA30000C4C03682468A34208D04B6804686468DF
:10EA400023444B6003681B680B6005E0054B1B68A3
:10EA50000B6001E003680B60884200D0016010BDCC
:10EA600068000020700000202DE9F04104460D46AA
:10EA700016461F464FF0000865602461B5420CD869
:10EA8000F01BA169884202D34FF0010811E0211D5B
:10EA9000094800680DF062FA0BE0BE4204D2BD42A4
:10EAA00002D34FF0010804E0211D044800680DF076
:10EAB00055FA4046BDE8F081540000205000002087
:10EAC00070B505460DF070FAA86B08B9012400E096
:10EAD00000240DF093FA204670BD70B505460DF088
:10EAE00063FAA86BE96B884201D1012400E000249D
:10EAF0000DF084FA204670BDF8B505460F461A4859
:10EB00000068C068C468201D0DF0EBF994F8280077
:10EB100000F00400E8B1A06941192B463A462046AE
:10EB2000FFF7A2FFD8B1002003462A460146009015
:10EB300020460FF0D7F8064656B900BF502080F3A4
:10EB40001188BFF34F8FBFF36F8F00BF00BFFEE789
:10EB500005E094F8280020F0010084F82800204601
:10EB6000216A8847F8BD000050000020F0B587B04A
:10EB7000A0E00398002811DA04AE56B900BF502077
:10EB800080F31188BFF34F8FBFF36F8F00BF00BFBB
:10EB9000FEE7D6E90020B168904700BF039800283F
:10EBA000E6DB059C606908B9012000E0002010B98F
:10EBB000201D0DF096F902A800F0DEF80546039836
:10EBC0000A2875D2DFE800F0090507394163060815
:10EBD0003A4200BF00BF00BF00BF94F8280040F0D9
:10EBE000010084F828000498A269811803462A4687
:10EBF0002046FFF739FFF8B12046216A884794F88C
:10EC0000280000F00400B8B1002000900498A16929
:10EC100042180023194620460FF064F8074657B9FA
:10EC200000BF502080F31188BFF34F8FBFF36F8F69
:10EC300000BF00BFFEE700BF3BE000BF94F8280024
:10EC400020F0010084F8280033E000BF94F8280089
:10EC500040F0010084F828000498A061A06908B180
:10EC6000012000E0002050B900BF502080F311883F
:10EC7000BFF34F8FBFF36F8F00BF00BFFEE7A069E8
:10EC800041192B462A462046FFF7EEFE11E094F884
:10EC9000280000F0020018B920460DF0CDF905E07B
:10ECA00094F8280020F0010084F8280001E0FFE734
:10ECB00000BF00BF002203A9044800680EF012F94B
:10ECC00000287FF456AF07B0F0BD000058000020C8
:10ECD000F8B505460C460DF063FC684600F04CF8AC
:10ECE0000646009820BB44B9B54206D80EF03CFF5A
:10ECF00031462846FFF700FF1CE03CB10E48006893
:10ED0000006808B9012000E000200446A91B224643
:10ED10000A4800680DF07AFA0EF026FF50B94FF05D
:10ED2000805007490860BFF34F8FBFF36F8F01E03A
:10ED30000EF01AFFF8BD000054000020580000201B
:10ED400004ED00E00A490968096809B9012100E0F9
:10ED5000002121B14FF0FF31064A116006E004495D
:10ED60000968C968C868034A4168116070470000B3
:10ED7000180000204400002070B504460EF002FD8B
:10ED8000054607480068854204D200F00BF80120D0
:10ED9000206001E00020206001480560284670BD29
:10EDA000600000202DE9F84334E025480068C06881
:10EDB000056823480068C068C468201D0DF091F8FC
:10EDC0002046216A884794F8280000F0040008B320
:10EDD000A0694619AE4207D966602461211D184812
:10EDE00000680DF0BBF815E0002003462A460146F6
:10EDF000009020460EF076FF074657B900BF50201E
:10EE000080F31188BFF34F8FBFF36F8F00BF00BF38
:10EE1000FEE700BF0A480068006808B9012000E06A
:10EE200000200028C1D00648D0F8008005480068BE
:10EE3000034908600348C0F80080BDE8F88300007B
:10EE400050000020540000200E480068401C08B903
:10EE5000012000E0002050B900BF502080F311884D
:10EE6000BFF34F8FBFF36F8F00BF00BFFEE700BF40
:10EE7000502080F31188BFF34F8FBFF36F8F00BF17
:10EE800000BFFEE78800002008B500BF6846FFF716
:10EE900099FC044620460099FFF71AFFFFF766FE2B
:10EEA000F4E770B504460DF07FF894F9455010E092
:10EEB000606A08B9012000E0002038B904F124009C
:10EEC0000EF006FE18B10DF065FA00E003E0681ED2
:10EED00045B2002DECDC00BFFF2084F845000DF0AA
:10EEE0008DF80DF061F894F9445010E0206908B9EC
:10EEF000012000E0002048B904F110000EF0E8FD08
:10EF000008B10DF047FA681E45B200E001E0002D9F
:10EF1000ECDC00BFFF2084F844000DF06FF870BDFA
:10EF20002DE9F04104464FF000080DF039FB494847
:10EF3000006808B9FFF75AFC4748006820400028DD
:10EF400070D1D4B1083404F00700B0B104F0070068
:10EF5000C0F10800044404F0070008B9012000E0F3
:10EF6000002050B900BF502080F31188BFF34F8FAD
:10EF7000BFF36F8F00BF00BFFEE7002C52D03748B1
:10EF8000006884424ED8364E3046056801E02E4671
:10EF90002D686868A04202D228680028F7D12D4861
:10EFA000006885423ED0306800F10808286830606B
:10EFB0006868001B102819D92F1907F0070008B935
:10EFC000012000E0002050B900BF502080F31188DC
:10EFD000BFF34F8FBFF36F8F00BF00BFFEE76868BE
:10EFE000001B78606C603846FFF70AFD1B496868B3
:10EFF0000968081A1949086008460068194909682B
:10F00000884203D2154800681649086012496868AA
:10F010000968084368600020286013480068401CA5
:10F02000114908600EF0A0FD08F0070008B90120A2
:10F0300000E0002050B900BF502080F31188BFF3DA
:10F040004F8FBFF36F8F00BF00BFFEE74046BDE8A4
:10F05000F081000070000020840000207400002077
:10F0600068000020780000207C000020064800682E
:10F0700030B10549096801F15000096D491C016072
:10F08000014800687047000014000020001F4FF086
:10F0900080730360001F21F001030360001F054B14
:10F0A000036014380260001F6FF002030360203811
:10F0B0007047000049EE02082DE9FF4F9FB00D4652
:10F0C0001C462198C66A30891FFA80F93088C0F33F
:10F0D000072A5746BAF1140F01D14FF0120A2C211A
:10F0E00014A8F4F7BCFB95F850008DF8640095F86F
:10F0F000510000F00F008DF87800CDF8589018946A
:10F10000306915908DF85CA02C9890E80E00C068CE
:10F11000CDE911231091139010A8149013980F901B
:10F120001198139010A8E7F766FC80464046F4F764
:10F13000E3F88346CDF868B010A81C90CDF8748031
:10F14000BAF10E0F09D100201590B5F84C00ADF8BA
:10F15000650095F84E008DF86700002305F15C010D
:10F1600006A8EA6AEFF77CFE00200490059006A846
:10F1700004902046E7F72CFC039050E0142F19D19F
:10F180003169039809FB0010029011986168401AD8
:10F19000019010982168401A0090019800FB09F036
:10F1A000029A02EB50020098111842465846F4F7B2
:10F1B00041F919E00E2F12D111986168401A02909E
:10F1C00010982168401A01903269029800FB0922C8
:10F1D0000198111842465846F4F72CF904E04246CB
:10F1E000FF215846F4F792FACDF80080594604A85A
:10F1F000DDE91023EFF7BAFC8DF86C00142F01D075
:10F200000E2F02D102208DF86C0014A91F98ECF784
:10F21000EDFC1198401C11901398401C139011990B
:10F220000F988142AADD5846F1F7AAFA23B0BDE84B
:10F23000F08F70B505461420F4F798F8044600BF27
:10F240001CB900BF00BF00BFFEE700BF0CB9002023
:10F2500070BDA868F4F78AF8206100BF206918B96A
:10F2600000BF00BF00BFFEE700BF206920B92046F5
:10F27000F1F786FA0020EBE7002020736060A060C1
:10F280002046E5E72DE9F04107460E46144600BF4B
:10F290001FB900BF00BF00BFFEE700BF0FB9BDE848
:10F2A000F08176E06068B04239D1A568287B40B92A
:10F2B00001202873002020732146384600F0E0F832
:10F2C000A568686818B16868007B01280AD1A86839
:10F2D00018B1A868007B012804D1002028732646B5
:10F2E00024681BE0A86818B1A868007B012809D130
:10F2F000012069680873002028732946384600F009
:10F30000D9F8A568207B287301202073A9680873A9
:10F310002146384600F0B4F83E6841E039E06568BF
:10F32000287B40B9012028730020207321463846ED
:10F3300000F0C0F86568686818B16868007B01284B
:10F340000AD1A86818B1A868007B012804D1002060
:10F350002873264624681BE0686818B16868007B3B
:10F36000012809D10120A9680873002028732946C3
:10F37000384600F085F86568207B287301202073EB
:10F38000696808732146384600F094F83E6807E043
:10F3900000BF16B1307B012802D13868B04281D15C
:10F3A00000BF0EB10120307300BF78E72DE9F041B6
:10F3B00005460E462C68274609E027462169306934
:10F3C0006A689047002801DA646800E0A468002CAD
:10F3D000F3D13846BDE8F0812DE9F04107460E46ED
:10F3E0000024002541E025686868A0421ED1A86875
:10F3F00040B1017B31B901210173217300212973CF
:10F400002E4632E0A068B04207D12146384600F0CF
:10F4100037F8A0463446464600BF0120207300203E
:10F4200028732946384600F045F81DE0686840B169
:10F43000017B31B9012101732173002129732E460B
:10F4400013E06068B04207D12146384600F032F838
:10F45000A0463446464600BF012020730020287392
:10F460002946384600F00CF800BF3068041E02D070
:10F47000207B0028B7D0012039680873BDE8F081EF
:10F480000246886843688B6043680BB14368196023
:10F490000B6803600B680BB9106008E00B685B68D1
:10F4A0008B4202D10B68586001E00B6898604160A4
:10F4B000086070470246486883684B6083680BB1F8
:10F4C000836819600B6803600B680BB9106008E073
:10F4D0000B689B688B4202D10B68986001E00B6857
:10F4E00058608160086070472DE9FF4F8DB01AACFD
:10F4F00094E830030DA8E7F77EFA82460DA8E7F7F7
:10F5000067FA0C901E98C06C0B901E9890F84F6094
:10F51000C6F1FF07B9F1140F02D0B9F1120F74D17F
:10F520000E9808FB00410D9801EB40000A90404600
:10F5300008EBD07149100991DDF828B008950B98B7
:10F54000E9F7C3F80790FD2E14DB00200EE0002140
:10F5500006E0DDE907231A80089A921C0892491CEC
:10F560005145F6DB099A0BEB420B401C0C99884283
:10F57000EDDB48E09DF82C00C0107043ADF814009E
:10F580009DF82D0080107043ADF816009DF82E00F8
:10F59000C0107043ADF81800002130E0002028E0D2
:10F5A000BDF818203BF81030DB0A03FB07224FF4AC
:10F5B000784303EAC202BDF816303BF810C0CCF322
:10F5C000451C0CFB07334FF4FC6C0CEAE3031A44B4
:10F5D000BDF814301BF810C00CF01F0C0CFB0733E7
:10F5E00002EB232293B2089A1380089A921C089285
:10F5F000401C5045D4DB099A0BEB420B491C0C987C
:10F600008142CBDB00BF8BE1FFE7B9F11B0F7DD15E
:10F610000E9808FB00410D9801EB40000A9040460F
:10F6200008EBD071491009910A98089007950B983A
:10F63000E9F74BF80690FD2E16DB002010E00021C4
:10F6400006E0DDE906231A80079A921C0792491CFE
:10F650005145F6DBDDE9082302EB43020892401C2A
:10F660000C998842EBDB63E09DF82C00C0107043DE
:10F67000ADF810009DF82D0080107043ADF8120019
:10F680009DF82E00C0107043ADF8140000200390C8
:10F6900049E0002002903BE0029A089931F81200FC
:10F6A000E8F7EBFFC00ABDF8141000FB07104FF499
:10F6B000784101EAC00B029A089931F81200E8F784
:10F6C000DCFFC0F34511BDF8120001FB07004FF449
:10F6D000FC6101EAE0008344029A089931F81200C3
:10F6E000E8F7CBFF00F01F01BDF8100001FB070099
:10F6F0000BEB202080B20190E8F7BFFF079908804C
:10F700000798801C07900298401C00E011E00290CE
:10F7100002985045C0DBDDE9081001EB400008907D
:10F720000398401C03900C9903988842B1DB00BFFA
:10F73000F6E0B9F10F0F05D0B9F1110F02D0B9F110
:10F74000100F66D14846E8F77EFD83460E9800FB11
:10F7500008F00D9901FB0B000444FD2E1EDB002078
:10F7600018E0002110E09DF82C202A709DF82D2033
:10F770006A709DF82E20AA70B9F1100F01D1E278BD
:10F78000EA705C445D44491C5145ECDB0AFB1B827A
:10F790001444401C0C998842E3DB39E09DF82C109E
:10F7A0007143ADF824109DF82D107143ADF826106B
:10F7B0009DF82E107143ADF82810002024E00021A0
:10F7C0001CE0BDF82420237803FB0722120A2A70CC
:10F7D000BDF82620637803FB0722120A6A70BDF881
:10F7E0002820A37803FB0722120AAA70B9F1100F90
:10F7F00001D1E278EA705C445D44491C5145E0DB8C
:10F800000AFB1B821444401C0C998842D7DB00BFC2
:10F8100086E0B9F11A0F7DD14846E8F714FD83461A
:10F820000E9800FB08F00D9901FB0B0004449DF8B5
:10F830002C007043ADF824009DF82D007043ADF806
:10F8400026009DF82E007043ADF828000020089097
:10F850005FE00020079053E0E078002844DD4FF49B
:10F860007F4C9CFBF0FC1FFA8CF194F802C00CFB5F
:10F8700001FCCCF3072294F801C00CFB01FCCCF393
:10F88000072394F800C00CFB01FCCCF3072CCDF847
:10F8900018C0BDF828C002FB07CCCCF30722BDF886
:10F8A00026C003FB07CCCCF30723BDF824E0DDF82A
:10F8B00018C00CFB07ECCCF3072CCDF818C0DDF812
:10F8C00018C00CFB00FC4FEA2C2C85F800C003FB91
:10F8D00000FC4FEA2C2C85F801C002FB00FC4FEA2B
:10F8E0002C2C85F802C005E02178297061786970B8
:10F8F000A178A970E8705C445D440798401C0790AB
:10F9000007985045A8DB0AFB1B8004440898401C5C
:10F91000089000E004E00C990898884299DB00BF49
:10F9200011B0BDE8F08F2DE9FF4F9FB00F461D4687
:10F930002C9890E80E00C0681BAC0EC41E90219855
:10F94000D0F82C80B8F808001FFA80FAB8F8000048
:10F95000C0F307201A901A98E8F775FC199028460A
:10F96000E7F736F818901BA8E7F745F817901BA89B
:10F97000E7F72EF81690199917984843159015989F
:10F9800008B901201590F9F705FB8346E9F7CDF892
:10F990004FEA800BF9F7FEFA0890E9F78AF8099028
:10F9A000E8F751FC0BFB00FB1598BBFBF0F6169833
:10F9B000864200DD169E159901FB06F0F3F79CFCCC
:10F9C000044600BF1CB900BF00BF00BFFEE700BF78
:10F9D00024B900BF00BF23B0BDE8F08F2C210AA8D6
:10F9E000F3F73DFF97F850008DF83C0097F8510071
:10F9F00000F00F008DF850001999179848430C90AB
:10FA00001BA80E900A900B941A988DF834001A983F
:10FA100014280FD11295D8F8101018980AFB00106E
:10FA2000109002208DF8440012208DF834004FEA27
:10FA30005A001390DDF878901C983044401E1E90B8
:10FA400028E01BA906A8E6F7FBFE68684242286882
:10FA5000414206A8E7F784F99DF83400CDE9014A50
:10FA6000CDE90307D8F81000009006A80FC8FFF7EB
:10FA70003BFD0AA91F98ECF7B9F81E98401C1C9092
:10FA80001C983044401E1E901E98484501DDCDF85C
:10FA9000789000BF1C984845D3DD2046F0F770FEF3
:10FAA00000BF98E72DE9F34F85B0054694484069BB
:10FAB000D0F8B04292484069806A206095E80F0013
:10FAC00004F134060FC695E80F0004F124060FC6B2
:10FAD000069860648A48406990F83D0048B995E806
:10FAE0000F0004F114060FC600212046E6F7A0F827
:10FAF0003CE08348406990F83D00012805D08048EB
:10FB0000406990F83D00022830D10020606100215A
:10FB1000A1617B494869E9F749F860B178494869CA
:10FB2000E9F760F8401EE06175494869E9F765F852
:10FB3000401E20620BE072494869E8F7F6FF401E5C
:10FB4000E0616F494869E9F788F8401E20626C4817
:10FB50004069C06BC0F3406008B1002002E020683B
:10FB6000008980B201462046E6F762F80127284660
:10FB7000E6F72EFF824694F84C00072805DB94F840
:10FB80004C000A2801DC012000E0002000BB5C489A
:10FB90004069C06BC0F347482068D0F80C90B9FBAF
:10FBA000F8F62846E6F71AFF834694F84C00E8F783
:10FBB0004AFB0BFB00FBCDF810B0701E0499084403
:10FBC000B0FBF6F72846E6F703FFB0FBF7FA00BFF5
:10FBD000012F03D1204600F095F883E007EB870161
:10FBE0000801F3F789FB804600BFB8F1000F03D18D
:10FBF00000BF00BF00BFFEE700BFB8F1000F0BD190
:10FC00003F48406900F5407095E80E101030A0E8BC
:10FC10000E1007B0BDE8F08F00262BE0701C69685D
:10FC200000FB0A10401E0090686806FB0A0201A84B
:10FC3000AB682968E7F7A1F8781EB04201D1E868FF
:10FC4000049006EB860008EB001994F84C2001ABF9
:10FC500000214846EAF78FFE04F114000FC8C9E9F5
:10FC60000723C9E905012068C9F80000484600F0EB
:10FC700049F8761CBE42D1D300262DE006EB860063
:10FC800008EB001B03E0EAF70FF8E9F78FFFDBF85A
:10FC900004000028F7D11A484069D0F8B0920AE071
:10FCA000D9F80C00584504D1DBF80C00C9F80C0059
:10FCB00004E0D9F80C90B9F1000FF1D100BF104861
:10FCC0004069D0F8B80230B10D4948694969D1F8A6
:10FCD000B82259469047761CBE42CFD34046F0F733
:10FCE0004FFD00BF0648406900F54070291D46C918
:10FCF0002B68C0E90626C0E9043100BF89E700008F
:10FD0000B80B01202DE9FF4104462046F3F745F9E1
:10FD100048494869E8F7B8FF18B9464948690CF0FE
:10FD20008FFC4449496991F84000E8F794FA80B1A2
:10FD300004F134000FC88DE80F00A06942426069E9
:10FD400041426846E7F70CF869462068E9F74DFB41
:10FD500000BF0026002537494869E8F759FF0746E4
:10FD6000394604F13400F9F71BF906463148406979
:10FD7000D0F8D00240B12F484069D0F8D01204F139
:10FD80003400F9F70DF905464EB945B929494869D6
:10FD9000E8F7E2FE07463946204600F051F92548CB
:10FDA000406990F8DC0200F00100B8B11EB92148AA
:10FDB0004069D0F8C8623146204600F041F91D483C
:10FDC0004069D0F8D00200B31DB91A484069D0F894
:10FDD000D0522946204600F033F916E01548406914
:10FDE000D0F8D00240B11DB912484069D0F8D052C5
:10FDF0002946204600F024F91EB90E484069D0F883
:10FE0000C8623146204600F01BF90A494869E8F704
:10FE1000BFFE07463946204600F012F905494869F9
:10FE2000E8F7A8FE07463946204600F009F9BDE884
:10FE3000FF810000B80B01202DE9F04F89B07F4809
:10FE40004069D0F8640210B909B0BDE8F08F7B4971
:10FE5000002248693B21E9F731F84FF00008774864
:10FE60004069D0F86402441E08E07448406900F517
:10FE70001170005D08B9A04602E0641E002CF4DA9F
:10FE800000BF6E484069C06B20F001006B494969B2
:10FE9000C8636A484069C06B20F00200674949693D
:10FEA000C86366484069C06B20F0806000F18060E4
:10FEB00062494969C8630024A8E06048406900F5C8
:10FEC0001170005D00B1A0E0444508D15B48406975
:10FED000C06B20F00100401C58494969C86357486D
:10FEE0004069C06B20F0020054494969C863534817
:10FEF0004069443000EB04130FCB05AD0FC54F48EC
:10FF0000406990F83D0000285DD105A8E6F773FD33
:10FF1000824605A8E6F75CFD834648495A4648698B
:10FF20005146E0F71BFE06464FF000090598019088
:10FF3000079803900027069D24E00295A819401E0B
:10FF4000049008990498884201DD08980490DDF82F
:10FF500010900898484508D138484069C06B20F097
:10FF60000200801C35494969C863394601A8FFF77A
:10FF700099FD01A8E6F72CFD074430494869DEF7F2
:10FF800043F83544A819401E08998842D5DD0898E1
:10FF9000484517D002950898049028484069C06BDE
:10FFA00020F00200801C25494969C863394601A830
:10FFB000FFF778FD01A8E6F70BFD07441F494869E4
:10FFC000DEF722F820E01D48406990F83D00022845
:10FFD00005D01A48406990F83D00012814D117480F
:10FFE0004069C06B20F00200801C14494969C86355
:10FFF00012494969443101EB04100021FFF752FD19
:020000040803EF
:100000000E494869DEF700F800BF641C0B484069E0
:10001000D0F86402A0423FF750AF08490022486977
:100020003C21E8F74BFF05484069C06B20F0806039
:1000300002494969C86300BF06E70000B80B012008
:100040002DE9F05F06460D4625B926494869E8F7CF
:10005000DFFD05460DB9BDE8F09FA8462846F4F738
:10006000C8FD044624B100212046F5F7BDFDB0646B
:1000700029463046F6F7E8FE2FE04FF0000A20460A
:10008000F4F777FC8346002710E0A068006850F87A
:100090002790BAF1000F04D1C14506D14FF0010AF3
:1000A00003E049463046F6F7CFFE7F1C5F45ECD3B0
:1000B00032461F212046F7F7EDFE3246202120462A
:1000C000F7F7E8FE324621212046F7F7E3FEA04687
:1000D0002046F4F78EFD044600BF002CCDD100BFB2
:1000E000B9E70000B80B01202DE9F04F97B079482F
:1000F000406990F83D00012802D017B0BDE8F08FAC
:1001000074494869E8F7C0FD00B9F6E771494969E3
:1001100001F51B70F3F765F800B1EEE76D4948692A
:100120000CF08EFA6B484069806A16906948406905
:10013000806A68494969C96988420FD16548406940
:10014000066A64484069406A18B162484069406A7A
:1001500002E060484069006A07461DE05D4840696A
:10016000806A5C494969096A88420FD159484069E7
:10017000406A18B157484069406A02E055484069F2
:10018000C069064653484069C76905E0514840695F
:10019000C66950484069076A4E494869E8F7C5FC96
:1001A00083464C494869E8F758FD1590402105A859
:1001B000D0F7EBF800244BE04648406900F5117099
:1001C000005D00B142E04349496901F51B70F2F757
:1001D0005BFF054637E03F49496901F51B70294639
:1001E000F2F76AFF04903B484069443000EB041288
:1001F000294605A8E6F736FB804608F1010008B35A
:100200004FF0000912E03349496901F51B70294696
:10021000F2F78DFF824605A800EB091C9CE80E1042
:100220008AE80E1009F101004FFA80F9C145EADBB6
:100230002849496901F51B702946F3F713F8284648
:10024000F0F79EFA049D002DC5D100BF601C84B25A
:1002500020484069D0F86402A042ADD80020009048
:10026000019002900390ABF1010002901598401E9E
:1002700003901849496901F51B70F2F705FF05461F
:100280001DE06A4629462846E6F7C8FB00B90EE09D
:100290002B463A4629461698E9F7BFF9BE4205D0E3
:1002A0002B463A4629463046E9F7B7F900BF0949D7
:1002B000496901F51B702946F2F7FEFE0546002D3F
:1002C000DFD10449496901F51B70F2F7B7FE00BFA1
:1002D00013E70000B80B01202DE9F0410546284640
:1002E000F4F747FB0646002412E0A868006850F8BF
:1002F00024703846F6F736FA002232213846F7F7EE
:10030000C9FD3846F6F72EFA3846FFF7E5FF641CBC
:10031000B442EAD3BDE8F08170B5044625462146D3
:100320000548F2F79FFF686910B128466969884758
:100330002046F0F725FA70BD680C01202DE9F04742
:1003400005460E4692462C4600BF1CB900BF00BFB2
:1003500000BFFEE700BF00BF1EB900BF00BF00BF67
:10036000FEE700BF04B10EB9BDE8F0873046E7F7FD
:1003700038FA8146494604F12400F8F7B0FC0746F4
:1003800007B9F1E739462046E0F7E1FBD0F80080F5
:10039000394604F12400F8F73BFD414604F13000F2
:1003A000F2F760FF4046F0F7EBF94846E16B88470B
:1003B000E968081AE86000BFD6E700002DE9F041BF
:1003C0000546686820B9A86810B90020BDE8F0812A
:1003D00000261C48F2F758FE04462FE00027AC42E6
:1003E00021D0606B002804DA94F85C00C0F30010A0
:1003F000C8B120682968884215D1606898B16068E2
:10040000696888420FD121460E48F2F72BFF6069D8
:1004100010B12046616988472046F0F7B1F9D5F759
:100420005DFF012601271FB10648F2F72DFE03E00C
:1004300021460448F2F740FE044600BF002CCDD10F
:100440003046C3E7680C0120F0B50C46E568A168AA
:1004500000BF1DB900BF00BF00BFFEE700BF00BF67
:1004600019B900BF00BF00BFFEE700BFCD60A960A3
:1004700000F1380606EBC21656F82360A6421BD1DF
:1004800000F1380606EBC21646F82310814213D15C
:1004900000F1140656F8226001279F40BE4300F188
:1004A000140747F822603E4656F8226026B9012715
:1004B00097400669BE430661F0BD70472DE9F041E3
:1004C00006460D4600241AE026B1E86850F83400CC
:1004D000B04213D1E96801EBC401496821F07F40C3
:1004E000F7F7EEFF804641462846DFF763FFFF221D
:1004F0004FF470212846F7F7E7F805E0641C688D93
:10050000C0F30510A042DFD800BF2846F4F731FA47
:100510000746002407E0A868006850F82410304619
:10052000FFF7CCFF641CBC42F5D3BDE8F0812DE998
:10053000F04705460E46174699462C4600BF1CB9A3
:1005400000BF00BF00BFFEE700BF14B90320BDE835
:10055000F0871EB13046E16B884700E000208046FE
:10056000A068404503D200BF00BF0120EFE7E86864
:1005700038444044A168884201D90220E7E70020BE
:10058000E5E77CB505462846EFF7DBFC064628463E
:10059000EFF7E0FC0446E0690090606A08B10120D2
:1005A00000E000200346B4F81300ADF80400607DBD
:1005B0008DF80600019A30462169FAF73DF97CBDB5
:1005C00010B50446D4E90B20616AE5F7A2FE20636A
:1005D000E26A616AE06BE5F79CFEE063E26A616AE9
:1005E000A06BE5F796FEA063E26A616A206CE5F70E
:1005F00090FE206410BD2DE9F04F89B00646D6F874
:1006000004B0B068089096F82180D6F80090F068A1
:100610000790D6F818A0F0690690376970690590C0
:1006200003A8E7F777FF96F8220000287CD127BBC4
:10063000B8F1FD0F21DB00251BE000240CE00AEBE4
:10064000440000880290E7F7A9F909F81400FF2098
:1006500009EB44014870641C5C45F0DB484607998F
:10066000DEF7EAFA814650460699DEF7E5FA824659
:100670006D1C08988542E0DBB6E047BBB8F1FD0F82
:1006800025DA00251FE0002410E00AEB4400008872
:100690000190E7F783F98DF808008DF8098009EBE0
:1006A000440103AA0298E7F725FA641C5C45ECDBD9
:1006B00048460799DEF7C0FA814650460699DEF7AC
:1006C000BBFA82466D1C08988542DCDB8CE067B380
:1006D000B8F1FD0F2ADB002522E0002411E00AEB2F
:1006E000440000880190E7F759F98DF80800385D5B
:1006F0008DF8090009EB440103AA0298E7F7FAF91B
:10070000641C5C45EBDB48460799DEF795FA8146A9
:1007100050460699DEF790FA8246059807446D1C0C
:1007200008988542D9DB5FE02CE0FFE7002525E053
:10073000002414E00AEB440000880190E7F72EF94A
:100740008DF80800385D00FB08F000128DF80900F4
:1007500009EB440103AA0298E7F7CCF9641C5C4555
:10076000E8DB48460799DEF767FA81465046069966
:10077000DEF762FA8246059807446D1C08988542A8
:10078000D6DB31E000252CE000241AE00AEB44001F
:1007900000880190E7F702F98DF8080017B98DF885
:1007A000098005E0385D00FB08F000128DF80900B3
:1007B00096F8222009EB440003AB0299DBF7C6F858
:1007C000641C5C45E2DB0FB1059807444846079975
:1007D000DEF732FA814650460699DEF72DFA824658
:1007E0006D1C08988542CFDB09B0BDE8F08F2DE97C
:1007F000F04F8DB00646D6F804B0B0680C9096F86D
:1008000021A0D6F80090F0680B90B569F0690A90C5
:10081000D6F810807069099004A8E7F7A0FE96F852
:10082000220000287DD1B8F1000F4ED1BAF1FD0FA2
:1008300001DB039001E0002003900398002843D1DE
:100840008DF823A000273CE000242DE035F81400AB
:10085000C00A40F63A0110FB01F0000A8DF82200B0
:1008600035F81400C0F3451040F20D4110FB01F0C3
:10087000000A8DF8210015F8140000F01F0040F662
:100880003A0110FB01F0000A8DF8200009EB84000A
:10089000006804AA014601900898E7F7BAFA09EB44
:1008A000840102900860641C5C45CFDB48460B99CC
:1008B000DEF7C8F9814628460A99DEF7C3F90546EE
:1008C0007F1C0C988742BFDBEEE0B8F1000F4ED0E2
:1008D000BAF1FD0F4BDB002745E0002434E018F8A7
:1008E00004008DF8230035F81400C00A40F63A01E0
:1008F00010FB01F0000A8DF8220035F81400C0F357
:10090000451040F20D4110FB01F0000A8DF8210066
:1009100015F8140000F01F0040F63A0110FB01F03A
:1009200000E071E0000A8DF8200009EB8400006807
:1009300004AA014602900898E7F76BFA039009EBC6
:10094000840003990160641C5C45C8DB48460B9930
:10095000DEF778F9814628460A99DEF773F90546ED
:10096000099880447F1C0C988742B6DB9CE00027E6
:1009700046E0002435E018F8040000FB0AF00012FD
:100980008DF8230035F81400C00A40F63A0110FB38
:1009900001F0000A8DF8220035F81400C0F345106C
:1009A00040F20D4110FB01F0000A8DF8210015F80E
:1009B000140000F01F0040F63A0110FB01F0000A9D
:1009C0008DF8200009EB8400006804AA014602901B
:1009D0000898E7F71EFA039009EB84000399016079
:1009E000641C5C45C7DB48460B99DEF72BF9814652
:1009F00028460A99DEF726F90546099880447F1CA7
:100A00000C988742B5DB4FE0002749E0002435E031
:100A100035F81400C00A40F63A0110FB01F0000A54
:100A20008DF80E0035F81400C0F3451040F20D416A
:100A300010FB01F0000A8DF80D0015F8140000F00D
:100A40001F0040F63A0110FB01F0000A8DF80C007F
:100A5000B8F1000F02D18DF80FA006E018F80400DD
:100A600000FB0AF000128DF80F0096F8222009EB27
:100A7000840004AB0399DAF7C3FF641C5C45C7DB51
:100A8000B8F1000F01D00998804448460B99DEF771
:100A9000D9F8814628460A99DEF7D4F805467F1C26
:100AA0000C988742B2DB00BF0DB0BDE8F08F2DE996
:100AB000F04F8BB0074678680A90B868099097F8AD
:100AC00021A038680890F8680790D7F818B0F8693E
:100AD0000690D7F8108078690590786AC11700EB06
:100AE0005171C910A0EBC10997F82200002876D1F6
:100AF000B8F1000F30D1BAF1FD0F2DDB002627E051
:100B00000025002416E00BEB450000880390E6F773
:100B100045FF049004987F2805DD04EB090108983F
:100B200005F07DF904E004EB09010898DCF77AFB95
:100B3000641C6D1C0A988542E5DBDDE90710DEF7D1
:100B400084F8089058460699DEF77FF88346761CAD
:100B500009988642D4DB31E1B8F1000F40D1BAF1F7
:100B6000FD0F3DDA002636E00025002425E00BEBE2
:100B7000450000880290E6F711FF049004EB09019C
:100B80000898DFF742FCC0EB0020C0B20390524649
:100B900003A90498E7F7CCFA9DF80C007F2805DD3F
:100BA00004EB0901089805F03AF904E004EB0901A7
:100BB0000898DCF737FB641C6D1C0A988542D6DB6D
:100BC000DDE90710DEF741F8089058460699DEF790
:100BD0003CF88346761C09988642C5DBEEE09AE035
:100BE000B8F1000F48D0BAF1FD0F45DB00263FE019
:100BF00000200490002400252AE00BEB450000882B
:100C00000190E6F7CBFE039004EB09010898DFF7AB
:100C1000FCFBC0EB0020C0B20290049818F8002042
:100C200002A90398E7F784FA9DF808007F2805DDFC
:100C300004EB0901089805F0F2F804E004EB09015F
:100C40000898DCF7EFFA0498401C0490641C6D1CB3
:100C50000A988442D1DBDDE90710DDF7F6FF089042
:100C600058460699DDF7F1FF834605988044761CC7
:100C700009988642BCDBA1E0B8F1000FAED0BAF112
:100C8000FD0FABDA002642E000200490002400258E
:100C90002DE00BEB450000880190E6F77FFE039006
:100CA00004EB09010898DFF7B0FBC0EB0020C0B2ED
:100CB0000290049818F8000000FB0AF0021202A942
:100CC0000398E7F735FA9DF808007F2805DD04EB67
:100CD0000901089805F0A3F804E004EB090108985D
:100CE000DCF7A0FA0498401C0490641C6D1C0A9860
:100CF0008442CEDBDDE90710DDF7A7FF08905846F8
:100D00000699DDF7A2FF834605988044761C099872
:100D10008642B9DB52E000264CE00025002436E094
:100D20003BF81500C00A40F63A0110FB01F0000A3A
:100D30008DF812003BF81500C0F3451040F20D414C
:100D400010FB01F0000A8DF811001BF8150000F0EF
:100D50001F0040F63A0110FB01F0000A8DF8100068
:100D6000B8F1000F02D18DF813A006E018F80500C5
:100D700000FB0AF000128DF8130097F8223004EB04
:100D80000901049A0898DAF70AFF6D1C641C0A9896
:100D90008542C5DBB8F1000F01D005988044DDE93C
:100DA0000710DDF752FF089058460699DDF74DFF12
:100DB0008346761C09988642AFDB00BF0BB0BDE8C6
:100DC000F08F2DE9F04F87B0064670680690B06846
:100DD000059096F821B0D6F80080F0680490D6F817
:100DE00018A0F069039037697069029096F82200A4
:100DF000002872D10FBBBBF1FD0F1EDB002518E0F0
:100E00000024A1460AE00AEB440000880190E6F7BE
:100E1000C5FD08F8090009F10109641C069884421F
:100E2000F1DB0498804450460399DDF711FF8246B8
:100E30006D1C05988542E3DBC5E02FBBBBF1FD0FC0
:100E400022DA00251CE00024A1460EE00AEB440053
:100E500000880090E6F7A2FD08EB09015A460190D0
:100E6000E7F779F909F10109641C06988442EDDB82
:100E70000498804450460399DDF7EAFE82466D1CD3
:100E800005988542DFDB9EE047B3BBF1FD0F26DB13
:100E900000251EE00024A1460EE00AEB4400008875
:100EA0000090E6F77BFD01903A5D08EB0901E7F75A
:100EB00052F909F10109641C06988442EDDB04989B
:100EC000804450460399DDF7C3FE824602980744EA
:100ED0006D1C05988542DDDB75E029E0FFE7002504
:100EE00022E00024A14612E00AEB440000880090B2
:100EF000E6F754FD0190385D00FB0BF0021208EBA1
:100F000009010198E7F727F909F10109641C06981E
:100F10008442E9DB0498804450460399DDF798FE4B
:100F20008246029807446D1C05988542D9DB4AE049
:100F3000002544E00024A14633E03AF81400C00A3A
:100F400040F63A0110FB01F0000A8DF806003AF86D
:100F50001400C0F3451040F20D4110FB01F0000AEF
:100F60008DF805001AF8140000F01F0040F63A0151
:100F700010FB01F0000A8DF8040017B98DF807B0D6
:100F800005E0385D00FB0BF000128DF8070096F8C5
:100F9000222008EB09000199DAF763FE641C09F1CD
:100FA000010906988442C8DB0FB1029807440498EF
:100FB000804450460399DDF74BFE82466D1C059830
:100FC0008542B7DB00BF07B0BDE8F08F2DE9F04FD9
:100FD00089B08146D9F804000890D9F80800079034
:100FE00099F821000690D9F80070D9F80C00059006
:100FF000D9F818B0D9F81C000490D9F810A0D9F885
:101000001400039099F8220000287DD1BAF1000F56
:1010100020D10698FD281DDB089845004FF00008F8
:1010200014E02A4659463846F2F704FA3846089939
:10103000EEF7BFF838460599DDF70DFE074658462E
:101040000499DDF708FE834608F1010807988045FA
:10105000E7DB45E2BAF1000F2BD10698FD2828DA2C
:101060004FF0000821E0002410E037F81400E7F703
:10107000F8FA06463BF814003146069AE6F714FDE6
:101080000546E7F7EEFA27F81400641C0898844236
:10109000EBDB38460599DDF7DEFD07465846049937
:1010A000DDF7D9FD834608F1010807988045DADBB2
:1010B00016E2BAF1000F30D00698FD282DDB4FF074
:1010C000000826E0002411E037F81400E7F7C9FA19
:1010D00006461AF804203BF814003146E6F7E4FC13
:1010E0000546E7F7BEFA27F81400641C0898844206
:1010F000EADB38460599DDF7AEFD07465846049908
:10110000DDF7A9FD834600E036E00398824408F14C
:10111000010807988045D5DBE2E14FF0000827E0A1
:10112000002414E037F81400E7F79BFA06461AF893
:101130000410069B59430A123BF814003146E6F7A7
:10114000B3FC0546E7F78DFA27F81400641C0898ED
:101150008442E7DB38460599DDF77DFD07465846B2
:101160000499DDF778FD83460398824408F101086D
:1011700007988045D4DBB3E1002002908046AAE1C5
:101180003D465E46002491E199F82200012806D0F0
:1011900002285BD0032874D0042873D1E7E03BF821
:1011A000140000B981E137F81400E7F75AFA27F87C
:1011B000140035F81400C00A36F8141000EBD120E2
:1011C0001F2807DA35F81400C00A36F8141000EBAF
:1011D000D12000E01F204FF6FF7101EAC0200290ED
:1011E00035F81400C0F3451036F81410C1F345115A
:1011F00008443F2809DA35F81400C0F3451036F8E2
:101200001410C1F34511084400E03F20029901EB9E
:10121000401080B2029015F8140000F01F0016F87C
:10122000141001F01F0108441F2809DA15F81400F2
:1012300000F01F0016F8141001F01F01084400E030
:101240001F200299084480B20290FEE03BF814008F
:1012500000B92AE137F81400E7F703FA27F8140079
:1012600035F81400C00A36F81410A0EBD12000287D
:1012700009DD35F81400C00A36F81410A0EBD120AF
:1012800002E03CE0DCE000204FF6FF7101EAC02004
:10129000029035F81400C0F3451036F81410C1F36D
:1012A0004511401A002809DD35F81400C0F3451037
:1012B00036F81410C1F34511401A00E000200299DD
:1012C00001EB401080B2029015F8140000F01F00EE
:1012D00016F8141001F01F01401A002809DD15F856
:1012E000140000F01F0016F8141001F01F01401A3E
:1012F00000E000200299084480B20290A5E03BF88B
:1013000014004FF6FF71884200D1CEE037F8140088
:10131000E7F7A7F927F8140035F81400C00A36F8E3
:101320001410C90A10FB01F04011C002029035F8F8
:101330001400C0F3451036F81410C1F3451110FB2A
:1013400001F08111029800EB411080B2029015F873
:10135000140000F01F0016F8141001F01F0110FB1C
:1013600001F1029800EB611080B202906DE037F855
:101370001400E7F776F927F8140035F81400C00ACE
:1013800036F81410A0EBD120002807DD35F8140042
:10139000C00A36F81410A0EBD12006E036F814008D
:1013A000C00A35F81410A0EBD1204FF6FF7101EA06
:1013B000C020029035F81400C0F3451036F8141020
:1013C000C1F34511401A002809DD35F81400C0F3B7
:1013D000451036F81410C1F34511401A08E036F8EC
:1013E0001400C0F3451035F81410C1F34511401A2C
:1013F000029901EB401080B2029015F8140000F041
:101400001F0016F8141001F01F01401A002809DD12
:1014100015F8140000F01F0016F8141001F01F0159
:10142000401A08E016F8140000F01F0015F8141018
:1014300001F01F01401A0299084480B2029004E0B2
:1014400000BF00BF09B0BDE8F08F00BFBAF1000FC8
:101450000BD137F81410069A0298E6F725FB019095
:10146000E7F7FFF827F814001EE00698FD280CDBCC
:101470001AF8042037F814100298E6F715FB0190CB
:10148000E7F7EFF827F814000EE01AF80400069BBF
:101490005843021237F814100298E6F705FB019042
:1014A000E7F7DFF827F8140000BF641C08988442AF
:1014B000FFF66AAE38460599DDF7CDFB074658467C
:1014C0000499DDF7C8FB8346BAF1000F01D00398F9
:1014D000824408F1010807988045FFF651AE00BF2D
:1014E00000BFAFE72DE9F04F87B08146D9F804007F
:1014F0000690D9F80800059099F821000490D9F8D1
:101500000080D9F80C000390D9F818B0D9F81C0065
:101510000290D9F810A0D9F81400019099F822008F
:1015200000286ED1BAF1000F1AD10498FD2817DBFC
:101530000698450000270FE02A4659464046F1F735
:1015400079FF40460399DDF789FB804658460299AA
:10155000DDF784FB83467F1C05988742ECDB08E2BD
:10156000BAF1000F22D10498FD281FDA002719E0F4
:10157000002409E038F814103BF81400049AE6F748
:1015800093FA28F81400641C06988442F2DB404663
:101590000399DDF763FB804658460299DDF75EFB51
:1015A00083467F1C05988742E2DBE2E1BAF1000F37
:1015B00025D00498FD2822DB00271CE000240AE047
:1015C0001AF8042038F814103BF81400E6F76CFA07
:1015D00028F81400641C06988442F1DB4046039905
:1015E000DDF73CFB804658460299DDF737FB834622
:1015F000019882447F1C05988742DFDBB9E1002710
:1016000020E023E000240DE01AF80430049D6B4331
:101610001A1238F814103BF81400E6F745FA28F8C7
:101620001400641C06988442EEDB40460399DDF703
:1016300015FB804658460299DDF710FB834601985A
:1016400082447F1C05988742DCDB92E100200090F9
:10165000002789E145465E46002471E199F82200A1
:10166000012806D0022855D003287CD004287BD13D
:10167000D6E03BF8140000B961E135F81400C00A67
:1016800036F8141000EBD1201F2807DA35F81400C3
:10169000C00A36F8141000EBD12000E01F204FF6EE
:1016A000FF7101EAC020009035F81400C0F3451026
:1016B00036F81410C1F3451108443F2809DA35F80B
:1016C0001400C0F3451036F81410C1F34511084456
:1016D00000E03F20009901EB401080B2009015F827
:1016E000140000F01F0016F8141001F01F01084448
:1016F0001F2809DA15F8140000F01F0016F814105E
:1017000001F01F01084400E01F200099084480B246
:101710000090EDE03BF8140000B910E135F814003A
:10172000C00A36F81410A0EBD120002807DD35F8E8
:101730001400C00A36F81410A0EBD12000E00020FD
:101740004FF6FF7101EAC020009035F81400C0F395
:10175000451036F81410C1F34511401A00280CDD6D
:1017600035F8140001E029E0BDE0C0F3451036F87B
:101770001410C1F34511401A00E00020009901EB5C
:10178000401080B2009015F8140000F01F0016F809
:10179000141001F01F01401A002809DD15F814008B
:1017A00000F01F0016F8141001F01F01401A00E0AD
:1017B00000200099084480B2009099E03BF81400A2
:1017C0004FF6FF71884200D1B9E035F81400C00A25
:1017D00036F81410C90A10FB01F04011C002009045
:1017E00035F81400C0F3451036F81410C1F3451154
:1017F00010FB01F08111009800EB411080B20090C5
:1018000015F8140000F01F0016F8141001F01F0165
:1018100010FB01F1009800EB611080B2009067E0CE
:1018200035F81400C00A36F81410A0EBD1200028B7
:1018300007DD35F81400C00A36F81410A0EBD120EB
:1018400006E036F81400C00A35F81410A0EBD120D9
:101850004FF6FF7101EAC020009035F81400C0F384
:10186000451036F81410C1F34511401A002809DD5F
:1018700035F81400C0F3451036F81410C1F34511C3
:10188000401A08E036F81400C0F3451035F814107B
:10189000C1F34511401A009901EB401080B200904D
:1018A00015F8140000F01F0016F8141001F01F01C5
:1018B000401A002809DD15F8140000F01F0016F882
:1018C000141001F01F01401A08E016F8140000F08F
:1018D0001F0015F8141001F01F01401A0099084468
:1018E00080B2009004E000BF00BF07B0BDE8F08FF9
:1018F00000BFBAF1000F08D138F81410049A00980C
:10190000E6F7D2F828F8140018E00498FD2809DB5F
:101910001AF8042038F814100098E6F7C5F828F8EB
:1019200014000BE01AF80400049B5843021238F824
:1019300014100098E6F7B8F828F8140000BF641CEB
:1019400006988442FFF68AAE40460399DDF786F991
:10195000804658460299DDF781F98346BAF1000FB7
:1019600001D0019882447F1C05988742FFF672AE31
:1019700000BF00BFB9E72DE9F34F87B08046D8F824
:1019800004000690D8F80800059098F821B0D8F81F
:101990000090D8F80C000490D8F81850D8F81C0023
:1019A0000390D8F810A0D8F81400029098F82200FC
:1019B00000287DD1BAF1000F3ED1BBF1FD0F3BDB1A
:1019C000002635E00024002727E035F81400C00A7F
:1019D00040F63A0110FB01F0C0F30721B81C09F8EA
:1019E000001035F81400C0F3451040F20D4110FB13
:1019F00001F0C0F30721781C09F8001015F8140055
:101A000000F01F0040F63A0110FB01F0C0F3072080
:101A100009F8070008980744641C06988442D4DB40
:101A20000498814428460399DDF71BF90546761C86
:101A300005988642C6DB1DE1BAF1000F41D1BBF12A
:101A4000FD0F3EDA002638E00024002728E035F8B4
:101A50001400C00A40F63A0110FB01F0000A8DF8AC
:101A6000060035F81400C0F3451040F20D4110FB9C
:101A700001F0000A8DF8050015F8140000F01F00B1
:101A800040F63A0110FB01F0000A8DF8040009EB62
:101A900007015A4601A8E6F773F908980744641C41
:101AA00006988442D3DB049881442846039900E0D9
:101AB00090E0DDF7D6F80546761C05988642C3DB34
:101AC000D8E0BAF1000F42D0BBF1FD0F3FDB00269A
:101AD00039E00024002729E035F81400C00A40F658
:101AE0003A0110FB01F0000A8DF8060035F81400E9
:101AF000C0F3451040F20D4110FB01F0000A8DF8D3
:101B0000050015F8140000F01F0040F63A0110FB24
:101B100001F0000A8DF804001AF8042009EB07010F
:101B200001A8E6F72DF908980744641C069884423A
:101B3000D2DB0498814428460399DDF792F80546E4
:101B400002988244761C05988642C2DB92E0002609
:101B50003CE0002400272CE035F81400C00A40F6D1
:101B60003A0110FB01F0000A8DF8060035F8140068
:101B7000C0F3451040F20D4110FB01F0000A8DF852
:101B8000050015F8140000F01F0040F63A0110FBA4
:101B900001F0000A8DF804001AF8040000FB0BF0B5
:101BA000021209EB070101A8E6F7EAF808980744D2
:101BB000641C06988442CFDB04988144284603992C
:101BC000DDF74FF8054602988244761C0598864258
:101BD000BFDB4FE0002649E00024002736E035F85F
:101BE0001400C00A40F63A0110FB01F0000A8DF81B
:101BF000060035F81400C0F3451040F20D4110FB0B
:101C000001F0000A8DF8050015F8140000F01F001F
:101C100040F63A0110FB01F0000A8DF80400BAF119
:101C2000000F02D18DF807B006E01AF8040000FB9F
:101C30000BF000128DF8070098F8222009EB07003E
:101C40000199DAF74EF8641C089807440698844214
:101C5000C5DBBAF1000F01D0029882440498814498
:101C600028460399DCF7FDFF0546761C0598864259
:101C7000B2DB00BF09B0BDE8F08F2DE9F04F89B0AD
:101C8000064670680890B068079096F821A0D6F8CC
:101C90000080F0680690D6F818B0F06905903769B2
:101CA0007069049096F8220000287ED13FBBBAF1FB
:101CB000FD0F24DB00251EE00024A14610E03BF8C8
:101CC0001400E6F7C8FC03900398E5F750FE029075
:101CD0000298E5F763FE08F8090009F10109641CA0
:101CE00008988442EBDB0698804458460599DCF757
:101CF000AFFF83466D1C07988542DDDBE1E05FBBEB
:101D0000BAF1FD0F28DA002522E00024A14614E0F4
:101D10003BF81400E6F79FFC03900398E5F727FED5
:101D200002900298E5F73AFE08EB0901524601904D
:101D3000E6F711FA09F10109641C08988442E7DB0F
:101D40000698804458460599DCF782FF83466D1C4F
:101D500007988542D9DBB4E047B3BAF1FD0F2DDB1C
:101D6000002527E00024A14614E03BF81400E6F724
:101D700072FC03900398E5F7FAFD02900298E5F7EC
:101D80000DFE01903A5D08EB0901E6F7E4F909F16F
:101D90000109641C08988442E7DB06988044584691
:101DA0000599DCF755FF834601E036E006E004982C
:101DB00007446D1C07988542D4DB82E0002528E0AB
:101DC0000024A14618E03BF81400E6F744FC039019
:101DD0000398E5F7CCFD02900298E5F7DFFD01904E
:101DE000385D00FB0AF0021208EB09010198E6F7E2
:101DF000B2F909F10109641C08988442E3DB0698F2
:101E0000804458460599DCF723FF8346049807442D
:101E10006D1C07988542D3DB53E000254DE000247C
:101E2000A1463CE03BF81400E6F715FC039003984C
:101E3000E5F79DFD0290BDF80800C00A40F63A01A2
:101E400010FB01F0000A8DF80600BDF80800C0F391
:101E5000451040F20D4110FB01F0000A8DF805001D
:101E6000BDF8080000F01F0040F63A0110FB01F039
:101E7000000A8DF8040017B98DF807A005E0385D59
:101E800000FB0AF000128DF8070096F8222008EBFC
:101E900009000199D9F7E5FE641C09F101090898C8
:101EA0008442BFDB0FB1049807440698804458462B
:101EB0000599DCF7CDFE83466D1C07988542AEDBA5
:101EC00000BF09B0BDE8F08F2DE9F04F8FB0054697
:101ED000D5F804B0A8680E9095F82190D5F8008048
:101EE000E8680D90D5F818A0E8690C902F6968692A
:101EF0000B9006A8E6F733FB95F8220000287CD16A
:101F0000002F58D1B9F1FD0F01DB039001E0002053
:101F10000390039800284DD18DF82B90002646E0C1
:101F2000002437E03AF81400E6F789FB059005989D
:101F3000E5F7EFFC0490BDF81000C00A40F63A0146
:101F400010FB01F0000A8DF82A00BDF81000C0F364
:101F5000451040F20D4110FB01F0000A8DF82900F8
:101F6000BDF8100000F01F0040F63A0110FB01F030
:101F7000000A8DF8280008EB8400006806AA0146D4
:101F800001900A98E5F745FF029008EB840002995A
:101F90000160641C5C45C5DB40460D99DCF752FED0
:101FA000804650460C99DCF74DFE8246761C0E9812
:101FB0008642B5DB01E1002F56D0B9F1FD0F53DBAE
:101FC00000264DE000243CE0385D8DF82B003AF807
:101FD0001400E6F734FB05900598E5F79AFC0490A9
:101FE000BDF81000C00A40F63A0110FB01F0000AEB
:101FF0008DF82A00BDF8100000E08AE0C0F345101B
:1020000040F20D4110FB01F0000A8DF82900BDF8E7
:10201000100000F01F0040F63A0110FB01F0000A2A
:102020008DF8280008EB8400006806AA014602909B
:102030000A98E5F7EEFE039008EB8400039901602F
:10204000641C5C45C0DB40460D99DCF7FBFD804617
:1020500050460C99DCF7F6FD82460B980744761C37
:102060000E988642AEDBA8E000264EE000243DE05C
:10207000385D00FB09F000128DF82B003AF81400CF
:10208000E6F7DDFA05900598E5F743FC0490BDF806
:102090001000C00A40F63A0110FB01F0000A8DF86A
:1020A0002A00BDF81000C0F3451040F20D4110FBAE
:1020B00001F0000A8DF82900BDF8100000F01F00A3
:1020C00040F63A0110FB01F0000A8DF8280008EBF9
:1020D0008400006806AA014602900A98E5F799FE76
:1020E000039008EB840003990160641C5C45BFDB2E
:1020F00040460D99DCF7A6FD804650460C99DCF76A
:10210000A1FD82460B980744761C0E988642ADDBF3
:1021100053E000264DE000243BE03AF81400E6F7D7
:102120008EFA05900598E5F7F4FB0490BDF81000D1
:10213000C00A40F63A0110FB01F0000A8DF80E00CB
:10214000BDF81000C0F3451040F20D4110FB01F046
:10215000000A8DF80D00BDF8100000F01F0040F6D9
:102160003A0110FB01F0000A8DF80C0017B98DF848
:102170000F9005E0385D00FB09F000128DF80F00AC
:1021800095F8222008EB840006AB0399D9F738FCB8
:10219000641C5C45C1DB0FB10B98074440460D99A8
:1021A000DCF750FD804650460C99DCF74BFD82462B
:1021B000761C0E988642AEDB00BF0FB0BDE8F08FF4
:1021C0002DE9F04F8BB0074678680A90B8680990FF
:1021D00097F821A038680890F8680790D7F818B0E9
:1021E000F8690690D7F8108078690590786AC11769
:1021F00000EB5171C910A0EBC10997F8220000282B
:102200007ED1B8F1000F35D1BAF1FD0F32DB0025D8
:102210002CE0002600241BE03BF81600E6F715FA38
:102220000290E5F78DFB04900498E5F7B7FB039067
:1022300003987F2805DD04EB0901089803F0EFFD02
:1022400004E004EB09010898DAF7ECFF641C761C43
:102250000A988642E0DBDDE90710DCF7F6FC08901F
:1022600058460699DCF7F1FC83466D1C09988542B7
:10227000CFDB49E1B8F1000F46D1BAF1FD0F43DAE7
:1022800000253BE0002600242AE03BF81600E6F794
:10229000DCF90190E5F754FB04900498E5F77EFB28
:1022A000039004EB09010898DEF7AFF8C0EB0020BB
:1022B000C0B20290524602A90398E5F739FF9DF893
:1022C00008007F2805DD04EB0901089803F0A7FD4D
:1022D00004E004EB09010898DAF7A4FF641C761CFB
:1022E0000A988642D1DBDDE90710DCF7AEFC0890E6
:1022F00058460699DCF7A9FC83466D1C099800E056
:10230000A7E08542BEDBFFE0B8F1000F4DD0BAF187
:10231000FD0F4ADB002544E0002003900024002646
:102320002FE03BF81600E6F790F90090E5F708FB80
:1023300004900498E5F732FB029004EB0901089839
:10234000DEF763F8C0EB0020C0B20190039818F8E4
:10235000002001A90298E5F7EBFE9DF804007F2814
:1023600005DD04EB0901089803F059FD04E004EBD6
:1023700009010898DAF756FF0398401C0390641C83
:10238000761C0A988442CCDBDDE90710DCF75DFCA3
:10239000089058460699DCF758FC83460598804417
:1023A0006D1C09988542B7DBAEE0B8F1000FAAD0EA
:1023B000BAF1FD0FA7DA002547E0002003900024C2
:1023C000002632E03BF81600E6F73FF90090E5F70B
:1023D000B7FA04900498E5F7E1FA029004EB0901DA
:1023E0000898DEF712F8C0EB0020C0B20190039805
:1023F00018F8000000FB0AF0021201A90298E5F7A4
:1024000097FE9DF804007F2805DD04EB090108987C
:1024100003F005FD04E004EB09010898DAF702FF78
:102420000398401C0390641C761C0A988442C9DB04
:10243000DDE90710DCF709FC089058460699DCF73F
:1024400004FC8346059880446D1C09988542B4DBE2
:102450005AE0002554E0002600243EE03BF8160038
:10246000E6F7F3F80290E5F76BFA0490BDF8100078
:10247000C00A40F63A0110FB01F0000A8DF80E0088
:10248000BDF81000C0F3451040F20D4110FB01F003
:10249000000A8DF80D00BDF8100000F01F0040F696
:1024A0003A0110FB01F0000A8DF80C00B8F1000FA2
:1024B00002D18DF80FA006E018F8060000FB0AF024
:1024C00000128DF80F0097F8223004EB0901039AEF
:1024D0000898D9F764FB761C641C0A988642BDDB19
:1024E000B8F1000F01D005988044DDE90710DCF752
:1024F000ACFB089058460699DCF7A7FB83466D1C99
:1025000009988542A7DB00BF0BB0BDE8F08F2DE92D
:10251000F04F89B08046D8F804000890D8F8080039
:10252000079098F821000690D8F80060D8F80C00C1
:102530000590D8F818A0D8F81C000490D8F810908E
:10254000D8F81400039098F8220000287DD1B9F142
:10255000000F1AD10698FD2817DB089845000027C0
:102560000FE02A4651463046F0F764FF30460599A1
:10257000DCF771FB064650460499DCF76CFB82469B
:102580007F1C07988742ECDB49E2B9F1000F2DD19F
:102590000698FD282ADA002724E0002414E036F803
:1025A0001400E6F75EF805463AF81400E6F759F825
:1025B00083462946069AE5F777FA05462846E6F760
:1025C00050F826F81400641C08988442E7DB304673
:1025D0000599DCF740FB064650460499DCF73BFBC7
:1025E00082467F1C07988742D7DB18E2B9F1000FBB
:1025F00032D00698FD282FDB002729E0002415E0C3
:1026000036F81400E6F72DF805463AF81400E6F718
:1026100028F8834619F804202946E5F745FA0546C7
:102620002846E6F71EF826F81400641C0898844231
:10263000E6DB30460599DCF70EFB0646504604996A
:10264000DCF709FB8246039800E037E081447F1CF9
:1026500007988742D2DBE2E100272BE0002419E053
:1026600036F81400E5F7FDFF05463AF81400E5F7E3
:10267000F8FF834619F804000699484302122946D8
:102680005846E5F711FA05462846E5F7EAFF26F829
:102690001400641C08988442E2DB30460599DCF79C
:1026A000DAFA064650460499DCF7D5FA82460398D2
:1026B00081447F1C07988742D0DBB0E14FF0000BCC
:1026C0000027A7E13546002490E13AF81400E5F729
:1026D000C8FF0290022202A901A8F0F7ABFE98F809
:1026E0002200012806D0022858D0032871D00428DF
:1026F00070D1DFE03AF8140000B976E136F8140042
:10270000E5F7AFFF26F8140035F81400C00ABDF84D
:10271000041000EBD1201F2807DA35F81400C00A96
:10272000BDF8041000EBD12000E01F204FF6FF7130
:1027300001EAC02B35F81400C0F34510BDF80410B1
:10274000C1F3451108443F2809DA35F81400C0F3F5
:102750004510BDF80410C1F34511084400E03F20C6
:102760000BEB40101FFA80FB15F8140000F01F005F
:10277000BDF8041001F01F0108441F2809DA15F8FC
:10278000140000F01F00BDF8041001F01F01084400
:1027900000E01F2058441FFA80FBF6E03AF81400CE
:1027A00000B922E136F81400E5F75BFF26F81400C3
:1027B00035F81400C00ABDF80410A0EBD1200028A1
:1027C00009DD35F81400C00ABDF80410A0EBD120D3
:1027D00002E039E0D4E000204FF6FF7101EAC02B9F
:1027E00035F81400C0F34510BDF80410C1F34511CD
:1027F000401A002809DD35F81400C0F34510BDF873
:102800000410C1F34511401A00E000200BEB40100A
:102810001FFA80FB15F8140000F01F00BDF804102B
:1028200001F01F01401A002809DD15F8140000F01E
:102830001F00BDF8041001F01F01401A00E0002045
:1028400058441FFA80FBA0E03AF814004FF6FF71DD
:10285000884200D1C9E036F81400E5F702FF26F8F7
:10286000140035F81400C00ABDF80410C90A10FBA2
:1028700001F040114FEAC02B35F81400C0F34510A9
:10288000BDF80410C1F3451110FB01F080110BEBF2
:1028900040101FFA80FB15F8140000F01F00BDF86F
:1028A000041001F01F0110FB01F00BEB60101FFA88
:1028B00080FB6AE036F81400E5F7D3FE26F8140032
:1028C00035F81400C00ABDF80410A0EBD120002890
:1028D00007DD35F81400C00ABDF80410A0EBD120C4
:1028E00006E0BDF80400C00A35F81410A0EBD120B2
:1028F0004FF6FF7101EAC02B35F81400C0F3451004
:10290000BDF80410C1F34511401A002809DD35F85F
:102910001400C0F34510BDF80410C1F34511401A6E
:1029200008E0BDF80400C0F3451035F81410C1F3F9
:102930004511401A0BEB40101FFA80FB15F81400EC
:1029400000F01F00BDF8041001F01F01401A00281C
:1029500009DD15F8140000F01F00BDF8041001F0A7
:102960001F01401A08E0BDF8040000F01F0015F830
:10297000141001F01F01401A58441FFA80FB04E0B4
:1029800000BF00BF09B0BDE8F08F00BFB9F1000F74
:102990000BD136F814105846069AE5F785F80090E2
:1029A000E5F75FFE26F814001EE00698FD280CDB14
:1029B00019F8042036F814105846E5F775F8009019
:1029C000E5F74FFE26F814000EE019F80400069B08
:1029D0005843021236F814105846E5F765F800908F
:1029E000E5F73FFE26F8140000BF641C08988442F7
:1029F000FFF66BAE30460599DCF72DF906465046DA
:102A00000499DCF728F98246B9F1000F01D0039848
:102A100081447F1C07988742FFF654AE00BF00BF79
:102A2000B0E72DE9F04F89B08046D8F8040008904F
:102A3000D8F80800079098F821000690D8F80070A0
:102A4000D8F80C000590D8F818A0D8F81C0004900D
:102A5000D8F81090D8F81400039098F822000028B5
:102A600076D1B9F1000F1ED10698FD281BDB08981E
:102A70004500002613E02A4651463846F0F7DAFCB6
:102A800038460899ECF795FB38460599DCF7E6F8E7
:102A9000074650460499DCF7E1F88246761C079811
:102AA0008642E8DB21E2B9F1000F25D10698FD2826
:102AB00022DA00261CE000240CE03AF81400E5F7C6
:102AC000D6FD054637F81410069AE4F7EDFF27F80F
:102AD0001400641C08988442EFDB38460599DCF743
:102AE000BDF8074650460499DCF7B8F88246761CD4
:102AF00007988642DFDBF8E1B9F1000F29D006988C
:102B0000FD2826DB00261FE000240DE03AF8140023
:102B1000E5F7ADFD054619F8042037F81410E4F781
:102B2000C3FF27F81400641C08988442EEDB384683
:102B30000599DCF793F8074650460499DCF78EF8C0
:102B4000824603988144761C07988642DCDBCCE100
:102B500029E0002623E0002411E03AF81400E5F70C
:102B600086FD054619F80400069B5843021237F803
:102B700014102846E4F798FF27F81400641C0898FE
:102B80008442EADB38460599DCF768F80746504688
:102B90000499DCF763F8824603988144761C079811
:102BA0008642D8DBA1E14FF0000B002698E13D46BC
:102BB000002481E13AF81400E5F759FD02900298EB
:102BC000C20ABDF8001062F3CF2100914109BDF89F
:102BD000002061F34A120092BDF8001060F3040176
:102BE0000091BDF800201146019198F822000128BB
:102BF00006D0022852D003287CD004287BD1CEE016
:102C00003AF8140000B956E135F81400C00ABDF8CE
:102C1000041000EBD1201F2807DA35F81400C00A91
:102C2000BDF8041000EBD12000E01F204FF6FF712B
:102C300001EAC02B35F81400C0F34510BDF80410AC
:102C4000C1F3451108443F2809DA35F81400C0F3F0
:102C50004510BDF80410C1F34511084400E03F20C1
:102C60000BEB40101FFA80FB15F8140000F01F005A
:102C7000BDF8041001F01F0108441F2809DA15F8F7
:102C8000140000F01F00BDF8041001F01F010844FB
:102C900000E01F2058441FFA80FBE5E03AF81400DA
:102CA00000B908E135F81400C00ABDF80410A0EB23
:102CB000D120002807DD35F81400C00ABDF8041043
:102CC000A0EBD12000E000204FF6FF7101EAC02BFD
:102CD00035F81400C0F34510BDF80410C1F34511D8
:102CE000401A00280CDD35F81400C0F34510BDF87B
:102CF000041001E023E0B2E0C1F34511401A00E006
:102D000000200BEB40101FFA80FB15F8140000F0B8
:102D10001F00BDF8041001F01F01401A002809DD52
:102D200015F8140000F01F00BDF8041001F01F0199
:102D3000401A00E0002058441FFA80FB94E03AF863
:102D400014004FF6FF71884200D1B4E035F814004A
:102D5000C00ABDF80410C90A10FB01F040114FEA87
:102D6000C02B35F81400C0F34510BDF80410C1F3B2
:102D7000451110FB01F080110BEB40101FFA80FB96
:102D800015F8140000F01F00BDF8041001F01F0139
:102D900010FB01F00BEB60101FFA80FB64E035F8CC
:102DA0001400C00ABDF80410A0EBD120002807DDF4
:102DB00035F81400C00ABDF80410A0EBD12006E0DD
:102DC000BDF80400C00A35F81410A0EBD1204FF66E
:102DD000FF7101EAC02B35F81400C0F34510BDF8AF
:102DE0000410C1F34511401A002809DD35F814001C
:102DF000C0F34510BDF80410C1F34511401A08E0B6
:102E0000BDF80400C0F3451035F81410C1F34511A6
:102E1000401A0BEB40101FFA80FB15F8140000F06D
:102E20001F00BDF8041001F01F01401A002809DD41
:102E300015F8140000F01F00BDF8041001F01F0188
:102E4000401A08E0BDF8040000F01F0015F8141047
:102E500001F01F01401A58441FFA80FB04E000BF34
:102E600000BF09B0BDE8F08F00BFB9F1000F08D175
:102E700037F814105846069AE4F716FE27F814009F
:102E800018E00698FD2809DB19F8042037F814101B
:102E90005846E4F709FE27F814000BE019F804007F
:102EA000069B5843021237F814105846E4F7FCFD0D
:102EB00027F8140000BF641C08988442FFF67AAE1D
:102EC00038460599DBF7CAFE074650460499DBF7FA
:102ED000C5FE8246B9F1000F01D003988144761CEB
:102EE00007988642FFF663AE00BF00BFB9E72DE941
:102EF000F34F89B0054668680890A868079095F870
:102F000021A0D5F800B0E8680690D5F81880E869E7
:102F100005902E696869049002A8E5F7FBFA95F818
:102F2000220000287DD116BBBAF1FD0F1FDB002760
:102F30001AE00024A1460CE008EB0900E4F77BFD51
:102F40000BF81400FF200BEB44014870641C0A9836
:102F5000814408988442EFDB58460699DBF76CFE03
:102F60008346059880447F1C07988742E1DB36BB87
:102F7000BAF1FD0F23DA00271EE00024A14610E07D
:102F800008EB0900E4F757FD8DF804008DF805A063
:102F90000BEB440102AA0198E4F7ACFD641C0A980B
:102FA000814408988442EBDB58460699DBF744FEDF
:102FB0008346059880447F1C07988742DDDB8EB3EB
:102FC000BAF1FD0F30DB002727E00020019000243C
:102FD000814615E008EB0900E4F72DFD8DF80000AF
:102FE0000198305C8DF801000BEB440102AA0098B7
:102FF000E4F780FD0198401C0190641C0A9881440C
:1030000008988442E6DB58460699DBF715FE8346AE
:1030100005988044049806447F1C07988742D4DBB7
:1030200001E037E000E000BF002E64D0BAF1FD0FF0
:1030300061DA00272AE0002001900024814618E090
:1030400008EB0900E4F7F7FC8DF800000198305C0C
:1030500000FB0AF000128DF801000BEB440102AAFC
:103060000098E4F747FD0198401C0190641C0A9801
:10307000814408988442E3DB58460699DBF7DCFD7F
:10308000834605988044049806447F1C079887422D
:10309000D1DB30E000272BE00024A1461AE008EB4A
:1030A0000900E4F7C8FC8DF8040016B98DF805A0F6
:1030B00005E0305D00FB0AF000128DF8050095F880
:1030C00022200BEB440002AB0199D8F73FFC641CB3
:1030D0000A98814408988442E1DB0EB104980644C2
:1030E00058460699DBF7A8FD8346059880447F1C67
:1030F00007988742D0DB0BB0BDE8F08F2DE9F34F86
:103100008DB08046D8F804000C90D8F808000B90D9
:1031100098F821B0D8F80090D8F80C000A90D8F8A8
:103120001860D8F81C000990D8F810A0D8F814003E
:10313000089003A8E5F700FA98F8220000287CD14F
:10314000BAF1000F4AD1BBF1FD0F47DB0E980428FE
:1031500018D10C988000029000270FE031464846B5
:10316000029AF0F767F948460A99DBF768FD81464D
:1031700030460999DBF763FD06467F1C0B988742B2
:10318000ECDB2BE00E98032828D1002723E0002554
:10319000002412E0A01C305C09EB85018870601CE3
:1031A000305C09EB85014870305D09F82500FF208F
:1031B00009EB8501C8706D1CE41C0C988542E9DBA5
:1031C00048460A99DBF73BFD814630460999DBF713
:1031D00036FD06467F1C0B988742D8DBBAF1000FFC
:1031E00047D1BBF1FD0F44DA8DF81FB000273DE059
:1031F000002500242CE0A01C305C9DF81F1010FB63
:1032000001F000128DF81E00601C305C9DF81F104C
:1032100010FB01F000128DF81D00305D9DF81F10AD
:1032200010FB01F000128DF81C0009EB850000680E
:1032300003AA01460190079800E0B8E0E4F74FFECA
:10324000029009EB8500029901606D1C0E98044400
:103250000C988542CFDB48460A99DBF7F0FC8146A3
:1032600030460999DBF7EBFC06467F1C0B9887423A
:10327000BEDBBAF1000F49D0BBF1FD0F46DB0027E2
:1032800041E0002500242EE01AF805008DF81F000B
:10329000A01C305C9DF81F1010FB01F000128DF88F
:1032A0001E00601C305C9DF81F1010FB01F0001226
:1032B0008DF81D00305D9DF81F1010FB01F000120D
:1032C0008DF81C0009EB8500006803AA01460190F7
:1032D0000798E4F704FE029009EB8500029901606B
:1032E0006D1C0E9804440C988542CDDB48460A9923
:1032F000DBF7A5FC814630460999DBF7A0FC0646C2
:10330000089882447F1C0B988742BADBBAF1000F01
:103310004CD0BBF1FD0F49DA002744E00025002422
:1033200031E01AF8050000FB0BF000128DF81F00C9
:10333000A01C305C9DF81F1010FB01F000128DF8EE
:103340001E00601C305C9DF81F1010FB01F0001285
:103350008DF81D00305D9DF81F1010FB01F000126C
:103360008DF81C0009EB8500006803AA0146019056
:103370000798E4F7B4FD029009EB8500029901601B
:103380006D1C0E9804440C988542CADB48460A9985
:10339000DBF755FC814630460999DBF750FC0646C1
:1033A000089882447F1C0B988742B7DB3EE00027D9
:1033B00038E00025002422E0A01C305C8DF80A00D3
:1033C000601C305C8DF80900305D8DF80800BAF1A2
:1033D000000F02D18DF80BB006E01AF8050000FBD3
:1033E0000BF000128DF80B0098F8222009EB8500F5
:1033F00003AB0299D8F73EFD6D1C0E9804440C985F
:103400008542D9DBBAF1000F01D0089882444846C2
:103410000A99DBF714FC814630460999DBF70FFC6B
:1034200006467F1C0B988742C3DB00BF0FB0BDE888
:10343000F08F2DE9F34F8DB08046D8F804000C9042
:10344000D8F808000B9098F821B0D8F80090D8F878
:103450000C000A90D8F81860D8F81C000990D8F829
:1034600010A0D8F81400089003A8E5F778F898F8A9
:10347000220000287CD1BAF1000F4AD1BBF1FD0F28
:1034800047DB0E98042818D10C9880000290002782
:103490000FE031464846029AEFF7CCFF48460A99BA
:1034A000DBF7D0FB814630460999DBF7CBFB0646BC
:1034B0007F1C0B988742ECDB2BE00E98032828D169
:1034C000002723E00025002412E0A01C305C09EB5B
:1034D00085018870601C305C09EB85014870305DA7
:1034E00009F82500FF2009EB8501C8706D1CE41C5C
:1034F0000C988542E9DB48460A99DBF7A3FB814635
:1035000030460999DBF79EFB06467F1C0B988742E5
:10351000D8DBBAF1000F38D1BBF1FD0F35DA8DF8E9
:103520001FB000272EE0002500241BE0A01C305C0B
:103530008DF81E00601C305C8DF81D00305D8DF82C
:103540001C0009EB8500006803AA0146019007985A
:10355000E4F75FFC029009EB8500029901606D1CA5
:103560000E9804440C988542E0DB48460A9900E036
:103570008BE0DBF767FB814630460999DBF762FB9E
:1035800006467F1C0B988742CDDBBAF1000F3AD07C
:10359000BBF1FD0F37DB002732E0002500241FE0E0
:1035A0001AF805008DF81F00A01C305C8DF81E0075
:1035B000601C305C8DF81D00305D8DF81C0009EB3F
:1035C0008500006803AA014601900798E4F721FCF2
:1035D000029009EB8500029901606D1C0E9804446D
:1035E0000C988542DCDB48460A99DBF72BFB8146C9
:1035F00030460999DBF726FB0646089882447F1C73
:103600000B988742C9DBBAF1000F7DD0BBF1FD0FEB
:103610007ADA002735E00025002422E01AF80500B8
:1036200000FB0BF000128DF81F00A01C305C8DF821
:103630001E00601C305C8DF81D00305D8DF81C0094
:1036400009EB8500006803AA014601900798E4F79A
:10365000E0FB029009EB8500029901606D1C0E9859
:1036600004440C988542D9DB48460A99DBF7EAFA0C
:10367000814630460999DBF7E5FA06460898824408
:103680007F1C0B988742C6DB3EE0002738E0002510
:10369000002422E0A01C305C8DF80A00601C305C25
:1036A0008DF80900305D8DF80800BAF1000F02D1E5
:1036B0008DF80BB006E01AF8050000FB0BF00012C5
:1036C0008DF80B0098F8222009EB850003AB0299D6
:1036D000D8F796F96D1C0E9804440C988542D9DBF6
:1036E000BAF1000F01D00898824448460A99DBF7E6
:1036F000A9FA814630460999DBF7A4FA06467F1CF1
:103700000B988742C3DB00BF0FB0BDE8F08F2DE9F7
:10371000F34F89B0064670680890B068079096F835
:1037200021A030680690F0680590D6F818B0F069CE
:103730000490D6F8108070690390706AC11700EB8E
:103740005171C910A0EBC10996F82200002831D1AF
:10375000B8F1000F2FD1BAF1FD0F2CDB002526E0C8
:103760000024002715E00BEB0700E4F764F9029052
:1037700002987F2805DD04EB0901069802F04FFB53
:1037800004E004EB09010698D9F74CFD641C0A9883
:10379000074408988442E6DBDDE90510DBF755FABB
:1037A000069058460499DBF750FA83466D1C07983B
:1037B0008542D5DB1CE1B8F1000F3ED1BAF1FD0F17
:1037C0003BDA002535E00024002724E00BEB07005E
:1037D000E4F731F9029004EB09010698DCF715FED5
:1037E000C0EB0020C0B20190524601A90298E4F754
:1037F0009FFC9DF804007F2805DD04EB0901069875
:1038000002F00DFB04E004EB09010698D9F70AFD6C
:10381000641C0A98074408988442D7DBDDE9051048
:10382000DBF713FA069058460499DBF70EFA834645
:103830006D1C07988542C6DBDAE0B8F1000F47D06F
:10384000BAF1FD0F44DB00253EE000200290002489
:10385000002729E00BEB0700E4F7EDF8019004EBFB
:1038600009010698DCF7D1FDC0EB0020C0B2009042
:10387000029818F8002069460198E4F759FC9DF871
:1038800000007F2805DD04EB0901069802F0C7FA65
:1038900004E004EB09010698D9F7C4FC0298401C27
:1038A0000290641C0A98074408988442D2DBDDE940
:1038B0000510DBF7CAF9069058460499DBF7C5F9FD
:1038C0008346039880446D1C07988542BDDB8FE0DA
:1038D000B8F1000F4AD0BAF1FD0F47DA002541E0F8
:1038E00000200290002400272CE00BEB0700E4F7F7
:1038F000A2F8019004EB09010698DCF786FDC0EB05
:103900000020C0B20090029818F8000000FB0AF0F6
:10391000021269460198E4F70BFC9DF800007F282D
:1039200005DD04EB0901069802F079FA04E004EBE6
:1039300009010698D9F776FC0298401C0290641C95
:103940000A98074408988442CFDBDDE90510DBF7CD
:103950007CF9069058460499DBF777F9834603987B
:1039600080446D1C07988542BADB41E000253BE0AE
:103970000024002725E0B81C1BF800008DF80A0081
:10398000781C1BF800008DF809001BF807008DF863
:103990000800B8F1000F02D18DF80BA006E018F86E
:1039A000040000FB0AF000128DF80B0096F822309C
:1039B00004EB0901029A0698D8F7F1F8641C0A98FA
:1039C000074408988442D6DBB8F1000F01D0039871
:1039D0008044DDE90510DBF738F906905846049974
:1039E000DBF733F983466D1C07988542C0DB00BFC7
:1039F0000BB0BDE8F08F2DE9F34F87B00646706835
:103A00000690B068059096F821B0D6F800A0F0684E
:103A10000490B769F0690390D6F81080706902903D
:103A200096F8220000287AD1B8F1000F1BD1BBF123
:103A3000FD0F18DB814613E00024002507E078190C
:103A4000E3F7F9FF0AF80400641C08980544069897
:103A50008442F4DB049882440398074409F1010985
:103A600005988145E8DBB8F1000F20D1BBF1FD0FCF
:103A70001DDA4FF0000917E0002400250BE078194B
:103A8000E3F7D9FF0AEB04015A460190E4F763FB20
:103A9000641C0898054406988442F0DB049882442C
:103AA0000398074409F1010905988145E4DBB8F161
:103AB000000F2BD0BBF1FD0F28DB4FF0000921E0F8
:103AC000002001900024002511E07819E3F7B3FFEE
:103AD0000090019818F800200AEB04010098E4F720
:103AE0003AFB0198401C0190641C08980544069814
:103AF0008442EADB04988244039807440298804495
:103B000009F1010905988145DADB00BFB8F1000F22
:103B100069D0BBF1FD0F66DA4FF0000925E028E01F
:103B2000002001900024002514E07819E3F783FFBA
:103B30000090019818F8000000FB0BF002120AEB4D
:103B400004010098E4F707FB0198401C0190641CF5
:103B50000898054406988442E7DB04988244039859
:103B600007440298804409F1010905988145D7DB93
:103B700039E04FF0000932E00024002521E0A81CC4
:103B8000385C8DF80600681C385C8DF80500785D9F
:103B90008DF80400B8F1000F02D18DF807B006E0EF
:103BA00018F8040000FB0BF000128DF8070096F8DF
:103BB00022200AEB04000199D8F753F8641C0898F6
:103BC000054406988442DADBB8F1000F01D0029870
:103BD0008044049882440398074409F10109059838
:103BE0008145C9DB00BF09B0BDE8F08F2DE9F34F77
:103BF00089B08346DBF804000890DBF808000790E2
:103C00009BF821000690DBF80080DBF80C000590A3
:103C1000DBF81860DBF81C000490DBF81090DBF890
:103C2000140003909BF8220000287DD1B9F1000F09
:103C30002ED10698FD282BDB4FF0000A24E000244B
:103C4000002515E0A91C715C01F0F8010A02691C4D
:103C5000715C01F0FC0102EBC101725D01EBD2016C
:103C600088B2E4F7FEFC28F81400641C0A980544A6
:103C700008988442E6DB40460599DAF7ECFF804677
:103C8000049806440AF1010A07988245D7DB2CE024
:103C9000B9F1000F29D10698FD2826DA4FF0000A65
:103CA00020E00024002511E038F81400E4F7D9FCE6
:103CB00002907019069A0299E3F78AFF0746E4F723
:103CC000D0FC28F81400641C0A9805440898844223
:103CD000EADB40460599DAF7BEFF804604980644C1
:103CE0000AF1010A07988245DBDBB9F1000F2ED0FB
:103CF0000698FD282BDB4FF0000A25E00024002564
:103D000014E038F81400E4F7ACFC029019F8042031
:103D100070190299E3F75CFF0746E4F7A2FC28F864
:103D20001400641C0A9800E045E0054408988442A9
:103D3000E7DB40460599DAF78EFF80460498064493
:103D4000039881440AF1010A07988245D6DBB9F14C
:103D5000000F2FD00698FD282CDA4FF0000A26E03D
:103D60000024002515E038F81400E4F77AFC0290EE
:103D700019F80410069B59430A1270190299E3F7C7
:103D800027FF0746E4F76DFC28F81400641C0A9826
:103D9000054408988442E6DB40460599DAF75BFF64
:103DA000804604980644039881440AF1010A079862
:103DB0008245D5DB76E10020029082466DE14746E0
:103DC00040460899EBF7F5F90024002553E19BF8EC
:103DD0002200012806D002284BD0032873D00428E3
:103DE00072D1B7E037F81400C10AA81C305C01EBAF
:103DF000E0001F2807DA37F81400C10AA81C305C5D
:103E000001EBE00000E01F204FF6FF7101EAC02047
:103E1000029037F81400C0F34511681C305C01EBC8
:103E2000A0003F2808DA37F81400C0F34511681CD9
:103E3000305C01EBA00000E03F20029901EB401054
:103E400080B2029017F8140000F01F00715D00EBC3
:103E5000E1001F2807DA17F8140000F01F00715D59
:103E600000EBE10000E01F200299084480B20290BC
:103E7000CFE037F81400C10AA81C305CA1EBE000C9
:103E8000002807DD37F81400C10AA81C305CA1EB3C
:103E9000E00000E000204FF6FF7101EAC020029030
:103EA00037F81400C0F34511681C305CA1EBA0008A
:103EB00000280ADD37F81400C0F34511681C305C97
:103EC000A1EBA00002E01DE09EE00020029901EBC2
:103ED000401080B2029017F8140000F01F00715DCE
:103EE000A0EBE100002807DD17F8140000F01F0028
:103EF000715DA0EBE10000E000200299084480B26F
:103F0000029086E037F81400C10AA81C305CC0108B
:103F100011FB00F04011C002029037F81400C0F30A
:103F20004511681C305C801011FB00F08111029873
:103F300000EB411080B2029017F8140000F01F004F
:103F4000715DC91010FB01F1029800EB611080B2A5
:103F500002905EE037F81400C10AA81C305CA1EBA7
:103F6000E000002807DD37F81400C10AA81C305C07
:103F7000A1EBE00006E0A81C305CC01037F814107C
:103F8000A0EBD1204FF6FF7101EAC020029037F874
:103F90001400C0F34511681C305CA1EBA0000028A0
:103FA00008DD37F81400C0F34511681C305CA1EB44
:103FB000A00007E037F81400C0F34511681C305C1E
:103FC000C1EBA000029901EB401080B2029017F8FB
:103FD000140000F01F00715DA0EBE100002807DD78
:103FE00017F8140000F01F00715DA0EBE10006E07F
:103FF00017F8140000F01F00715DC0EBE10002999A
:10400000084480B2029004E000BF00BF0BB0BDE8DE
:10401000F08F00BFB9F1000F0BD138F81410069AD9
:104020000298E3F741FD0190E4F71BFB28F8140028
:104030001EE00698FD280CDB19F8042038F814104F
:104040000298E3F731FD0190E4F70BFB28F8140028
:104050000EE019F80400069B5843021238F81410B9
:104060000298E3F721FD0190E4F7FBFA28F8140029
:10407000641C0A98054408988442FFF6A8AE40469E
:104080000599DAF7E8FD804604980644B9F1000F77
:1040900001D0039881440AF1010A07988245FFF68E
:1040A0008EAE00BF00BFB1E72DE9F34F87B0834666
:1040B000DBF804000690DBF8080005909BF821006F
:1040C0000490DBF80080DBF80C000390DBF818604C
:1040D000DBF81C000290DBF81090DBF81400019074
:1040E0009BF8220000287DD1B9F1000F2BD1049854
:1040F000FD2828DB4FF0000A21E00024002512E013
:10410000A81C305C00F0F8000102681C305C00F074
:10411000FC0001EBC000715D00EBD10028F8140039
:10412000641C0898054406988442E9DB40460399DC
:10413000DAF794FD8046029806440AF1010A0598D0
:104140008245DADB25E0B9F1000F22D10498FD2881
:104150001FDA4FF0000A19E0002400250AE038F8C1
:1041600014107019049AE3F76BFD28F81400641C0E
:104170000898054406988442F1DB40460399DAF733
:104180006DFD8046029806440AF1010A05988245B1
:10419000E2DBB9F1000F27D00498FD2824DB4FF0B3
:1041A000000A1CE0002400250BE019F8042038F870
:1041B00014107019E3F744FD28F81400641C0898E3
:1041C000054406988442F0DB40460399DAF746FD41
:1041D000804602980644019881440AF1010A059834
:1041E000824500E02DE0DDDBB9F1000F28D0049816
:1041F000FD2825DA4FF0000A1FE0002400250EE01C
:1042000019F80430049F7B431A1238F814107019FF
:10421000E3F716FD28F81400641C08980544069876
:104220008442EDDB40460399DAF718FD8046029898
:104230000644019881440AF1010A05988245DCDBB5
:1042400069E100200090824660E147460024002595
:104250004AE19BF82200012806D002284BD003280F
:1042600073D0042872D1B7E037F81400C10AA81C33
:10427000305C01EBE0001F2807DA37F81400C10AB0
:10428000A81C305C01EBE00000E01F204FF6FF713E
:1042900001EAC020009037F81400C0F34511681CF3
:1042A000305C01EBA0003F2808DA37F81400C0F3B7
:1042B0004511681C305C01EBA00000E03F20009934
:1042C00001EB401080B2009017F8140000F01F00BE
:1042D000715D00EBE1001F2807DA17F8140000F009
:1042E0001F00715D00EBE10000E01F200099084411
:1042F00080B20090CFE037F81400C10AA81C305CEF
:10430000A1EBE000002807DD37F81400C10AA81C63
:10431000305CA1EBE00000E000204FF6FF7101EA05
:10432000C020009037F81400C0F34511681C305CC1
:10433000A1EBA00000280ADD37F81400C0F34511F6
:10434000681C305CA1EBA00002E01DE09EE00020B4
:10435000009901EB401080B2009017F8140000F0B3
:104360001F00715DA0EBE100002807DD17F81400C5
:1043700000F01F00715DA0EBE10000E0002000995B
:10438000084480B2009086E037F81400C10AA81CE7
:10439000305CC01011FB00F04011C002009037F8F3
:1043A0001400C0F34511681C305C801011FB00F054
:1043B0008111009800EB411080B2009017F81400B2
:1043C00000F01F00715DC91010FB01F1009800EBB7
:1043D000611080B200905EE037F81400C10AA81C9A
:1043E000305CA1EBE000002807DD37F81400C10ABB
:1043F000A81C305CA1EBE00006E0A81C305CC010FB
:1044000037F81410A0EBD1204FF6FF7101EAC0205D
:10441000009037F81400C0F34511681C305CA1EB24
:10442000A000002808DD37F81400C0F34511681C0F
:10443000305CA1EBA00007E037F81400C0F3451191
:10444000681C305CC1EBA000009901EB401080B209
:10445000009017F8140000F01F00715DA0EBE10060
:10446000002807DD17F8140000F01F00715DA0EBB5
:10447000E10006E017F8140000F01F00715DC0EBCA
:10448000E1000099084480B2009004E000BF00BF42
:1044900009B0BDE8F08F00BFB9F1000F08D138F8BE
:1044A0001410049A0098E3F7FFFA28F8140018E0B3
:1044B0000498FD2809DB19F8042038F81410009836
:1044C000E3F7F2FA28F814000BE019F80400049B53
:1044D0005843021238F814100098E3F7E5FA28F868
:1044E0001400641C0898054406988442FFF6B1AE97
:1044F00040460399DAF7B2FB804602980644B9F1C8
:10450000000F01D0019881440AF1010A0598824503
:10451000FFF69BAE00BF00BFBAE72DE9F74F88B0AA
:1045200081468B46D9F8040000FB0BF00790D9F8C0
:104530000800069099F821000590D9F80080D9F874
:104540000C000490D9F81850D9F81C000390D9F841
:1045500010A0D9F81400029099F8220000287ED10A
:10456000BAF1000F35D10598FD2832DB0A9858457D
:104570000FD1002709E029464046079AEEF75AFF77
:1045800004988044039805447F1C06988742F2DB18
:104590001FE000271AE0002400260FE0A85D08F8BD
:1045A0000400701C295C601C08F80010B01C295C19
:1045B000A01C08F800105C440A980644079884423E
:1045C000ECDB04988044039805447F1C06988742DE
:1045D000E1DBBAF1000F1BD10598FD2818DA00279E
:1045E00013E00024002608E008EB0401A819059A4E
:1045F000E3F7C6FB5C440A98064407988442F3DB61
:1046000004988044039805447F1C06988742E8DBA1
:10461000BAF1000F27D00598FD2824DB00271CE005
:1046200000200190002400260DE0019B1AF80320D1
:1046300008EB0401A819E3F7A3FB0198401C0190C3
:104640005C440A98064407988442EEDB0498804450
:1046500003980544029882447F1C069800E030E0ED
:104660008742DDDB00BFBAF1000F63D00598FD285B
:1046700060DA002721E0002001900024002612E0EB
:10468000019B1AF80330DDF814C003FB0CF31A1277
:1046900008EB0401A819E3F773FB0198401C019093
:1046A0005C440A98064407988442E9DB04988044F5
:1046B00003980544029882447F1C06988742DADBFF
:1046C00038E0002732E00024002622E0B01C285CFD
:1046D0008DF80600701C285C8DF80500A85D8DF82B
:1046E0000400BAF1000F03D105988DF8070006E029
:1046F0001AF804000599484300128DF8070099F84C
:10470000222008EB04000199D7F7EBFA5C440A98E1
:10471000064407988442D9DBBAF1000F01D0029811
:10472000824404988044039805447F1C069887427D
:10473000C9DB00BF0BB0BDE8F08F03468A4201D34E
:10474000501A70475868401A1044FAE770B504468A
:104750000D4600260CB9042070BD0DB90420FBE7FE
:10476000204600F093F806460EB13046F4E7E268C2
:10477000A1682046FFF7E1FF28600020ECE7034630
:104780000BB90420704709B90420FBE7022A01D2C3
:104790000320F7E719605A6000209860D86000BFD6
:1047A000F0E72DE9FF5F04460F469046994600204A
:1047B00003900026029083460025824601900090D7
:1047C0001CB9042004B0BDE8F09FB9F1000F01D17D
:1047D0000420F7E70020C9F80000204600F056F852
:1047E0000390039808B10398ECE7B8F1000F01D1EA
:1047F0000020E7E70FB90420E4E7A668E06802902C
:1048000031462046029AFFF798FF8346BBF1000F1E
:1048100001D10A20D6E745465D4500D95D46AA4646
:104820006068801B504502D26068A0EB060AA5EBC9
:104830000A0001902068811952463846CBF78CFD5A
:10484000019828B107EB0A002168019ACBF784FD93
:104850007019009061680098814203D861680098DF
:10486000401A00900098A060C9F800500020A9E705
:1048700070B50446204600F009F805460DB12846FB
:1048800070BD0020A060E06000BFF9E7014609B9F3
:1048900004207047086810B14868022801D20C2033
:1048A000F7E70020F5E72DE9F04F85B004468A468A
:1048B000164698460020049003900027029001902D
:1048C00000258146009083461CB9042005B0BDE850
:1048D000F08FB8F1000F01D10420F7E70020C8F8ED
:1048E00000002046FFF7D2FF0490049808B1049816
:1048F000ECE70EB90020E9E7BAF1000F01D104207E
:10490000E4E7A0680390E7683A4620460399FFF77A
:1049100014FF02906068401E0299401A01903546CB
:104920000198854200D9019DA9466068C01B484591
:1049300002D26068A0EB0709A5EB0900009021688E
:10494000C8194A465146CBF707FD009828B10AEB33
:1049500009012068009ACBF7FFFC07EB050B6068A4
:10496000584502D86068ABEB000BC4F80CB0C8F82F
:104970000050B54201D21020A8E70020A6E770B58C
:1049800005462868F0F782F8044600222F21D4F863
:10499000C802F3F77FFA00223021D4F8D002F3F7EF
:1049A00079FAD4F8D00240B194F8DC02C0F34000A8
:1049B00018B1D4F8D002EFF7ADFB002004F5327443
:1049C000A060207D20F0010020750020E060002222
:1049D00062212868F2F74BFF2068A4F53274F1F7E2
:1049E000C1FE70BD70B505462868F0F74FF8044663
:1049F000D4F8C802C4F8D0022868C4F8C80200225B
:104A00002E21D4F8C802F3F745FA70BD70B50546FB
:104A100000BF1DB900BF00BF00BFFEE700BF05B962
:104A200070BD2846F0F732F8044604B9F8E7D4F828
:104A3000C86226B100222D213046F3F72BFA00225E
:104A40002E212846F3F726FAC4F8C8520020C4F8ED
:104A5000D40200222F212846F3F71CFA26B10022A7
:104A600030213046F3F716FA2846F1F77BFE00BFF7
:104A7000D6E700002DE9FF4F8DB090460E98F0F775
:104A8000B8F8074610213846F1F75EFB10B911B0AF
:104A9000BDE8F08F3846F0F72DF983464FF0000956
:104AA000CA4600253846F0F71EFA0C900C9818B14B
:104AB0000E9800F1140400E00D9C00213846F1F737
:104AC000CBF90B9000213846F1F718F90A90B96933
:104AD0000B9808446168401AD8F80410401A0990ED
:104AE000396A0A98081AE168401AD8F80410081AB6
:104AF00008903846F0F717F801460B98091A0A98FB
:104B0000081A07900998002804DB0898002801DBA0
:104B100000251AE00998002808DD099D3846F0F7BD
:104B2000EDF90246501B00D500250EE0089800283C
:104B30000BDD089845423846F0F77CF80090009865
:104B40002844002800DA002500BF0C98A0B30128F3
:104B500004D002280DD0032830D115E0B9690B9894
:104B600001EB0009606800EB050AA9EB0A000544A7
:104B700024E0396A0A98A1EB0009E06800EB050A15
:104B8000A9EB0A00054419E0079800EBD0714A1020
:104B9000BB690B99194402EB01092046E1F718FFA4
:104BA000009000EBD070616801EB600000EB050A3B
:104BB000A9EB0A00054401E0FFE700BF00BF0026A3
:104BC0003846F0F785F90690069818B10E9800F16E
:104BD000140400E00D9C00213846F1F7C9F8059057
:104BE00000213846F1F7FEF80490796905980844E9
:104BF0002168401AD8F80010401A0390F969049807
:104C0000081AA168401AD8F80010081A02900398F0
:104C1000002804DB0298002801DB00261BE0039833
:104C2000002809DD039E3846F0F76EF800900098E2
:104C3000801B00D500260EE0029800280BDD0298AC
:104C400046423846F0F7D6F80090009830440028E5
:104C500000DA002600BF3846F1F768FA0599411AD4
:104C60000498081A01900698A0B3012804D00228DD
:104C70000DD0032830D115E07969059801EB0009C2
:104C8000206800EB060AA9EB0A00064424E0F96953
:104C90000498A1EB0009A06800EB060AA9EB0A0042
:104CA000064419E0019800EBD0714A107B69059920
:104CB000194402EB01092046E1F79DFE009000EB4C
:104CC000D070216801EB600000EB060AA9EB0A0036
:104CD000064401E0FFE700BF00BF1E493846E1F788
:104CE00065FA1D493846E1F761FA0BF0010010B989
:104CF000002E00DA00260BF0020010B9002E00DDB5
:104D000000260BF0040010B9002D00DA00250BF08E
:104D1000080010B9002D00DD0025D8F8001010980B
:104D200008B1304600E000200844C8F80000D8F878
:104D30000410109808B1284600E000200844C8F884
:104D400004002A4631463846109BF2F7D7FE00BFD2
:104D50009DE60000094E0308EF4D030810B5044618
:104D600094F85C00C0F3C00020B100220E2120683E
:104D7000F3F790F810BD10B5DAB1D0F8BC30146874
:104D80001C44D0F8E8309C4205DAD0F8E840D0F86E
:104D9000BC30E31A1360D0F8BC3014681C44D0F85F
:104DA000F0309C4205DDD0F8F040D0F8BC30E31A7A
:104DB0001360D9B1D0F8B8300C681C44D0F8E43096
:104DC0009C4205DAD0F8E440D0F8B830E31A0B6022
:104DD000D0F8B8300C681C44D0F8EC309C4205DDAB
:104DE000D0F8EC40D0F8B830E31A0B6010BD70B5C5
:104DF00005460C462846F0F78AF806190022314687
:104E00002846F2F7A3FF70BD70B505460C4628464C
:104E1000F0F786F80619324600212846F2F796FF89
:104E200070BD2DE9FC4105460C462046E6F762FCC4
:104E30004FF480312846F0F70FFD84F82E0094F8E7
:104E40002E00022810DD4FF480371C2239462846F8
:104E5000F0F786FE009000980190BDF8040060868F
:104E60009DF8060084F834004FF48037322239462A
:104E70002846F0F775FE01900198C0B284F82F0023
:104E800094F82F0002281CDD39462846F0F72DFD46
:104E90002067206F002811DD00BF312239462846E7
:104EA000F0F75EFE009000980190BDF80400A4F8B1
:104EB0006C009DF8060084F86E0002E0002084F883
:104EC0002F004FF480373E2239462846F0F748FE3F
:104ED00001900198C0B284F8310094F831000228A2
:104EE0002CDD00BF3C2239462846F0F739FE019000
:104EF0000198C4F88400D4F8840000281BDD00BFAA
:104F0000422239462846F0F72BFE01900198C4F85A
:104F1000900000BF3D2239462846F0F721FE009060
:104F2000009801908220BDF80410A4F880109DF82C
:104F30000610015502E0002084F831004FF4803162
:104F40002846F0F759FD0646FD2E08DA14F82E1F04
:104F50007143081220706070E0702E3C00BF94F81E
:104F60002E0028B994F82F0010B994F8310040B100
:104F70004FF480312846F0F715FEE0610120BDE8CE
:104F8000FC810020FBE72DE9F04704460E4617465A
:104F90003568D7F8008004F1140050F825004FF070
:104FA000FF3101FA08F100EA0109B9F1000F16D149
:104FB000691C4FF0FF328A40206900EA020ABAF108
:104FC000000F02D10020BDE8F087504604F01CFF1E
:104FD0000546356004F1140050F8259000BF00BF6D
:104FE000B9F1000F03D100BF00BF00BFFEE700BF53
:104FF000484604F009FF8046C7F8008004F13800F5
:1050000000EBC51050F82800DDE7000070B504463D
:105010000E461A48456D012C0BD0042C09D00A2CE1
:1050200007D00B2C05D0082C03D0092C01D0122C52
:1050300015D112482146826D2846EDF7E8F828463A
:10504000DFF7DCF808B1002070BD2846DFF7BFF9B4
:1050500028B1E87A20F01000E8720120F4E707494F
:105060003246886D2146F2F715FF2846DFF7C6F86D
:1050700008B10020E8E70120E6E70000B80B0120B6
:1050800010B504460CB9042010BD94F82400012882
:1050900001D00C20F8E728212046CBF776F9002034
:1050A000F2E7024622B119B1086808B1486808B9A8
:1050B0000420704792F82400012801D10D20F8E760
:1050C00008680079012803D148684079012801D097
:1050D0000C20EEE7D1E90003C2E900030020D06113
:1050E0001062012082F824000020E2E7F0B58FB0C2
:1050F00004460F46382101A8CBF747F904B117B988
:1051000004200FB0F0BD94F82400012801D00C2039
:10511000F7E7206808B1606808B90520F1E7A068E2
:10512000401CA06001A92068F7F71CF9054606A9F4
:105130006068F8F7D1F80646E561266215B1606946
:10514000401C606116B1A069401CA06105B93EB168
:105150002069401C20610DB12846D2E73046D0E7D7
:10516000382201A93846CBF7F7F8E068401CE06028
:105170000020C6E710B504460CB9042010BD607CC1
:10518000012801D00C20F9E714212046CBF7FDF8C7
:105190000020F3E70170417042600123037401298C
:1051A00002D18370826001E00023837070474378EE
:1051B000012B16D183781BB901238370816024E011
:1051C0008378022B21D1C368CB1AB3F5967F03D81D
:1051D00003238370816018E0012313708370816062
:1051E00013E08378012B03D102238370C1600CE0AC
:1051F0008378032B04D1002383700223137004E00F
:105200008378042B01D100238370704710B5137885
:1052100083B98378012B02D08378032B0AD183686A
:10522000CB1A40F6B834A34204D30423837003237B
:10523000137010E0137873B98378022B0BD10378C5
:10524000012B08D0C368CB1AB3F5967F03D900238E
:1052500083700123137010BD014609B90420704703
:10526000487C012801D10D20F9E701204874002075
:10527000F5E7014609B1012901D10120704700205D
:10528000FCE72DE9F04104460D4617461E4604B1E1
:1052900016B90420BDE8F081607C012801D00C2003
:1052A000F8E72846FFF7E5FF012801D00320F1E7E2
:1052B00000203070207C012806D03A46294620463E
:1052C000FFF768FF0020E5E72078A84201D02570AD
:1052D00067602078617888420AD06068381A1E2892
:1052E00006D320786070324639462046FFF75FFFCC
:1052F000324639462046FFF789FF0020CAE770B5DD
:1053000005462868F7F7BDFE04460CB1204670BD7F
:105310006420F8F7FDFE04460CB12046F7E7286844
:10532000F7F79DFE04460CB12046F0E76420F8F73D
:10533000EFFEECE7014609B904207047087901281F
:1053400001D00C20F9E700200860087100BFF4E7E5
:1053500070B504460D460CB9042070BD20790128B3
:1053600001D00C20F9E7206808B90520F5E725B140
:10537000012D06D0022D0CD107E02068F7F76FFE53
:10538000EBE72068F7F77DFEE7E7204600F003F83B
:10539000E3E70320E1E770B506460024002507E0B7
:1053A0003046FFF7ACFF04460CB1204670BD6D1CC3
:1053B000032DF5D30020F9E7024602B109B9042014
:1053C00070471079012801D10D20F9E7487D0128A7
:1053D00001D00C20F4E71160012010710020EFE7EC
:1053E000014605290ED2DFE801F0030507090B008D
:1053F000012070470220FCE70320FAE70420F8E7C9
:105400000520F6E70120F4E710B504460CB10121B0
:1054100000E000210846F7F755FE10BD7CB50024DA
:1054200015480078012801D100207CBDF7F75EFE09
:1054300004460CB12046F8E7022000F047F8044685
:105440000CB12046F1E70120FFF7DEFF04460CB166
:105450002046EAE701200849087008A05921CDE953
:105460000010F7F73DFE05460A4B0BA214A10320DE
:10547000A8470020D9E70000E20000206C6F6720F9
:105480007365727669636520696E697469616C69B8
:105490007A6564008CE203082E2E5C30325F53651F
:1054A00072766963655C736572766963655F6C6F5C
:1054B000675C736572766963655F6C6F672E630006
:1054C000736572766963655F6C6F670070B50446DB
:1054D000052C01DB032070BD2046FFF781FF054648
:1054E000F7F766FEF7E770B5044600253120005D4A
:1054F000012801D0002070BD00212068F8F737FE98
:1055000005460DB12846F6E700221321204600F09B
:10551000ABF80020EFE7000070B59EB0044600260F
:1055200014B903201EB070BD207E08B90C20F9E725
:10553000207E012807D0207E042804D0207E052864
:1055400001D00520EEE73120005D08B10520E9E734
:10555000002211462068F8F7A2FE06460EB130463A
:10556000E0E778216846CAF710FF18223D496846EF
:10557000CAF7F2FE3B48007E8DF8180039490A6AE6
:10558000C9693848CDE90712416A0991816A0A91CF
:10559000C16A0B9190F830108DF8301090F83110EE
:1055A0008DF83110416B0D91806B0E902D48C16BC1
:1055B0000F91016C1091416C1191816C1291C16C31
:1055C0001391016D1491416D1591816D1691C16D0D
:1055D0001791016E1891416E1991816E1A91C16EE9
:1055E0001B91016F1C91416F1D916D461822294638
:1055F0002046CAF7B1FE287E2076D5E90712C4E915
:105600000712696A6162A96AA162E96AE1623020EF
:10561000415D01553120415D0155696B6163A86BA6
:10562000A063E96BE163296C2164696C6164A96C16
:10563000A164E96CE164296D2165696D6165A96DFD
:10564000A165E96DE165296E2166696E6166A96EE5
:10565000A166E96EE166296F2167696F61670020C5
:1056600060E7000014E2030870B504460D461646D4
:105670001CB13120005D012800D070BD0021312017
:105680000155656335B9206E401C2066606E811936
:10569000616608E0132D03D1606F401C606702E073
:1056A000206F401C206701216069F7F723FF00BFCE
:1056B000E3E770B505460C4600260CB9032070BD23
:1056C000284600F0AFFA06460EB13046F7E7287ECE
:1056D0002070E86A60603020405D20720020EEE7B4
:1056E0002DE9FC4107460D46904644460026002021
:1056F0000190009024B11FB115B12068B84201D0CB
:10570000BDE8FC816878C8B9287828B9002120460E
:10571000AA68FFF7A9FF10E02878022805D1002227
:105720002046E968FFF7A0FF07E02878032804D1A6
:10573000002213212046FFF797FFE1E7687802284F
:105740001CD12878022802D1207E022800D0D7E779
:10575000E968E162606D401C6065052020763120BB
:10576000005D012805D100222046E968FFF77CFF93
:1057700003E001216069F7F7BDFEC1E76878012801
:1057800000D0BDE72878032805D1A06D401CA06596
:1057900004202076B4E72878022812D1207E02283F
:1057A00000D0ADE7E968E162606D401C60650520EE
:1057B000207601216069F7F79DFE064606B19FE756
:1057C0009EE72878012802D1207E022800D097E7A2
:1057D000A06B401CA063E06BA9680144E16301ABCE
:1057E00004F11C00D5E90112FFF75DF8064616B179
:1057F000102E00D084E7206C019901442164A86830
:10580000019988420BD0A06CA968019A891A0144B9
:10581000A164E06C401CE064012130200155694620
:1058200004F11C00FEF792FF064606B168E7206D02
:105830000099884201D20099216501216069F7F73A
:1058400059FE064606B15BE700BF59E7F0B5AFB0B9
:1058500004460F4600263946204600F0CFF906469A
:1058600016B130462FB0F0BD207E08B10D20F9E70B
:1058700004F11C00D7E90312FEF781FF06460EB1C2
:105880003046EFE7182239462046CAF765FD002169
:10589000E1623020015531200155616340211FA88C
:1058A000CAF773FD6F4800681F906E4840682090EB
:1058B0006C48806821906B48C068229069480069F4
:1058C000239068484069249066488069259065481F
:1058D000C06926906348006A27906248406A289011
:1058E0006048806A29905F48C06A2A905D48006BD2
:1058F0002B905C48406B2C905A48806B2D905948F7
:10590000C06B2E901FAD1F98A0636968E163A96802
:105910002164E96861642969A1646969E164A9692C
:105920002165E9696165296AA165696AE165A96A14
:105930002166E96A6166296BA166696BE166A96BFC
:105940002167E96B6167224647492068F8F7A7FCA1
:105950000646002E7ED0782101A8CAF716FD18222F
:10596000424901A8CAF7F8FC4048007E8DF81C00A7
:105970003E490A6AC9693D48CDE90812416A0A915F
:10598000816A0B91C16A0C9190F830108DF8341037
:1059900090F831108DF83510416B0E91806B0F909F
:1059A0003248C16B1091016C1191416C1291816C64
:1059B0001391C16C1491016D1591416D1691816D1A
:1059C0001791C16D1891016E1991416E1A91816EF6
:1059D0001B91C16E1C91016F1D91416F1E9101AD14
:1059E000182229462046CAF7B7FC287E2076D5E93A
:1059F0000712C4E90712696A6162A96AA162E96AC9
:105A0000E1623020415D01553120415D0155696BF6
:105A10006163A86BA063E96BE163296C2164696C25
:105A20006164A96CA164E96CE164296D2165696D0B
:105A30006165A96DA165E96DE165296E2166696EF3
:105A40006166A96EA166E96EE166296F2167696FDB
:105A5000616700E001E0304604E701202076002085
:105A600000E700005CE10308E15603089CE103083D
:105A70002DE9F04104460F4690461D46002615B913
:105A80000320BDE8F081204600F0CCF806460EB1B8
:105A90003046F6E7207E022807D0207E042804D076
:105AA000207E052801D00520EBE72B4642463946EB
:105AB00004F11C00FEF775FE06460EB13046E0E725
:105AC000606C2968014461640020DAE7F8B5054696
:105AD0000C46002600200090694605F11C00FEF7E8
:105AE00035FE06460EB13046F8BD00202060009815
:105AF00018B1206840F0010020603020405D01288E
:105B000003D1206840F002002060287E052803D1E0
:105B1000206840F004002060287E042803D120681B
:105B200040F0080020600020DEE72DE9F041044647
:105B3000002500260027A84614B90320BDE8F081FF
:105B4000207E08B90C20F9E7207E012807D0207EAE
:105B5000042804D0207E052801D00520EEE7267E0B
:105B6000E76A302010F8048004F11C00FEF780FE84
:105B700005460DB12846E1E7002130200155E162DC
:105B80000220207694E80700F8F767FB05462DB160
:105B90002676E76284F830802846CFE70020CDE7FC
:105BA00070B5044600250CB9032070BD207E08B9ED
:105BB0000C20FAE7207E022801D00520F5E703201B
:105BC00020762046FFF78FFC05461DB10220207687
:105BD0002846EAE701212068F8F7C9FA05461DB111
:105BE000022020762846E0E701216069F7F764FC8F
:105BF00005460DB12846D8E70020D6E702466AB12F
:105C000061B1086850B1486840B1886830B1C8686F
:105C100020B10869022801D3486908B903207047F8
:105C20000020FCE7014609B903207047087E08B947
:105C30000C20FAE70020F8E7FEB506460F461446AA
:105C400000250020029001900CB90320FEBD3046D3
:105C5000FFF7E8FF05460DB12846F7E7307E02283A
:105C600007D0307E042804D0307E052801D00520DE
:105C7000ECE70020206002A90120F7F703FC0546AD
:105C80000DB12846E2E721463046FFF71FFF0546E3
:105C90000DB12846DAE7206808B10020D6E701A850
:105CA0003B460122002100901046F7F72BFC0546E9
:105CB0000DB12846CAE721463046FFF707FF0546E3
:105CC0000DB12846C2E7206808B90A20BEE70020C7
:105CD000BCE72DE9F04186B004460E4600250020C1
:105CE0000590049000278046039002903120005DCB
:105CF000012803D0606B06B0BDE8F081701C48B18C
:105D000005A8F8F718FA054625B12046FFF7EBFB82
:105D10002846F0E700BF3120005D012801D0606B0C
:105D2000E9E7701C10B94FF0FF381CE004A8F8F741
:105D300002FA054625B12046FFF7D5FB2846DAE7EB
:105D4000DDE90401471AB7420BD32046FFF7CBFB2E
:105D500005460DB12846CEE7E06E401CE066022005
:105D6000C9E7A6EB070803A90120F7F78BFB054657
:105D700025B12046FFF7B7FB2846BCE73120005D80
:105D8000012801D0606BB6E702A84346012200213A
:105D900000901046F7F7B6FB0546002DBBD0022D4C
:105DA000B9D02046FFF79FFB2846A4E72DE9F04134
:105DB00004460E461746984600250CB106B117B9A1
:105DC0000320BDE8F081207E08B90C20F9E7207E91
:105DD000022801D00520F4E73120005D20B1A06E3B
:105DE000401CA0660820ECE701213120015500216C
:105DF0006163E06D401CE0653A4631462068F8F783
:105E000002FB054635B1002229462046FFF72CFC4F
:105E10002846D6E741462046FFF75BFFD1E770B53D
:105E20000346CC1701EB5474E4101C5D0A46CD17F1
:105E300001EB5575ED10A1EBC505C5F10706012570
:105E4000B5402C430846CD1701EB5575ED105C5558
:105E500070BD70B504460D46264675652046F0F7C0
:105E600081FC70BD70B504460D462646B5652046DA
:105E7000F0F778FC70BD2DE9F04107460D463C4631
:105E800005B9E56A3846ECF7C9FF2846DBF726F87E
:105E90000646E06AA84215D194F85C00C0F30010F1
:105EA00080B93146E06AF3F71FF8E06200BFE06AAC
:105EB00018B900BF00BF00BFFEE700BFE06A30BBFB
:105EC000BDE8F081E06A48B194F85C00C0F30010CE
:105ED00020B9E06AEAF754FC0020E0623046EDF7B2
:105EE0000BFAE06200BFE06A18B900BF00BF00BF54
:105EF000FEE700BFE06A00B9E2E729462046D7F78F
:105F0000C2FB94F85C0020F0100084F85C00384676
:105F1000ECF712FD00BFD3E770B504460D462946E5
:105F20002046F2F78FF970BD70B504460D4629463C
:105F30002046F2F7A4F970BD10B50446EDF712F84B
:105F4000A060A068F2F788FC2046DBF765F810BD7A
:105F500010B50446EDF735F820602068F2F77CFCB8
:105F60002046DBF75AF810BD10B50446EDF730F8BF
:105F700060606068F2F770FC2046DBF74FF810BDF8
:105F800001B582B00020EEF7ABF80299C860029824
:105F9000C068019002990C31F2F735F9FE48E2F73A
:105FA0007DF901900298C068002200900199F2F7F3
:105FB0003AF80298C0680022FF210190F2F747F8F2
:105FC0000298C068002211460190F2F760F802982A
:105FD000C068002211460190F2F7ADF80298C0683F
:105FE000002211460190F2F782F80298C068002260
:105FF00011460190F2F787F80298C0680022114616
:106000000190F2F78CF80298C068002211460190C6
:10601000F2F761F80298C0680190E1F717FB0146BA
:106020000298C0F884100298D0F884006021019092
:10603000F2F7EBF80298D0F884002C210190F1F7E8
:106040006CFF0298D0F8840001210190F1F75CFF09
:106050000298D0F884007C210190F2F7F3F80298BE
:10606000D0F88400DE210190F2F709F9CB48E2F77D
:1060700015F901900298D0F884000022009001994F
:10608000F1F7D1FF0298D0F884000022FF2101909F
:10609000F1F7DDFF0298D0F884000022114601904C
:1060A000F1F7F5FF0298D0F8840000220721019053
:1060B000F2F741F80298D0F88400002211460190CE
:1060C000F2F745F80298D0F88400002211460190BA
:1060D000F2F70DF80298D0F88400002211460190E2
:1060E000F2F711F80298D0F88400002211460190CE
:1060F000F2F715F80298D0F88400002211460190BA
:10610000F1F7E9FF0298D0F884000190ECF7F0F97C
:1061100001460298C0F888100298D0F888006021E3
:106120000190F2F772F80298D0F8880012210190DD
:10613000F1F7F3FE0298D0F8880001210190F1F701
:10614000E3FE0298D0F8880000210190F2F77AF877
:106150000298D0F888000D210190F2F790F802988B
:10616000D0F888008EA10190ECF7EAFE8E48E2F7A5
:1061700095F801900298D0F88800002200900199CB
:10618000F1F7FDFF0298D0F888000022022101906B
:10619000F1F7E9FF0298D0F88800002283490190C6
:1061A000F2F701F80298D0F8880000221146019019
:1061B000F1F79DFF0298D0F8880000221146019067
:1061C000F1F7A1FF0298D0F8880000221146019053
:1061D000F1F7A5FF0298D0F888000022114601903F
:1061E000F1F779FF0298C0680190E1F72FFA0146B4
:1061F0000298C1670298C06F60210190F2F705F81C
:106200000298C06F2C210190F1F787FE0298C06FB1
:1062100001210190F1F778FE0298C06F14210190DE
:10622000F2F710F80298C06FDE210190F2F727F81C
:106230005F48E2F733F801900298C06F00220090A7
:106240000199F1F7F0FE0298C06F0022FF21019042
:10625000F1F7FDFE0298C06F002211460190F1F7A0
:1062600016FF0298C06F002207210190F1F763FF2B
:106270000298C06F002211460190F1F768FF029862
:10628000C06F002211460190F1F731FF0298C06FF4
:10629000002211460190F1F736FF0298C06F0022EC
:1062A00011460190F1F73BFF0298C06F00221146A2
:1062B0000190F1F710FF0298C06F0190ECF718F908
:1062C00001460298C0F880100298D0F88000602142
:1062D0000190F1F79AFF0298D0F880001221019006
:1062E000F1F71BFE0298D0F8800001210190F1F730
:1062F0000BFE0298D0F8800000210190F1F7A2FF78
:106300000298D0F880000D210190F1F7B8FF0298B3
:10631000D0F8800027A10190ECF712FE2248E1F7A7
:10632000BDFF01900298D0F88000002200900199F2
:10633000F1F725FF0298D0F8800000220221019099
:10634000F1F711FF0298D0F8800000221749019060
:10635000F1F729FF0298D0F8800000221146019041
:10636000F1F7C5FE0298D0F8800000221146019096
:10637000F1F7C9FE0298D0F8800000221146019082
:10638000F1F7CDFE0298D0F880000022114601906E
:10639000F1F7A1FE029811E020181000B55C17007B
:1063A0004F4E434500000000FAF6F20040D10408C9
:1063B0003D8015005354415254000000C0680190C4
:1063C000ECF796F80146029881670298806FE02109
:1063D0000190F1F71AFF0298806F0C210190F1F7FC
:1063E0009CFD0298806F01210190F1F78DFD0298CC
:1063F000806F08210190F1F725FF0298806FCC2172
:106400000190F1F73CFF0298806FFCA10190ECF73E
:1064100097FDFE48E1F742FF01900298806F00224D
:1064200000900199F1F7ABFE0298806F00220221E3
:106430000190F1F798FE0298806F0022F4490190D4
:10644000F1F7B1FE0298806F002211460190F1F73A
:106450004EFE0298806F002211460190F1F753FE24
:106460000298806F002211460190F1F758FE0298C1
:10647000806F002211460190F1F72DFE0298C0684E
:106480000190EDF72DFE0146029881650298806D1E
:10649000E0210190F1F7B9FE0298806D3221019060
:1064A000F1F73BFD0298806D01210190F1F72CFD81
:1064B0000298806D08210190F1F7C4FE0298806D6A
:1064C00096210190F1F7DBFED248E1F7E7FE01905B
:1064D0000298806D002200900199F1F7A4FD0298C6
:1064E000806D0022FF210190F1F7B1FDCA48E1F76C
:1064F000D5FE01900298806D002200900199F1F77D
:10650000B2FD0298806D002201210190F1F7BFFDDC
:106510000298806D002207210190F1F70CFE02988D
:10652000806D002211460190F1F711FE0298806DF6
:10653000002211460190F1F7DAFD0298806D0022E9
:1065400011460190F1F7DFFD0298806D002211469F
:106550000190F1F7E4FD0298806D00221146019050
:10656000F1F7B9FD0298806D0190EBF7C1FF01468C
:10657000029841670298406F35210190F1F745FE7E
:106580000298406F12210190F1F7C7FC0298406F0A
:1065900001210190F1F7B8FC0298406FA32101900E
:1065A000F1F750FE0298406F18210190F1F767FE55
:1065B0000298406F99A10190ECF7C2FC9848E1F76E
:1065C0006DFE01900298406F002200900199F1F752
:1065D000D6FD0298406F002202210190F1F7C3FD21
:1065E0000298406F00228F490190F1F7DCFD02987C
:1065F000406F002211460190F1F779FD0298406F3B
:10660000002211460190F1F77EFD0298406F0022B2
:1066100011460190F1F783FD0298406F0022114668
:106620000190F1F758FD0298806D0190EBF760FF43
:106630000146029801670298006F10210190F1F75E
:10664000E4FD0298006F0E210190F1F766FC0298BC
:10665000006F01210190F1F757FC0298006F94211F
:106660000190F1F7EFFD0298006F14210190F1F70E
:1066700006FE0298006F6CA10190ECF761FC6B487C
:10668000E1F70CFE01900298006F00220090019942
:10669000F1F775FD0298006F002201210190F1F7DA
:1066A00062FD0298006F002259490190F1F77BFDCD
:1066B0000298006F002211460190F1F718FD029830
:1066C000006F002211460190F1F71DFD0298006F46
:1066D000002211460190F1F722FD0298006F00227E
:1066E00011460190F1F7F7FC0298806D0190EBF7ED
:1066F000FFFE01460298C1660298C06E35210190E6
:10670000F1F783FD0298C06E12210190F1F705FCAC
:106710000298C06E01210190F1F7F6FB0298C06E5D
:106720005D210190F1F78EFD0298C06E1821019055
:10673000F1F7A5FD0298C06E38A10190ECF700FCBE
:106740003748E1F7ABFD01900298C06E002200903F
:106750000199F1F714FD0298C06E00220221019008
:10676000F1F701FD0298C06E00222E490190F1F769
:106770001AFD0298C06E002211460190F1F7B7FC95
:106780000298C06E002211460190F1F7BCFC0298FD
:10679000C06E002211460190F1F7C1FC0298C06E54
:1067A000002211460190F1F796FC0298806D01904D
:1067B000EBF79EFE0146029881660298806E1021DA
:1067C0000190F1F722FD0298806E0E210190F1F701
:1067D000A4FB0298806E01210190F1F795FB0298CD
:1067E000806E4E210190F1F72DFD0298806E1421EC
:1067F0000190F1F744FD0298806E19E04E6F20730E
:10680000616D706C6520796574000000C2AE9B00FC
:10681000C87E040833271B00503E2B002D2D00009E
:10682000FAF6F200F4A504085A000000FFA84A0096
:10683000FEA10190ECF784FBFD48E1F72FFD0190EC
:106840000298806E002200900199F1F798FC02985E
:10685000806E002201210190F1F785FC0298806E84
:106860000022F4490190F1F79EFC0298806E00220C
:1068700011460190F1F73BFC0298806E0022114610
:106880000190F1F740FC0298806E002211460190C1
:10689000F1F745FC0298806E002211460190F1F755
:1068A0001AFC0298806D0190EBF722FE01460298D7
:1068B00041660298406E35210190F1F7A6FC0298DE
:1068C000406E12210190F1F728FB0298406E0121E1
:1068D0000190F1F719FB0298406E17210190F1F732
:1068E000B1FC0298406E18210190F1F7C8FC0298A3
:1068F000406EAFF2D8010190ECF722FBCE48E1F7F1
:10690000CDFC01900298406E002200900199F1F7B1
:1069100036FC0298406E002202210190F1F723FC20
:106920000298406E0022C5490190F1F73CFC0298A4
:10693000406E002211460190F1F7D9FB0298406E9B
:10694000002211460190F1F7DEFB0298406E002212
:1069500011460190F1F7E3FB0298406E00221146C8
:106960000190F1F7B8FB0298806D0190EBF7C0FD44
:106970000146029801660298006E10210190F1F71D
:1069800044FC0298006E0E210190F1F7C6FA0298BD
:10699000006E01210190F1F7B7FA0298006E08210C
:1069A0000190F1F74FFC0298006E14210190F1F76D
:1069B00066FC0298006EA2A10190ECF7C1FA9C4817
:1069C000E1F76CFC01900298006E002200900199A2
:1069D000F1F7D5FB0298006E002201210190F1F73A
:1069E000C2FB0298006E002292490190F1F7DBFB96
:1069F0000298006E002211460190F1F778FB029890
:106A0000006E002211460190F1F77DFB0298006EA6
:106A1000002211460190F1F782FB0298006E0022DD
:106A200011460190F1F757FB0298806D0190EBF74A
:106A30005FFD01460298C1650298C06DD0210190AA
:106A4000F1F7E3FB0298C06D0E210190F1F765FAB2
:106A50000298C06D01210190F1F756FA0298C06DBD
:106A600008210190F1F7EEFB0298C06D052101901D
:106A7000F1F705FC0298C06D72A10190ECF760FA85
:106A80007448E1F70BFC01900298C06D0022009061
:106A90000199F1F774FB0298C06D00220121019069
:106AA000F1F761FB0298C06D002262490190F1F795
:106AB0007AFB0298C06D002211460190F1F717FB96
:106AC0000298C06D002211460190F1F71CFB02985C
:106AD000C06D002211460190F1F721FB0298C06DB4
:106AE000002211460190F1F7F6FA0298C068019071
:106AF000EDF7F6FA0146029881630298806BE02177
:106B00000190F1F782FB0298806B32210190F1F73E
:106B100004FA0298806B01210190F1F7F5F90298CF
:106B2000806B08210190F1F78DFB0298806B5E214C
:106B30000190F1F7A4FB4848E1F7B0FB01900298FF
:106B4000806B002200900199F1F76DFA0298806B3A
:106B50000022FF210190F1F77AFA4048E1F79EFB0D
:106B600001900298806B002200900199F1F77BFA66
:106B70000298806B002201210190F1F788FA0298B7
:106B8000806B002207210190F1F7D5FA0298806B03
:106B9000002211460190F1F7DAFA0298806B002288
:106BA00011460190F1F7A3FA0298806B002211467A
:106BB0000190F1F7A8FA0298806B0022114601902B
:106BC000F1F7ADFA0298806B002211460190F1F7BF
:106BD00082FA0298806B0190EBF78AFC01460298DA
:106BE00041650298406D35210190F1F70EFB029846
:106BF000406D12210190F1F790F90298406D01214A
:106C00000190F1F781F90298406DA3210190F1F70D
:106C100019FB0298406D18210190F1F730FB0298A2
:106C2000406DAFF2084101901AE0000059000000E9
:106C3000FFA84A00C87E0408FAF6F200F4A504088A
:106C4000580000004759524F53434F5045202F20C2
:106C500064707300C2AE9B0033271B00503E2B00B4
:106C6000ECF76EF9FE48E1F719FB01900298406DD0
:106C7000002200900199F1F782FA0298406D0022FB
:106C800002210190F1F76FFA0298406D0022F54958
:106C90000190F1F788FA0298406D002211460190A8
:106CA000F1F725FA0298406D002211460190F1F7A4
:106CB0002AFA0298406D002211460190F1F72FFA4E
:106CC0000298406D002211460190F1F704FA0298F3
:106CD000806B0190EBF70CFC01460298016502986D
:106CE000006D10210190F1F790FA0298006D0E21CD
:106CF0000190F1F712F90298006D01210190F1F76E
:106D000003F90298006D94210190F1F79BFA029823
:106D1000006D14210190F1F7B2FA0298006DAFF204
:106D2000F8410190ECF70CF9CF48E1F7B7FA019080
:106D30000298006D002200900199F1F720FA029864
:106D4000006D002201210190F1F70DFA0298006D0B
:106D50000022C6490190F1F726FA0298006D002240
:106D600011460190F1F7C3F90298006D0022114617
:106D70000190F1F7C8F90298006D002211460190C8
:106D8000F1F7CDF90298006D002211460190F1F75C
:106D9000A2F90298806B0190EBF7AAFB01460298DA
:106DA000C1640298C06C35210190F1F72EFA029867
:106DB000C06C12210190F1F7B0F80298C06C01216B
:106DC0000190F1F7A1F80298C06C5D210190F1F7F4
:106DD00039FA0298C06C18210190F1F750FA029824
:106DE000C06CAFF2C8510190ECF7AAF89C48E1F7EB
:106DF00055FA01900298C06C002200900199F1F7B9
:106E0000BEF90298C06C002202210190F1F7ABF9A3
:106E10000298C06C002293490190F1F7C4F90298DE
:106E2000C06C002211460190F1F761F90298C06C24
:106E3000002211460190F1F766F90298C06C002219
:106E400011460190F1F76BF90298C06C00221146CF
:106E50000190F1F740F90298806B0190EBF748FB45
:106E60000146029881640298806C10210190F1F72C
:106E7000CCF90298806C0E210190F1F74EF802983F
:106E8000806C01210190F1F73FF80298806C4E214F
:106E90000190F1F7D7F90298806C14210190F1F775
:106EA000EEF90298806CAFF27C210190ECF748F883
:106EB0006D48E1F7F3F901900298806C0022009090
:106EC0000199F1F75CF90298806C00220121019090
:106ED000F1F749F90298806C002264490190F1F7BA
:106EE00062F90298806C002211460190F1F7FFF8D8
:106EF0000298806C002211460190F1F704F9029883
:106F0000806C002211460190F1F709F90298806C1B
:106F1000002211460190F1F7DEF80298806B019093
:106F2000EBF7E6FA0146029841640298406C35217D
:106F30000190F1F76AF90298406C12210190F0F784
:106F4000ECFF0298406C01210190F0F7DDFF029800
:106F5000406C17210190F1F775F90298406C1821E7
:106F60000190F1F78CF90298406CAFF250710190EA
:106F7000EBF7E6FF3A48E1F791F901900298406C8F
:106F8000002200900199F1F7FAF80298406C002273
:106F900002210190F1F7E7F80298406C0022314994
:106FA0000190F1F700F90298406C0022114601901F
:106FB000F1F79DF80298406C002211460190F1F71C
:106FC000A2F80298406C002211460190F1F7A7F850
:106FD0000298406C002211460190F1F77CF802986B
:106FE000806B0190EBF784FA0146029801640298E5
:106FF000006C10210190F1F708F90298006C0E2145
:107000000190F0F78AFF0298006C01210190F0F7DF
:107010007BFF0298006C08210190F1F713F90298A8
:10702000006C14210190F1F72AF90298006CAFF27C
:10703000F0310190EBF784FF0B48E1F72FF9019055
:107040000298006C002200900199F1F798F80298DC
:10705000006C002201210190F1F785F8029807E009
:10706000FAF6F200F4A50408FFA84A00C87E040856
:10707000006C0022FE490190F1F795F80298006C2F
:10708000002211460190F1F732F80298006C0022BC
:1070900011460190F1F737F80298006C0022114672
:1070A0000190F1F73CF80298006C00221146019023
:1070B000F1F711F80298806B0190EBF719FA01468D
:1070C0000298C1630298C06BD0210190F1F79DF83E
:1070D0000298C06B0E210190F0F71FFF0298C06B61
:1070E00001210190F0F710FF0298C06B0821019078
:1070F000F1F7A8F80298C06B05210190F1F7BFF8ED
:107100000298C06BDBA10190EBF71AFFDE48E1F7B4
:10711000C5F801900298C06B002200900199F1F728
:107120002EF80298C06B002201210190F1F71BF8A4
:107130000298C06B0022CE490190F1F734F8029812
:10714000C06B002211460190F0F7D1FF0298C06B8E
:10715000002211460190F0F7D6FF0298C06B002282
:1071600011460190F0F7DBFF0298C06B0022114638
:107170000190F0F7B0FF0298C0680190ECF7B0FF03
:107180000146029881620298806A6C210190F1F7B1
:107190003CF80298806A34210190F0F7BEFE029814
:1071A000806A01210190F0F7AFFE0298806A7C218D
:1071B0000190F1F747F80298806A24210190F1F7D5
:1071C0005EF8B248E1F76AF801900298806A0022FE
:1071D00000900199F0F727FF0298806A0022FF21B2
:1071E0000190F0F734FFAA48E1F758F801900298AF
:1071F000806A002200900199F0F735FF0298806ABA
:10720000002201210190F0F742FF0298806A0022DB
:1072100007210190F0F78FFF0298806A0022114643
:107220000190F0F794FF0298806A002211460190C5
:10723000F0F75DFF0298806A002211460190F0F796
:1072400062FF0298806A002211460190F0F767FF02
:107250000298806A002211460190F0F73CFF0298E4
:10726000806A0190EBF744F9014602984163029865
:10727000406B0D210190F0F7C8FF0298406B0E2182
:107280000190F0F74AFE0298406B01210190F0F75F
:107290003BFE0298406B57210190F0F7D3FF029814
:1072A000406B1F210190F0F7EAFF0298406B79A133
:1072B0000190EBF745FE7448E0F7F0FF019002986B
:1072C000406B002200900199F0F759FF0298406B43
:1072D000002201210190F0F746FF0298406B002246
:1072E00063490190F0F75FFF0298406B002211465E
:1072F0000190F0F7FCFE0298406B002211460190CD
:10730000F0F701FF0298406B002211460190F0F760
:1073100006FF0298406B002211460190F0F7DBFE59
:107320000298806A0190EBF7E3F801460298016346
:107330000298006B4C210190F0F767FF0298006BF8
:107340001B210190F0F7E9FD0298006B01210190EB
:10735000F0F7DAFD0298006B08210190F0F772FF58
:107360000298006B16210190F0F789FF0298006BDC
:10737000AFF658310190EBF7E3FD4748E0F78EFF99
:1073800001900298006B002200900199F0F7F7FE3F
:107390000298006B002201210190F0F7E4FE0298B0
:1073A000006B00223D490190F0F7FDFE0298006B52
:1073B000002211460190F0F79AFE0298006B00221D
:1073C00011460190F0F79FFE0298006B00221146D3
:1073D0000190F0F7A4FE0298006B00221146019084
:1073E000F0F779FE0298806A0190EBF781F8014688
:1073F0000298C1620298C06A60210190F0F705FF0F
:107400000298C06A0E210190F0F787FD0298C06AC9
:1074100001210190F0F778FD0298C06A08210190DF
:10742000F0F710FF0298C06A06210190F0F727FFDD
:107430000298C06A1AA10190EBF782FD1248E0F7AA
:107440002DFF01900298C06A002200900199F0F788
:1074500096FE0298C06A002201210190F0F783FE97
:107460000298C06A002202490190F0F79CFE1DE0DC
:10747000C87E0408414343454C45524154494F4E50
:10748000202F206700000000C2AE9B0033271B00A6
:10749000503E2B0025000000FAF6F200DC22050821
:1074A00048554D4944495459000000000298C06AAB
:1074B000002211460190F0F71AFE0298C06A0022DD
:1074C00011460190F0F71FFE0298C06A0022114693
:1074D0000190F0F724FE0298C06A00221146019044
:1074E000F0F7F9FD0298C0680190ECF7F9FD01464C
:1074F00002988161029880696C210190F0F785FE05
:107500000298806934210190F0F707FD02988069A4
:1075100001210190F0F7F8FC0298806908210190A0
:10752000F0F790FE0298806924210190F0F7A7FE01
:10753000FE48E0F7B3FE01900298806900220090B7
:107540000199F0F770FD029880690022FF210190F7
:10755000F0F77DFDF648E0F7A1FE01900298806902
:10756000002200900199F0F77EFD029880690022C8
:1075700001210190F0F78BFD02988069002207211C
:107580000190F0F7D8FD0298806900221146019021
:10759000F0F7DDFD02988069002211460190F0F7B6
:1075A000A6FD02988069002211460190F0F7ABFD1C
:1075B00002988069002211460190F0F7B0FD029810
:1075C0008069002211460190F0F785FD02988069DC
:1075D0000190EAF78DFF0146029841620298406AE5
:1075E0000D210190F0F711FE0298406A0E210190E2
:1075F000F0F793FC0298406A01210190F0F784FCB7
:107600000298406A57210190F0F71CFE0298406AE8
:107610001F210190F0F733FE0298406AC5A1019046
:10762000EBF78EFCC448E0F739FE01900298406AFF
:10763000002200900199F0F7A2FD0298406A002212
:1076400001210190F0F78FFD0298406A0022BB49AA
:107650000190F0F7A8FD0298406A002211460190BF
:10766000F0F745FD0298406A002211460190F0F7BC
:107670004AFD0298406A002211460190F0F74FFD42
:107680000298406A002211460190F0F724FD02980A
:1076900080690190EAF72CFF014602980162029886
:1076A000006A4C210190F0F7B0FD0298006A1B219E
:1076B0000190F0F732FC0298006A01210190F0F786
:1076C00023FC0298006A08210190F0F7BBFD0298A4
:1076D000006A16210190F0F7D2FD0298006AAFF619
:1076E000C4610190EBF72CFC9548E0F7D7FD0190C1
:1076F0000298006A002200900199F0F740FD02987C
:10770000006A002201210190F0F72DFD0298006A25
:1077100000228C490190F0F746FD0298006A002291
:1077200011460190F0F7E3FC0298006A002211462E
:107730000190F0F7E8FC0298006A002211460190DF
:10774000F0F7EDFC0298006A002211460190F0F774
:10775000C2FC029880690190EAF7CAFE01460298CD
:10776000C1610298C06960210190F0F74EFD029856
:10777000C0690E210190F0F7D0FB0298C069012189
:107780000190F0F7C1FB0298C06908210190F0F761
:1077900059FD0298C06906210190F0F770FD02982A
:1077A000C06969A10190EBF7CBFB6348E0F776FD78
:1077B00001900298C069002200900199F0F7DFFC67
:1077C0000298C069002201210190F0F7CCFC0298D8
:1077D000C069002259490190F0F7E5FC0298C069A0
:1077E000002211460190F0F782FC0298C069002245
:1077F00011460190F0F787FC0298C06900221146FB
:107800000190F0F78CFC0298C069002211460190AB
:10781000F0F761FC0298C0680190EAF769FE014642
:1078200002984161029840693C210190F0F7EDFC1B
:107830000298406914210190F0F76FFB02984069AB
:1078400001210190F0F760FB029840699A210190B4
:10785000F0F7F8FC029840690F210190F0F70FFD56
:10786000029840693BA10190EBF76AFB3248E0F7D0
:1078700015FD019002984069002200900199F0F7EF
:107880007EFC02984069002202210190F0F76BFC17
:107890003248E0F703FD0190029840690022009011
:1078A0000199F0F7C0FB029840690022FF21019086
:1078B000F0F7CDFB02984069002205210190F0F716
:1078C0003AFC02984069002203210190F0F727FC5E
:1078D00002984069002219490190F0F764FC02986F
:1078E0004069002211460190F0F701FC02984069BE
:1078F000002211460190F0F706FC02984069002230
:1079000011460190F0F7E7FB0298C0680190EAF792
:10791000EFFD014602980161029800697A21019009
:10792000F0F773FC02980069102119E033271B005F
:10793000503E2B0043000000C2AE9B00C87E0408EE
:10794000FAF6F200DC22050854454D5045524154E8
:107950005552450053544F5050454400443526007D
:107960000190F0F7DAFA0298006901210190F0F72E
:10797000CBFA0298006918210190F0F763FC029895
:10798000006911210190F0F77AFC0298006921A1A9
:107990000190EBF7D5FA2348E0F780FC01900298BC
:1079A0000069002200900199F0F7E9FB0298006954
:1079B000002201210190F0F7D6FB02980069002215
:1079C00019490190F0F7EFFB029800690022114677
:1079D0000190F0F78CFB029800690022114601909B
:1079E000F0F791FB02980069002211460190F0F730
:1079F00096FB02980069002211460190F0F76BFB9C
:107A00000298C0680190F0F727FF0298D9F707FBAA
:107A10000EBD000053454E534F52204D4F4E49541A
:107A20004F520000FAF6F200F4A5040810B504461F
:107A30002046FEF78DFA2046FEF796FA2046FEF71E
:107A40007BFA2046FEF79CFAE068F1F76CFB10BD6C
:107A50002DE9F04F85B00446894617464FEA690084
:107A600004904FEA6900039009F0010010B90498EE
:107A7000401E04906000EBF73FFC8346B8460026AA
:107A800031E0601E38F8100000FB09F00090651E20
:107A90001FE0009A2BF815200021039A2A44A242E5
:107AA00003DA039A2A4438F81210009A521A009204
:107AB000049AAA1A521E002A02D5B8F8000004E05F
:107AC000049AAA1A521E38F81200009A0244009230
:107AD0006D1E002DDDDA620059464046EBF7AAFC28
:107AE00008EB4408761CA642CBDB4FF47F50029093
:107AF0000298B0FBF9F001904FF0000A15E037F85A
:107B00001A0000B90FE037F81A100298814203D129
:107B1000019827F81A0005E037F81A0090FBF9F0F1
:107B200027F81A0000BF0AF1010A04FB04F05045CF
:107B3000E5D8002542E007EB4508B8F8001001FB46
:107B400009F000262AE0002801DA002300E0831172
:107B50002BF81630039BF31A002B02DCB8F8001048
:107B600005E0039BF31A03FB045337F81310401A84
:107B7000049B33445B1CA34207DA049B33445B1C25
:107B800003FB045337F8132004E0631E03FB045384
:107B900037F813201044761C08EB4408A642D2DBC9
:107BA00007EB4508002606E03BF81610A8F8001081
:107BB000761C08EB4408A642F6DB6D1CA542BADB36
:107BC0005846E8F7DDFD05B0BDE8F08F2DE9FF4F21
:107BD00091B00D461446274614983E180DA81199E9
:107BE000DEF725FE204604EBD0714A1014991144AB
:107BF000491E04F0010282F00102891A0F9104EB80
:107C0000D0714910491C0E911198DEF7F4FE0F99BE
:107C1000081A0D901198DEF7DBFE0E9908441090BB
:107C200000230DA904A8149AE7F71AF9012F01D12E
:107C3000012400E07C103046EBF75EFB8146A8464D
:107C4000002003903BE03246FF214846EBF75EFD03
:107C500004A80090334600214846DDE9032CE047A4
:107C60008346BBF1000F04D171004046EBF7EEFDF7
:107C700020E099F80010890191FBF4F1A8F80010B8
:107C8000012014E019F80020411E19F801108A4261
:107C900005D1411E38F8111028F8101006E019F827
:107CA0000010890191FBF4F128F81010401CB0423B
:107CB000E8DB00BF08EB46080398401C03900398DC
:107CC000B042C0DB4846E8F75BFD04A8E6F79EFF3C
:107CD000012C0FD12946002005E035F81020C2F311
:107CE00087120A54401C06FB06F28242F5DC15B0EE
:107CF000BDE8F08F2A4621463046FFF7A9FE07F07F
:107D000001000444012C27DD4FF47F5090FBF4F078
:107D100001904FF0000B15E035F81B0000B90FE0A3
:107D200035F81B00FF2803D1019825F81B0006E059
:107D300035F81B00800190FBF4F025F81B0000BF14
:107D40000BF1010B06FB06F05845E5D82A46214603
:107D50003046FFF77DFE00BF02954FF0000A06E0B7
:107D600015F81A10029800F80A100AF1010A06FB29
:107D700006F05045F4DC00BFB9E701460A4610683A
:107D80007047F0B587B006460C46002500200690E7
:107D9000142101A8C8F7F9FA14B9032007B0F0BDFF
:107DA00006A9304600F042F805460DB12846F5E731
:107DB00002A9204600F067F805460DB12846EDE718
:107DC000607803A900F07DF805460DB12846E5E787
:107DD0000698808801900020049005902078012862
:107DE00009D1E07800F049F80746069A91881068B2
:107DF0003A46C9F77DFA0699086801A9C9F78CF9CE
:107E00000020CBE738B505460024002000906946E5
:107E1000284600F00BF804460CB1204638BD009A05
:107E200091881068C9F7C4F80020F7E770B50546D7
:107E30000C4605B10CB9032070BDE86808B90C20E8
:107E4000FAE7E86820602068006808B90C20F3E7CA
:107E50002168888800F006F8012801D00320EBE7AC
:107E60000020E9E7014609B900207047481E084094
:107E700008B90120F9E70020F7E70146012900D100
:107E800070470020FCE7024602B109B903207047A1
:107E9000107810B900200860F9E71078012801D0A7
:107EA0000320F4E7907818B9012008600020EEE77D
:107EB0009078012803D1112008600020E7E7032013
:107EC000E5E7024609B90320704722B1012A05D02F
:107ED000022A0BD106E000200860F5E701200860C7
:107EE0000020F1E7022008600020EDE70320EBE727
:107EF000F8B507460C460026002000900CB9032078
:107F0000F8BD69463846FFF791FF06460EB1304688
:107F1000F6E7009A91881068C9F7E2F90546012D45
:107F200000D100E0002020700020E9E7F8B5064607
:107F30000C4600250020009069463046FFF776FF8A
:107F400005460DB12846F8BD2046FFF796FF0746C7
:107F5000009A918810683A46C9F7CAF90020F2E7FA
:107F60007FB506460C460025002003900290019044
:107F7000009014B9032004B070BD03A9304600F08E
:107F800099F805460DB12846F5E70399086802A956
:107F900000F0A0F805460DB12846ECE70399086803
:107FA00001A900F045F805460DB12846E3E703991D
:107FB0000868694600F01DF805460DB12846DAE765
:107FC00020789DF8081088420FD160789DF8041041
:107FD00088420AD103980068C06830B9A0780828A0
:107FE00003D160680099884201D20B20C3E70020CA
:107FF000C1E7F8B504460D46002600200090002792
:1080000004B10DB90320F8BD6946E06900F024F819
:1080100006460EB13046F6E7C9F7A2FB07460FB990
:108020000C20F0E70098B7FBF0F028600020EAE7AA
:10803000024602B109B903207047106A10B9002046
:10804000087007E0106A802802D10120087001E062
:108050000B20F1E70020EFE7024609B90320704743
:1080600002F0070008BBD01008281ED2DFE800F09D
:1080700004070A0D101316190220086017E00420E7
:10808000086014E00820086011E0102008600EE08D
:10809000202008600BE04020086008E08020086095
:1080A00005E04FF48070086001E00B20D7E700BFC7
:1080B0000020D4E7024612B109B1D06A08B9032002
:1080C0007047D06A08600868006808B90C20F7E7B4
:1080D0000020F5E7024602B109B903207047106994
:1080E00020B9506910B90020087019E0106920B952
:1080F0005069012801D1087012E01069022804D1EA
:10810000506910B9022008700AE01069022805D1F0
:108110005069012802D10320087001E00B20DDE73F
:108120000020DBE7F8B50646002400200090354625
:10813000284600F0BEF804460CB12046F8BD687A27
:10814000012804D0687A032801D00520F6E7286BBF
:1081500008B10820F2E769462846FFF7ABFF04465E
:108160000CB12046EAE700212846F4F7A9F80446B6
:108170000CB12046E2E700212846F5F71FFADDE7BB
:10818000F8B506460024002000903546284600F049
:1081900090F804460CB12046F8BD687A08B1052075
:1081A000FAE769462846FFF785FF04460CB12046EA
:1081B000F2E700980068006820B100990868C9F7E4
:1081C00085FD08B90C20E7E7002028630121284637
:1081D000F5F7F4F904460CB12046DDE70221284604
:1081E000F4F76EF8D8E770B5044600252646304609
:1081F00000F05FF805460DB1284670BD707A022880
:1082000001D00520F9E70020F7E770B50646002405
:108210003546284600F04DF804460CB1204670BDA6
:10822000687A012804D0687A032801D00520F6E78F
:1082300002212846F5F7C2F904460CB12046EEE7C4
:1082400003212846F4F73CF8E9E770B50646002418
:108250003546284600F02DF804460CB1204670BD86
:10826000687A022801D00520F9E7286B08B10820B8
:10827000F5E703212846F5F7A1F904460CB120469D
:10828000EDE702212846F4F71BF8E8E7014631B193
:1082900001290AD0022904D0032908D103E00020D3
:1082A00070470820FCE70220FAE70F20F8E70120DA
:1082B000F6E710B504460CB9032010BD0021204696
:1082C000F5F76CF9012802D1207E0B2801D00C2093
:1082D000F3E70020F1E72DE9F84307460D46144681
:1082E00000260020009005B114B90320BDE8F883F2
:1082F000B4F5803F01D31020F8E769463846FFF710
:10830000D9FE06460EB13046F0E7A2B200994FF40E
:108310007A7308682946C9F785FD8046FFF7B6FFDE
:10832000E4E7FEB504460D460026002002900190C9
:10833000009004B10DB90320FEBD02A9284600F04B
:108340003FFA06460EB13046F6E7687901A900F01B
:1083500025FA06460EB13046EEE7A879694600F0E8
:1083600004FA06460EB13046E6E7E87908B10B207C
:10837000E2E7286860600299A1600199E1600099D4
:1083800021610C2161610021A161E1610020D3E73D
:10839000F8B506460C460025002000906946304698
:1083A00000F0B7F805460DB12846F8BD24B93046AF
:1083B000009900F04CF8F8E7022C21D10027009832
:1083C00090F82000012808D13046009900F03FF8CD
:1083D00005460DB12846E8E701270098007D0128F1
:1083E00008D13046009900F014F805460DB1284632
:1083F000DBE70127012F01D00520D6E70020D4E7D5
:10840000012C01D00B20D0E73046009900F001F894
:10841000CBE72DE9F04106460C460025207D0128DA
:1084200002D00520BDE8F0812068C9F779FF074632
:1084300000F088F905460DB12846F3E7204600F024
:1084400025F80121304600F02FF80020EAE72DE959
:10845000F04106460C46002594F82000012802D081
:108460000520BDE8F0812068C9F7BCFF074600F091
:1084700069F905460DB12846F3E7204600F00DF8EE
:108480000021304600F010F80020EAE720B100217A
:108490008160C16001610175704720B10021816177
:1084A000C16180F8201070477FB505460C46032057
:1084B0008DF800008DF801400020019002901320FB
:1084C000039069462846F5F7A8FE7FBD7FB50446B0
:1084D0000D4616465CB1606848B1A06838B136B147
:1084E000E068A84203D9E068401BB04200D27FBDDB
:1084F00001208DF800008DF80100A068284401904B
:1085000002960020039069466068F5F786FE00BF7A
:10851000EDE7024612B109B1906B08B9032070472C
:10852000906B08600868006808B90C20F7E7002025
:10853000F5E7F8B505460024002000902E463046A9
:1085400000F0FFF904460CB12046F8BD707A03280C
:1085500001D00520F9E769463046FFF7DAFF044607
:108560000CB12046F1E700990868C9F77AFF074681
:1085700000F0E8F804460CB12046E6E70098FFF763
:1085800085FF0098FFF789FF0020009948600021CF
:108590003046F3F795FE04460CB12046D5E700219E
:1085A0003046F5F70BF8D0E7F8B506460024002072
:1085B00000903546284600F0C4F904460CB1204628
:1085C000F8BD687A08B10520FAE769462846FFF742
:1085D000A0FF04460CB12046F2E70098FFF756FFD3
:1085E0000098FFF75AFF0099086805F12801FFF786
:1085F00098FE04460CB12046E2E700990868CAF7E5
:108600002DF9074600F09EF804460CB12046D7E746
:108610000098456001212846F4F7D0FF04460CB1CC
:108620002046CDE702212846F3F74AFEC8E770B599
:10863000044600252646304600F083F905460DB174
:10864000284670BD707A022801D00520F9E7002085
:10865000F7E770B5064600243546284600F071F964
:1086600004460CB1204670BD687A012804D0687AAF
:10867000032801D00520F6E702212846F4F79EFFE3
:1086800004460CB12046EEE703212846F3F718FE16
:10869000E9E7F8B505460024002000902E46304654
:1086A00000F04FF904460CB12046F8BD707A02285C
:1086B00001D00520F9E769463046FFF72AFF044656
:1086C0000CB12046F1E7009890F8200001280DD168
:1086D00000990868C9F786FE074600F033F804469B
:1086E0000CB12046E1E70098FFF7D7FE0098007D27
:1086F00001280DD100990868C9F712FE074600F05D
:1087000021F804460CB12046CFE70098FFF7BEFEE3
:1087100003213046F4F752FF04460CB12046C4E76B
:1087200002213046F3F7CCFDBFE7014601F0080017
:1087300008B11020704701F01F0008B10F20F9E7C1
:108740000F20F7E7014631B101290AD0022904D0F0
:10875000032908D103E0002070470820FCE702202D
:10876000FAE70F20F8E70120F6E7024609B90320EF
:10877000704722B1012A05D0022A0DD107E000205E
:108780000860F5E74FF4806008600020F0E74FF4E0
:10879000C06008600020EBE70320E9E7024609B962
:1087A0000320704712B1012A08D102E000200860BE
:1087B000F7E74FF4005008600020F2E70320F0E7ED
:1087C000024602B109B9032070471079072804D086
:1087D000082809D0092813D110E0907908B90B2096
:1087E000F2E700200860EFE7907910B900200860F8
:1087F00002E04FF4805008600020E5E70B20E3E73B
:108800000320E1E770B504460D464CB1207D0128F8
:1088100006D1A06820B1E06810B1E068A84200D29B
:1088200070BD2069A84206D220692A1A0146204656
:10883000FFF74CFE10E02069A8420CD9D4E90303ED
:10884000C21A19462046FFF741FE2A46002120465B
:10885000FFF73CFE00E0E3E7E068A84202D1002019
:10886000206100E0256100BFDAE72DE9F84F80467E
:108870000F46144699460A9D00260020009005B137
:1088800028600FB104B115B90320BDE8F88FB4F525
:10889000803F01D31020F8E769464046FFF739FED4
:1088A00006460EB13046F0E7A2B200994B46086882
:1088B0003946CAF7C1F88246FFF744FF06460EB1B3
:1088C0003046E2E72C600020DFE72DE9F843074659
:1088D0000D46144600260020009005B114B903206F
:1088E000BDE8F883B4F5803F01D31020F8E769466E
:1088F0003846FFF70EFE06460EB13046F0E7009808
:10890000007D012801D10820EAE7009885600098E1
:10891000C460002000990861012000990875A2B286
:10892000009908682946C9F7ABFC8046FFF70AFFA3
:10893000064626B10098FFF7A9FD3046D0E7002093
:10894000CEE710B504460CB9032010BD0021204627
:10895000F4F724FE012802D1207E0A2801D00C2041
:10896000F3E70020F1E72DE9F84F80460F46144663
:1089700099460A9D00260020009005B128600FB19D
:1089800004B115B90320BDE8F88FB4F5803F01D3D9
:108990001020F8E769464046FFF7BBFD06460EB1DA
:1089A0003046F0E7A2B200994B4608683946CAF74C
:1089B000B3F88246FFF7C6FE06460EB13046E2E740
:1089C0002C600020DFE72DE9F84307460D461446EA
:1089D00000260020009005B114B90320BDE8F883FB
:1089E000B4F5803F01D31020F8E769463846FFF719
:1089F00090FD06460EB13046F0E7009890F8200052
:108A0000012801D10820E9E7009885610098C46138
:108A10000120009981F82000A2B200990868294637
:108A2000CAF7E4F88046FFF78DFE064626B10098A7
:108A3000FFF733FD3046D1E70020CFE72DE9F041C5
:108A400004460D462046F0F762FE88B127680026EE
:108A500009E0E9B217F83600F0F722FF10B1012063
:108A6000BDE8F081761C17F836000028F1D111E03E
:108A7000207A216801EB8007002607E0E9B2B85DA3
:108A8000F0F70EFF08B10120EAE7761C207AB04229
:108A9000F4D800BF0020E3E7FEB5044694F82400B4
:108AA00000F0010058B1FE48DFF7F8FB0090BDF878
:108AB000000020869DF8020084F832000BE00421BB
:108AC0001220EFF731FF0190BDF8040020869DF8D9
:108AD000060084F8320094F8240000F0010068B128
:108AE00005211220EFF720FF0090BDF80000A4F848
:108AF00033009DF8020084F835000CE004211220B8
:108B0000EFF7D6FE0190BDF80400A4F833009DF8FD
:108B1000060084F8350094F8240000F0010058B1F4
:108B2000E048DFF7BBFB0090BDF80000E0869DF851
:108B3000020084F8380009E0DFF7E8FD0190BDF895
:108B40000400E0869DF8060084F8380094F82400BC
:108B500000F0010060B1D448DFF7A0FB0090BDF841
:108B60000000A4F839009DF8020084F83B000CE0F6
:108B700002211220EFF7D8FE0190BDF80400A4F8FE
:108B800039009DF8060084F83B0004F5C27001F03E
:108B9000ADF804F5C87001F0A9F800204621502373
:108BA000C24ACDE90010C24904F5E070F1F714F9AA
:108BB000002000905023BD4ABD49019004F5EA70A1
:108BC000F1F70AF904F5E07104F5C270F1F7EFF876
:108BD00004F5EA7104F5C870F1F7E9F804F14C0006
:108BE00001F084F894F8240000F0010028B102217B
:108BF0001220EFF75DFE029003E01220EFF7CEFEA9
:108C0000029004F14C000299F0F7E8FE47F6FF717C
:108C100004F14C00F1F72AF8E06AC0EBC0005030D4
:108C2000A02190FBF1F0012806DDE06AC0EBC00056
:108C3000503090FBF1F000E001200546294604F198
:108C40004C00F0F75FFFE06A00EB80005030A0219D
:108C500090FBF1F0012806DDE06A00EB8000503067
:108C600090FBF1F000E001200546294604F14C009C
:108C7000F1F7A7F8662104F14C00F0F7C0FE04F507
:108C8000EA7104F14C00F1F792F804F1580001F098
:108C90002DF8FF2104F15800F0F7B1FE04F1400077
:108CA00001F024F8FF2104F14000F0F7A8FE04F1E0
:108CB0004000216BF0F792FEB4F83300ADF80400E9
:108CC00094F835008DF8060004F140000199F1F7A1
:108CD00035F804F14000E169F1F741F894F8280013
:108CE000012801D10E2006E094F82800022801D1C5
:108CF0000C2000E00A2008B9002029E094F8281090
:108D0000E06A012901D10E2106E094F82810022919
:108D100001D10C2100E00A2148435030A02190FBF2
:108D2000F1F0012813DD94F82810E06A012901D13F
:108D30000E2106E094F82810022901D10C2100E050
:108D40000A2148435030A02190FBF1F000E00120BF
:108D50000546294604F14000F0F710FF94F828007A
:108D6000012801D10E2006E094F82800022801D144
:108D70000C2000E00A2008B9002029E094F828100F
:108D8000E06A012901D10E2106E094F82810022999
:108D900001D10C2100E00A2148435030A02190FB72
:108DA000F1F0012813DD94F82810E06A012901D1BF
:108DB0000E2106E094F82810022901D10C2100E0D0
:108DC0000A2148435030A02190FBF1F000E001203F
:108DD0000546294604F14000F0F7B2FEE56AE817BF
:108DE00005EB90708010010204F14000F0F763FF82
:108DF00004F1640000F07AFF94F82800012801D102
:108E00000C2000E0082008B900201DE094F828108C
:108E1000E06A012901D10C2100E0082148435030CB
:108E2000A02190FBF1F001280DDD94F82810E06AF4
:108E3000012901D10C2100E0082148435030A02134
:108E400090FBF1F000E001200546294604F16400A2
:108E5000F0F70CFFFF2104F16400F0F7D0FDD4F827
:108E600036000146019004F16400F0F7B7FDB4F854
:108E70003900ADF8040094F83B008DF8060004F1C9
:108E800064000199F0F7C5FD5021E06A01EB400054
:108E9000A02190FBF1F0012812DD5021E06A09E0E9
:108EA0001A171500302B280037322F00E76201080F
:108EB000AC60040801EB4000A02190FBF1F000E061
:108EC00001200546294604F16400F0F7BDFD0121AB
:108ED00004F16400F0F7AEFDB4F83300ADF804001F
:108EE00094F835008DF8060004F164000199F0F75C
:108EF00025FF94F82800012801D1182006E094F8F5
:108F00002800022801D1142000E0102008B9002018
:108F100029E094F82810E06A012901D1182106E01F
:108F200094F82810022901D1142100E010214843AF
:108F30005030A02190FBF1F0012813DD94F82810A7
:108F4000E06A012901D1182106E094F828100229CD
:108F500001D1142100E0102148435030A02190FBA2
:108F6000F1F000E001200546294604F16400F0F725
:108F7000C9FD94F82800012801D10E2006E094F8DC
:108F80002800022801D10C2000E00A2008B90020A6
:108F900029E094F82810E06A012901D10E2106E0A9
:108FA00094F82810022901D10C2100E00A2148433D
:108FB0005030A02190FBF1F0012813DD94F8281027
:108FC000E06A012901D10E2106E094F82810022957
:108FD00001D10C2100E00A2148435030A02190FB30
:108FE000F1F000E001200546294604F16400F0F7A5
:108FF000C5FD94F82800012801D10E2006E094F860
:109000002800022801D10C2000E00A2008B9002025
:1090100029E094F82810E06A012901D10E2106E028
:1090200094F82810022901D10C2100E00A214843BC
:109030005030A02190FBF1F0012813DD94F82810A6
:10904000E06A012901D10E2106E094F828100229D6
:1090500001D10C2100E00A2148435030A02190FBAF
:10906000F1F000E001200546294604F16400F0F724
:1090700067FD1220EFF792FC0146019004F16400B5
:10908000F0F7F6FCE06A5030A02190FBF1F00128E7
:1090900004DDE06A503090FBF1F000E0012005466D
:1090A000294604F16400F0F7F4FC04F5987000F030
:1090B0001DFE04F598702169F0F7F5FCE06A00EBFD
:1090C00040005030A02190FBF1F0012806DDE06A5D
:1090D00000EB4000503090FBF1F000E0012005462D
:1090E000294604F59870F0F703FDE06A00EB4000B4
:1090F0005030A02190FBF1F0012806DDE06A00EB82
:109100004000503090FBF1F000E001200546294678
:1091100004F59870F0F7E2FC7F2104F59870F0F701
:10912000D3FC04F59E7000F0E1FDB4F81300ADF837
:109130000400607D8DF8060004F59E700199F0F73B
:10914000B2FCE06A00EB40005030A02190FBF1F04F
:10915000012806DDE06A00EB4000503090FBF1F0A2
:1091600000E001200546294604F59E70F0F7C0FC9A
:109170007F2104F59E70F0F7A7FC04F1700000F069
:10918000B5FD94F82800012801D1102006E094F8DC
:109190002800022801D10C2000E0082008B9002096
:1091A00029E094F82810E06A012901D1102106E095
:1091B00094F82810022901D10C2100E0082148432D
:1091C0005030A02190FBF1F0012813DD94F8281015
:1091D000E06A012901D1102106E094F82810022943
:1091E00001D10C2100E0082148435030A02190FB20
:1091F000F1F000E001200546294604F17000F0F787
:1092000035FDFF2104F17000F0F7F9FBB4F83900E7
:10921000ADF8040094F83B008DF8060004F17000EE
:109220000199F0F7DBFB94F8240000F00100E0BBAB
:109230001220EFF7B3FB0146019004F17000F0F744
:1092400044FD0020DFF748FC00EB40005030A02137
:1092500090FBF1F0012809DD0020DFF73DFC00EB79
:1092600040005030A02190FBF1F000E001200546C5
:10927000294604F17000F0F74DFD7F2104F17000E4
:10928000F0F73EFD0020DFF727FC502101EB8000C6
:10929000A02190FBF1F001280BDD0020DFF71CFC82
:1092A000502101EB8000A02100E048E090FBF1F0AC
:1092B00000E0012008B900203BE00020DFF70CFCB3
:1092C000502101EB8000A02190FBF1F0012809DD85
:1092D0000020DFF701FC502101EB8000A02190FB72
:1092E000F1F000E00120E16A48435030A02190FBFA
:1092F000F1F001281CDD0020DFF7EEFB502101EB2F
:109300008000A02190FBF1F0012809DD0020DFF7AB
:10931000E3FB502101EB8000A02190FBF1F000E085
:109320000120E16A48435030A02190FBF1F000E0B9
:1093300001200546294604F17000F0F7D7FCB4F887
:109340003300ADF8040094F835008DF8060004F100
:1093500070000199F0F7F2FC04F1700594F8280010
:10936000012801D1182006E094F82800022801D134
:10937000142000E0102008B9002029E094F82810FB
:10938000E06A012901D1182106E094F82810022989
:1093900001D1142100E0102148435030A02190FB5E
:1093A000F1F0012813DD94F82810E06A012901D1B9
:1093B000182106E094F82810022901D1142100E0B8
:1093C000102148435030A02190FBF1F000E0012033
:1093D000064631462846F0F7BDFB31462846F0F7F1
:1093E000C3FB00BF04F1700594F82800012801D1E7
:1093F0000E2006E094F82800022801D10C2000E09D
:109400000A2008B9002029E094F82810E06A012910
:1094100001D10E2106E094F82810022901D10C2177
:1094200000E00A2148435030A02190FBF1F00128D0
:1094300013DD94F82810E06A012901D10E2106E01D
:1094400094F82810022901D10C2100E00A21484398
:109450005030A02190FBF1F000E00120064631469B
:109460002846F0F795FB31462846F0F75FFB00BF32
:10947000E06A00EB80005030A02190FBF1F0012861
:1094800006DDE06A00EB8000503090FBF1F000E078
:1094900001200546294604F17000F0F751FBE06A0F
:1094A00000EB80005030A02190FBF1F0012806DD98
:1094B000E06A00EB8000503090FBF1F000E001200A
:1094C0000546294604F17000F0F758FB04F1C4008A
:1094D00000F00CFCDEF752FE0146019004F1C400DE
:1094E000F0F7CEFB232104F1C400F0F7DAFB04F11E
:1094F000D00000F0FBFBFE48D0F8C80190F8240033
:1095000000F0010050B102211220EFF7D1F901461D
:10951000019004F1D000F0F7B3FB09E00221122022
:10952000EFF702FA0146019004F1D000F0F7A8FB32
:109530007F2104F1D000F0F7B4FB04F5B07000F027
:10954000D5FB012104F5B070F0F788FA012104F58C
:10955000B070F0F76FFA04F5807000F0C7FB94F874
:109560002800012801D1182006E094F828000228DC
:1095700001D1142000E0102008B9002029E094F85F
:109580002810E06A012901D1182106E094F828107A
:10959000022901D1142100E0102148435030A021BC
:1095A00090FBF1F0012813DD94F82810E06A0129FE
:1095B00001D1182106E094F82810022901D11421C4
:1095C00000E0102148435030A02190FBF1F000E072
:1095D00001200546294604F58070F0F793FA94F8C7
:1095E0002800012801D1182006E094F8280002285C
:1095F00001D1142000E0102008B9002029E094F8DF
:109600002810E06A012901D1182106E094F82810F9
:10961000022901D1142100E0102148435030A0213B
:1096200090FBF1F0012813DD94F82810E06A01297D
:1096300001D1182106E094F82810022901D1142143
:1096400000E0102148435030A02190FBF1F000E0F1
:1096500001200546294604F58070F0F78FFA94F84A
:109660002800012801D1182006E094F828000228DB
:1096700001D1142000E0102008B9002029E094F85E
:109680002810E06A012901D1182106E094F8281079
:10969000022901D1142100E0102148435030A021BB
:1096A00090FBF1F0012813DD94F82810E06A0129FD
:1096B00001D1182106E094F82810022901D11421C3
:1096C00000E0102148435030A02190FBF1F000E071
:1096D00001200546294604F58070F0F731FA04F1BF
:1096E000F40000F003FB94F82800012801D10E20BB
:1096F00006E094F82800022801D10C2000E00A209E
:1097000008B9002029E094F82810E06A012901D165
:109710000E2106E094F82810022901D10C2100E066
:109720000A2148435030A02190FBF1F0012813DDBD
:1097300094F82810E06A012901D10E2106E094F87E
:109740002810022901D10C2100E00A2148435030A1
:10975000A02190FBF1F000E001200546294604F12C
:10976000F400F0F7CFF904F1F40594F8280001288B
:1097700001D10E2006E094F82800022801D10C2027
:1097800000E00A2008B9002029E094F82810E06AD7
:10979000012901D10E2106E094F82810022901D1F7
:1097A0000C2100E00A2148435030A02190FBF1F049
:1097B000012813DD94F82810E06A012901D10E2157
:1097C00006E094F82810022901D10C2100E00A21BA
:1097D00048435030A02190FBF1F000E00120064604
:1097E00031462846F0F7CAF931462846F0F7A8F97D
:1097F00000BF04F5867000F079FAE06A00EB8000A3
:10980000502101EB4000A02190FBF1F0012809DD7F
:10981000E06A00EB8000502101EB4000A02190FBAA
:10982000F1F000E001200546294604F58670F0F7C6
:10983000A5F9E06A00EB8000502101EB4000A02177
:1098400090FBF1F0012809DDE06A00EB8000502177
:1098500001EB4000A02190FBF1F000E00120054663
:10986000294604F58670F0F76BF904F58C7000F06A
:109870003DFAE06A00EB8000502101EB8000A0215E
:1098800090FBF1F0012809DDE06A00EB8000502137
:1098900001EB8000A02190FBF1F000E001200546E3
:1098A000294604F58C70F0F764FA04F5927000F024
:1098B0001DFA022104F59270F0F736FA04F1DC008B
:1098C00000F014FA002104F1DC00F0F71BF900218C
:1098D00004F1DC00F0F752F9002104F1DC00F0F7AC
:1098E0002FF904F1E80000F001FA94F8280001E0F3
:1098F000B80B0120012801D1082006E094F82800C7
:10990000022801D1062000E0022008B9002029E049
:1099100094F82810E06A012901D1082106E094F8A2
:109920002810022901D1062100E0022148435030CD
:10993000A02190FBF1F0012813DD94F82810E06AD3
:10994000012901D1082106E094F82810022901D14B
:10995000062100E0022148435030A02190FBF1F0A5
:1099600000E001200546294604F1E800F0F7CAF8B6
:1099700094F82800012801D1082006E094F8280076
:10998000022801D1062000E0022008B9002029E0C9
:1099900094F82810E06A012901D1082106E094F822
:1099A0002810022901D1062100E00221484350304D
:1099B000A02190FBF1F0012813DD94F82810E06A53
:1099C000012901D1082106E094F82810022901D1CB
:1099D000062100E0022148435030A02190FBF1F025
:1099E00000E001200546294604F1E800F0F7C6F83A
:1099F00094F82800012801D1082006E094F82800F6
:109A0000022801D1062000E0022008B9002029E048
:109A100094F82810E06A012901D1082106E094F8A1
:109A20002810022901D1062100E0022148435030CC
:109A3000A02190FBF1F0012813DD94F82810E06AD2
:109A4000012901D1082106E094F82810022901D14A
:109A5000062100E0022148435030A02190FBF1F0A4
:109A600000E001200546294604F1E800F0F768F817
:109A700004F17C0000F03AF904F17C002169EFF771
:109A8000ADFFDEF743FE0146019004F17C00F0F7E4
:109A900055F9FF2104F17C00EFF7B1FF04F18800D4
:109AA00000F024F904F188002169EFF797FF04F131
:109AB00088002169F0F742F9332104F18800EFF7BB
:109AC0009EFF04F1940000F011F9B4F81300ADF812
:109AD0000400607D8DF8060004F194000199EFF711
:109AE0007DFFDEF713FE0146019004F19400F0F7CC
:109AF00025F9FF2104F19400EFF781FF04F1A000A4
:109B000000F0F4F8B4F81300ADF80400607D8DF8AF
:109B1000060004F1A0000199EFF760FFB4F813000C
:109B2000ADF80400607D8DF8060004F1A0000199F5
:109B3000F0F704F9332104F1A000EFF760FF04F11E
:109B4000AC0000F0D3F8B4F83900ADF8040094F894
:109B50003B008DF8060004F1AC000199EFF73EFFE1
:109B6000FF2104F1AC00EFF74AFFB4F83300ADF881
:109B7000040094F835008DF8060004F1AC0001995A
:109B8000F0F7DCF804F1B80000F0B0F8D4F83600D3
:109B90000146019004F1B800EFF720FFFF2104F126
:109BA000B800EFF72CFFB4F83300ADF8040094F8D8
:109BB00035008DF8060004F1B8000199F0F7BEF801
:109BC00004F5A47000F092F847F6FF7104F5A47054
:109BD000F0F74CF804F5AA7000F088F8002104F5BD
:109BE000AA70F0F743F804F5B67000F07FF8E56A64
:109BF000E81705EB90708010010204F5B670F0F7DD
:109C00005AF804F5BC7000F071F8E06A00EB40000F
:109C10005030A02190FBF1F0012806DDE06A00EB56
:109C20004000503090FBF1F000E00120054629464D
:109C300004F5BC70F0F7B1F8E06A00EB400050307A
:109C4000A02190FBF1F0012806DDE06A00EB400066
:109C5000503090FBF1F000E001200546294604F564
:109C6000BC70F0F790F804F5DA7000F03FF804F5F6
:109C7000DA702169EFF7B2FEFF2104F5DA70EFF731
:109C8000BEFEE06A00EB4000502101EB4000A02145
:109C900090FBF1F0012809DDE06A00EB4000502163
:109CA00001EB4000A02190FBF1F000E0012005460F
:109CB000294604F5DA70EFF725FF47F6FF7104F542
:109CC000DA70EFF7D3FF04F5CE7000F00FF8C8217B
:109CD00004F5CE70EFF778FE04F5D47000F006F8C6
:109CE000782104F5D470EFF76FFEFEBD10B5044681
:109CF000F0F746FE18B12046EFF757FE02E0204687
:109D0000EFF7FEFC10BD00002DE9F04107460D46BF
:109D10003948D0F8C8412846EAF76BFF0646A6B98D
:109D2000002204F140012846E9F77BFE4FF480321F
:109D300004F14C012846E9F774FE304A04F1580159
:109D40002846E9F76EFEBDE8F0812D492846EAF77E
:109D500062F898B1002204F164012846E9F761FE37
:109D60004FF4803204F14C012846E9F75AFE234AA9
:109D700004F158012846E9F754FE3BE02149284602
:109D8000EAF749F8002835D0002204F1700128468E
:109D9000E9F747FE002204F17C012846E9F741FE7D
:109DA000002204F5C2712846E9F73BFE202204F1A7
:109DB000C4012846E9F735FE202204F5C87128467B
:109DC000E9F72FFE042204F598712846E9F729FEE9
:109DD000202204F5BC712846E9F723FE012204F194
:109DE00094012846E9F71DFE802204F1D00128469F
:109DF000E9F717FE00BFA6E7B80B012040000100FD
:109E0000B8E50308B86004080146C843401C01EAED
:109E10000002B2FA82F0C0F12003581E70470146DA
:109E200021B1B1FA81F0C0F1200000E0002002462B
:109E3000501E70472DE9FE4380460D464446276874
:109E40000026C1E0F86800EBC6004068C0F340603F
:109E500040B1F86800EBC600406820F07F40A16880
:109E6000884200D0AFE000200290207945284CD0F5
:109E700010DC34281DD006DC1C2840D023283FD01D
:109E8000312863D13DE0352814D039283CD03D2815
:109E90005CD138E0682816D006DC582832D05A2821
:109EA00012D0642852D117E0692804D078284DD107
:109EB00024E000BF00BFFF2D02DAE068029001E05D
:109EC0002069029053E000BFFF2D02DAE0680290A3
:109ED00001E0206902904AE0E06810B92069029030
:109EE0000BE0206910B9E068029006E0802D02DAEC
:109EF000E068029001E02069029038E000BF00BFF6
:109F000000BF00BF00BF00BF00BF002D06DCA0895E
:109F1000ADF80800A07B8DF80A0016E0FF2D06DBE7
:109F2000208AADF80800A07C8DF80A000DE0EAB2A6
:109F3000D4E90310DEF711FA0090BDF80000ADF887
:109F400008009DF802008DF80A0010E015B9E068DD
:109F500002900BE0FF2D02D12069029006E0D4E9C7
:109F60000310401A684301EB2020029000BF00BF9D
:109F7000002001904FF00109FA6852F8360021796B
:109F800001AAEFF71DFB70B1DDE9011088420AD18B
:109F9000DDE90110DEF701F928B1DDE901108842A1
:109FA00001D14FF00009FA6852F836002179029A7F
:109FB000EFF7F8FDB9F1000F04D02279A16820680D
:109FC000EDF782FB06E0761C788DC0F30510B042F9
:109FD0003FF638AF00BFBDE8FE8300002DE9F05F1B
:109FE0008146D9F80040256894F804A04FF0000B92
:109FF0002D48E9F749F8064615E0A6420ED030682C
:10A00000216888420AD1B068A168884206D13079B7
:10A010002179884202D14FF0010B06E031462248F7
:10A02000E9F74AF80646002EE7D100BFBBF1000F62
:10A0300038D100272FE0E86800EBC7004068C0F384
:10A04000406038B3E86800EBC700406820F07F400C
:10A05000A16888421ED121461348E9F703F920463A
:10A06000E6F78EFBE86800EBC7085146D8F8000019
:10A07000EFF744FCE96851F83700EFF758FB40B1BF
:10A08000D8F8040020F07F422846D8F80010EDF7F9
:10A0900054FC05E07F1C688DC0F30510B842CAD897
:10A0A00000BF00BFBDE8F09FD40B01202DE9F041B7
:10A0B00005462C68A068EEF703FA804622794146EF
:10A0C0002068EBF74DFDE0602679002020712346E3
:10A0D00032464146206800F013F82671A1682068D6
:10A0E000D6F705FF074621793868E268EFF75AFD91
:10A0F0002279A1682068EDF7E7FABDE8F081000059
:10A100002DE9F05F05460E4690469A464FF0000B4B
:10A110002848E8F7DEFF044645E0544500D144E016
:10A1200021462448E8F7CFFF81462068A84239D16C
:10A13000A068B04202D0B6F5702F33D120794045E7
:10A1400002D0B8F1FF0F2DD1002718E0E86800EB2E
:10A15000C7004068C0F3406080B1B6F5702F07D0EB
:10A16000E86800EBC700406820F07F40B04205D1AE
:10A17000EA6852F837002179EFF7C0FB7F1C688D41
:10A18000C0F30510B842E1D800212046DCF70EF8F4
:10A1900021460848E9F766F82046E6F7F1FA4FF05D
:10A1A000010B00BF4C46002CB7D100BF5846BDE89C
:10A1B000F09F0000D40B01202DE9FF4F83B08846AB
:10A1C0009146159C10990291119901910020CFE0C0
:10A1D000DDF848A00AFB00FADDF808B00BEB2A2AEC
:10A1E000CDF840A0DDF84CA00AFB00FADDF804B081
:10A1F0000BEB2A2ACDF844A0DDF840A04FEA2A2133
:10A20000DDF844A04FEA2A22002905DB414503DAA4
:10A21000002A01DB4A4504DB4FF0000A04F800A0E5
:10A22000A5E0DDF840A00AF0FF03DDF844A00AF045
:10A23000FF05802B06DA4FF0FF36C3F17F0A4FEAA5
:10A240004A0304E00126A3F1800A4FEA4A03802D65
:10A2500006DA4FF0FF37C5F17F0A4FEA4A0504E0FE
:10A260000127A5F1800A4FEA4A05DDF80CC0DDF8A8
:10A2700018A002FB0A1AD4449CF800A004F800A01D
:10A28000DDF858A0BAF1000F49D001EB060ABAF187
:10A29000000F44DB01EB060BA8F1010AD3453EDCBD
:10A2A00002EB070ABAF1000F39DB02EB070BA9F149
:10A2B000010AD34533DC1CF806A0DDF818B007FB13
:10A2C0000BFB1CF80BB0CDF800B014F800B0D34570
:10A2D00009D014F800B0C5F5807E0BFB0EFB0AFB1D
:10A2E00005BBCBF3072A14F800E0DDF800B0DE452B
:10A2F0000DD014F800B0C3F5807E0BFB0EFBDDF82B
:10A3000000E00EFB03BBCBF3072BCDF800B0DDF86C
:10A3100000B0D3444FEA6B0B04F800B026E009B953
:10A32000002E05DBA8F1010A8A450CD1002E0ADDBA
:10A330009CF800A0C3F1FF0B0AFB0BFACAF3072A33
:10A3400004F800A012E00AB9002F05DBA9F1010A08
:10A3500092450BD1002F09DD9CF800A0C5F1FF0B41
:10A360000AFB0BFACAF3072A04F800A000BF401C3E
:10A3700014998842FFF62CAF07B0BDE8F08F2DE9A5
:10A38000FF4FA5B00E462798C06A249024980089F4
:10A3900080B2239024980088C0F307292C2118A8A4
:10A3A000E9F75DFA4F3670788DF87400B07800F0F8
:10A3B0000F008DF88800339890E80E00C06814AC48
:10A3C0000EC4179014A818903298DCF714FB139061
:10A3D0003298DCF7FDFA129014A8DCF70CFB8046EB
:10A3E00014A8DCF7F5FA824616F84F09022801DDB9
:10A3F000012000E000201190B9F1060F02D0B9F160
:10A400000E0F09D1B6F84C00ADF8750096F84E0065
:10A410008DF8770000201190706D08B1012000E0E8
:10A42000002010904C460F2C01D0112C01D110248B
:10A4300008E0122C01D01B2C01D1142402E0062CC0
:10A4400000D11524142C20D108EB48000D90EEF714
:10A45000A1FD8346DEF769FB4FEA800BEEF79AFD1C
:10A460000B90DEF726FB0C90DDF7EDFE0BFB00FBFF
:10A470000D98BBFBF0F7574500DD57460D9901FBE2
:10A4800007F0E8F739FF054623E02046DDF7DBFE5D
:10A4900000FB08F00D90EEF77DFD8346DEF745FBEF
:10A4A0004FEA800BEEF776FD0B90DEF702FB0C9087
:10A4B000DDF7C9FE0BFB00FB0D98BBFBF0F7574522
:10A4C00000DD57460D9901FB07F0E8F715FF05463B
:10A4D00000BF00BF1DB900BF00BF00BFFEE700BF47
:10A4E00019958DF86C4017980F9015983844401EB8
:10A4F000179014A81C90249800690E90142C12D167
:10A500004FEA48001A9014A8209002208DF87C0091
:10A510004FEA480000FB07501E90CDF884801220BF
:10A520008DF86C0012E00E2C0AD11E95CDF88480B7
:10A5300014A8209002208DF87C000020199005E0DE
:10A540002046DDF780FE00FB08F01A905FE014A9BA
:10A550000AA8DCF775F932984068424232980068E0
:10A5600041420AA8DCF7FCFB2898CDE90395CDE928
:10A570000160239800900AA8DDE912320E99E4F7F1
:10A580009CFE119808B9109828B314A906A8DCF706
:10A5900057F9159842421498414206A8DCF7E0FBAF
:10A5A000109868B11B2C0BD018A91A98009502AA14
:10A5B00051C20195059106A80FC8D2F750FE09E0D7
:10A5C0001A98CDE90150CDE90346009506A80FC8B9
:10A5D000F4F78AFF00BF18A92598E1F707FB179841
:10A5E000401C159015983844401E179017990F98E5
:10A5F00081420BDD0F981790142C07D114A8DCF7BB
:10A60000E7F94FEA480101FB00501E9000BF159981
:10A610000F9881429BDD2846E6F7B2F829B0BDE8E5
:10A62000F08F2DE9FF4F87B014980690159805908C
:10A63000199D00240EE116986043069901EB202035
:10A64000149017986043059901EB202015901498F9
:10A650004FEA202815984FEA2029B8F1000F08DBAF
:10A660000898804505DAB9F1000F02DB09988145A9
:10A6700004DB0021199840F82410EAE01498C6B2CF
:10A680001598C7B2802E04DA4FF0FF3AC6F17F0664
:10A6900002E04FF0010A803E802F04DA4FF0FF3BCA
:10A6A000C7F17F0702E04FF0010B803F0A9907983E
:10A6B00009FB010000EB8800049005EB840104987D
:10A6C000006808601A9800287CD008EB0A0000286F
:10A6D00078DB08EB0A010898401E814272DC09EB26
:10A6E0000B0000286EDB09EB0B010998401E81422C
:10A6F0007DDC049800EB8A00006803900A990498B6
:10A700000BFB0100006802909DF80B0050B905EBAF
:10A710008400C078C7F1FF014843000A05EB8401BB
:10A72000C87029E005EB8400006801900299DDF70C
:10A7300092F908BB05EB8400C07868B105EB840092
:10A74000C078C7F1FF0148439DF80B1001FB0700DB
:10A75000000A05EB8401C870F8B28DF80B0005EB18
:10A7600084000068014600900298DDF74AFE0190DF
:10A7700005EB8400019901609DF80F0050B905EBCD
:10A780008400C078C6F1FF014843000A05EB84014C
:10A79000C8702BE005EB8400006801900399DDF799
:10A7A0005AF918BB05EB8400C07878B105EB84003A
:10A7B000C078C6F1FF0148439DF80F1001FB060069
:10A7C000000A00E013E005EB8401C870F0B28DF8D8
:10A7D0000F0005EB84000068014600900398DDF748
:10A7E00010FE019005EB84000199016030E0B8F1A2
:10A7F000000F02D1BAF1000F06DB0898401E404559
:10A800000ED1BAF1000F0BDD05EB8400C078C6F164
:10A810007F014843C0F3C71005EB8401C87017E0FF
:10A82000B9F1000F02D1BBF1000F06DB0998401E01
:10A8300048450DD1BBF1000F0ADD05EB8400C0785F
:10A84000C7F17F014843C0F3C71005EB8401C8700E
:10A8500000BF641C18988442FFF6EDAE0BB0BDE853
:10A86000F08F2DE9FF4F87B014980690159805904A
:10A87000199D0024A1E116986043069901EB202060
:10A88000149017986043059901EB202015901498B7
:10A890004FEA202815984FEA2029B8F1000F08DB6D
:10A8A0000898804505DAB9F1000F02DB0998814567
:10A8B00004DB0021199840F824107DE11498C6B2F9
:10A8C0001598C7B2802E04DA4FF0FF3AC6F17F0622
:10A8D00002E04FF0010A803E802F04DA4FF0FF3B88
:10A8E000C7F17F0702E04FF0010B803F0A990798FC
:10A8F00009FB010000EB8800049005EB840104983B
:10A90000006808601A98002877D008EB0A00002831
:10A9100073DB08EB0A010898401E81426DDC09EBED
:10A920000B000028F4DB09EB0B010998401E814263
:10A93000F4DC049800EB8A00006803900A990498FC
:10A940000BFB01000068029005EB8400006800909A
:10A9500001F09DF9019005EB8400019901600398D5
:10A9600001F095F90390029801F091F902909DF899
:10A970000B0050B905EB8400C078C7F1FF014843D4
:10A98000000A05EB8401C87029E005EB840000682B
:10A9900001900299DDF75FF808BB05EB8400C078F1
:10A9A00068B105EB8400C078C7F1FF0148439DF80A
:10A9B0000B1001FB0700000A05EB8401C870F8B218
:10A9C0008DF80B0005EB84000068014600900298AA
:10A9D000DDF717FD019005EB8400019901609DF8FA
:10A9E0000F0058B905EB8400C078C6F1FF01484359
:10A9F000000A05EB8401C8702AE04CE005EB8400F6
:10AA0000006801900399DDF726F808BB05EB840088
:10AA1000C07868B105EB8400C078C6F1FF014843F7
:10AA20009DF80F1001FB0600000A05EB8401C870B9
:10AA3000F0B28DF80F0005EB84000068014600902D
:10AA40000398DDF7DEFC019005EB840001990160BD
:10AA500005EB8400807805EB8401C97810FB01F0D8
:10AA6000001205EB8401887005EB8400407805EB4B
:10AA70008401C97810FB01F0001205EB84014870D5
:10AA800015F8240005EB8401C97810FB01F00012D1
:10AA900005F824008FE0B8F1000F02D1BAF1000FE1
:10AAA00006DB0898401E40453DD1BAF1000F3ADD63
:10AAB00005EB84000068019001F0E9F8029005EBD5
:10AAC00084000299016005EB8400C078C6F17F0123
:10AAD0004843C0F3C710039005EB84010398C87086
:10AAE00005EB8400807805EB8401C97810FB01F048
:10AAF000001205EB8401887005EB8400407805EBBB
:10AB00008401C97810FB01F0001205EB8401487044
:10AB100015F8240005EB8401C97810FB01F0001240
:10AB200005F8240047E0B9F1000F02D1BBF1000F96
:10AB300006DB0998401E48453DD1BBF1000F3ADDC8
:10AB400005EB84000068019001F0A1F8029005EB8C
:10AB500084000299016005EB8400C078C7F17F0191
:10AB60004843C0F3C710039005EB84010398C870F5
:10AB700005EB8400807805EB8401C97810FB01F0B7
:10AB8000001205EB8401887005EB8400407805EB2A
:10AB90008401C97810FB01F0001205EB84014870B4
:10ABA00015F8240005EB8401C97810FB01F00012B0
:10ABB00005F8240000BF00BF641C18988442FFF60B
:10ABC0005AAE0BB0BDE8F08F2DE9FF4F83B0884639
:10ABD0009146109A0292119A019215990020DDE097
:10ABE000DDF848A00AFB00FADDF808B00BEB2A2AD2
:10ABF000CDF840A0DDF84CA00AFB00FADDF804B067
:10AC00000BEB2A2ACDF844A0DDF840A04FEA2A2217
:10AC1000DDF844A04FEA2A23002A05DB424503DA87
:10AC2000002B01DB4B4508DB4FF0000A01F810A0B8
:10AC300001EB400B8BF801A0AFE0DDF840A00AF07B
:10AC4000FF04DDF844A00AF0FF05802C06DA4FF07F
:10AC5000FF36C4F17F0A4FEA4A0404E00126A4F15A
:10AC6000800A4FEA4A04802D06DA4FF0FF37C5F11B
:10AC70007F0A4FEA4A0504E00127A5F1800A4FEA5E
:10AC80004A05DDF80CC0DDF818A003FB0A2AD444FD
:10AC90009CF800A001F810A04FF0FF0A01EB400B58
:10ACA0008BF801A0DDF858A0BAF1000F49D002EBF3
:10ACB000060ABAF1000F44DB02EB060BA8F1010A09
:10ACC000D3453EDC03EB070ABAF1000F39DB03EB97
:10ACD000070BA9F1010AD34533DC1CF806A0DDF807
:10ACE00018B007FB0BFB1CF80BB0CDF800B011F847
:10ACF00010B0D34509D011F810B0C5F5807E0BFB1C
:10AD00000EFB0AFB05BBCBF3072A11F810E0DDF8B8
:10AD100000B0DE450DD011F810B0C4F5807E0BFBFD
:10AD20000EFBDDF800E00EFB04BBCBF3072BCDF8E8
:10AD300000B0DDF800B0D3444FEA6B0B01F810B05F
:10AD40002AE00AB9002E05DBA8F1010A92450ED1CE
:10AD5000002E0CDD9CF800A0C4F1FF0B0AFB0BFADF
:10AD60004FEA1A2A01EB400B8BF801A014E00BB953
:10AD7000002F05DBA9F1010A9A450DD1002F0BDD4B
:10AD80009CF800A0C5F1FF0B0AFB0BFA4FEA1A2A48
:10AD900001EB400B8BF801A000BF401C149A9042BD
:10ADA000FFF61EAF07B0BDE8F08F00002DE9FF4FA2
:10ADB00085B004468B4698460027702239462046C7
:10ADC000EAF7CEFE029002988146A24654466E22D1
:10ADD00039462046EAF7C4FE019001980290029895
:10ADE000002801DD029800E00120054600BFA246D0
:10ADF000002754466F2239462046EAF7B1FE0190FB
:10AE0000019802900298002801DD029800E00120DC
:10AE1000064600BF05B9012506B90126B9F1000FA4
:10AE200008D1B5F5807F05D1B6F5807F02D109B094
:10AE3000BDE8F08F0027712239462046EAF790FEE0
:10AE400002900298039000BF722239462046EAF72A
:10AE500087FE029002980490039800F0C040B0F181
:10AE6000005F1ED1039820F0C0403349884218DCAF
:10AE700004F11400DBF7BFFD039921F0C041B1F1EB
:10AE8000805F06DB039921F0C0416FF07042511AD8
:10AE900002E0039921F0C0414843642190FBF1F0A6
:10AEA0000390049800F0C040B0F1005F1ED10498F8
:10AEB00020F0C0402049884218DC04F11400DBF780
:10AEC00087FD049921F0C041B1F1805F06DB049950
:10AED00021F0C0416FF07042511A02E0049921F054
:10AEE000C0414843642190FBF1F0049060690399EC
:10AEF00008440390A069049908440490B8F1000F35
:10AF00000BD0C9F1000905F58030401E90FBF5F526
:10AF100006F58030401E90FBF6F688F0010003A98C
:10AF20002B464A46CDE90061029058460799EDF755
:10AF300059FD00BF7BE70000FEFFFF1F70B5049CBA
:10AF4000056A65B98569B5F5807F08D1C569B5F52C
:10AF5000807F04D10D021D601502256070BDC56A99
:10AF6000491B056B521B056A75B90D04866995FB73
:10AF7000F6F5466A35441D601504C66995FBF6F57D
:10AF8000866A3544256034E08569B5F5807F16D141
:10AF9000C569B5F5807F12D145694D43066906FB49
:10AFA0001255466A06EBA5051D6005694D434669C5
:10AFB00006FB0255866A06EBA505256019E0456982
:10AFC0004D43066906FB12552D02866995FBF6F581
:10AFD000466A06EBA5051D6005694D43466906FBFB
:10AFE00002552D02C66995FBF6F5866A06EBA505A6
:10AFF000256000BFB2E72DE9FF4F89B01C9D169870
:10B00000089017980790DDE90B21099801FB0200D1
:10B0100006900C9800EBD071491005910024FAE0DD
:10B0200018986043089901EB202016901998604306
:10B03000079901EB2020179016980612179807120F
:10B04000002E07DB0A98864204DA002F02DB0B98F9
:10B05000874202DB00202855DCE0169800F0FF084C
:10B06000179800F0FF09B8F1800F06DA4FF0FF3AA9
:10B07000C8F17F004FEA400805E04FF0010AA8F14F
:10B0800080004FEA4008B9F1800F06DA4FF0FF3B2D
:10B09000C9F17F004FEA400905E04FF0010BA9F12B
:10B0A00080004FEA40090C99099807FB010000EB6A
:10B0B00046000490049801881B9820F814101E98EC
:10B0C000002876D006EB0A00002872DB06EB0A01A6
:10B0D0000A98401E81426CDC07EB0B00002868DBFD
:10B0E00007EB0B010B98401E814262DC049830F89C
:10B0F0001A0003900C980BFB00F00499085A029078
:10B100001D9858B30698059B07FB03631844037802
:10B110002B5510F80A10059B0BFB03F3C25C2B5D4B
:10B12000934208D02B5DC9F5807C03FB0CF302FB36
:10B130000933C3F307222B5D8B4208D02B5DC8F582
:10B14000807C03FB0CF301FB0833C3F30721531886
:10B150005B102B552B5D03B95CE001E0FF20285507
:10B160001B9830F814100298814205D11B9830F8D2
:10B170001410039881421AD009F0FF021B9830F88E
:10B1800014100298DCF790FC019008F0FF021B9865
:10B1900030F814100398DCF787FC00907F22DDE97B
:10B1A0000001DCF781FC1B9921F8140000BF30E09E
:10B1B000FFE71D9931B10699059A07FB0262114418
:10B1C000087800E0FF2016B9BAF1000F06DB0A99F3
:10B1D000491EB14209D1BAF1000F06DDC8F1FF01E5
:10B1E0004143C1F30721295512E017B9BBF1000F04
:10B1F00006DB0B99491EB94209D1BBF1000F06DDF0
:10B20000C9F1FF014143C1F30721295500E0285549
:10B2100000BF00BF641C1A988442FFF601AF0DB056
:10B22000BDE8F08F2DE9FF4F89B01C9D169808905E
:10B2300017980790DDE90B21099801FB02000690A1
:10B240000C9800EBD07149100591002401E1189889
:10B250006043089901EB20201690199860430799E4
:10B2600001EB202017901698061217980712002E4F
:10B2700007DB0A98864204DA002F02DB0B9887422C
:10B2800002DB00202855E3E0169800F0FF0817982D
:10B2900000F0FF09B8F1800F06DA4FF0FF3AC8F16D
:10B2A0007F004FEA400805E04FF0010AA8F1800056
:10B2B0004FEA4008B9F1800F06DA4FF0FF3BC9F1C1
:10B2C0007F004FEA400905E04FF0010BA9F1800033
:10B2D0004FEA40090C99099807FB010000EB460171
:10B2E000049104990888DDF7CEF901461B9820F8EF
:10B2F00014101E9800287AD006EB0A00002876DB8E
:10B3000006EB0A010A98401E814270DC07EB0B0035
:10B3100000286CDB07EB0B010B98401E814266DCBA
:10B32000049931F81A00DDF7AEF903900C990BFB84
:10B3300001F1049A505ADDF7A6F902901D9858B30E
:10B340000698059B07FB0363184403782B5510F8F8
:10B350000A10059B0BFB03F3C25C2B5D934208D0E4
:10B360002B5DC9F5807C03FB0CF302FB0933C3F3AF
:10B3700007222B5D8B4208D02B5DC8F5807C03FB38
:10B380000CF301FB0833C3F3072153185B102B5553
:10B390002B5D03B95CE001E0FF2028551B9830F8D5
:10B3A00014100298814205D11B9830F814100398AC
:10B3B00081421AD009F0FF021B9830F8141002984D
:10B3C000DCF772FB019008F0FF021B9830F81410B4
:10B3D0000398DCF769FB00907F22DDE90001DCF7D0
:10B3E00063FB1B9921F8140000BF30E0FFE71D99B3
:10B3F00031B10699059A07FB02621144087800E012
:10B40000FF2016B9BAF1000F06DB0A99491EB142B6
:10B4100009D1BAF1000F06DDC8F1FF014143C1F3C4
:10B420000721295512E017B9BBF1000F06DB0B9974
:10B43000491EB94209D1BBF1000F06DDC9F1FF0178
:10B440004143C1F30721295500E0285500BF00BF43
:10B45000641C1A988442FFF6FAAE0DB0BDE8F08F76
:10B460002DE9FF4F89B016980890179807901B9DFB
:10B470000024F2E018986043089901EB2020169010
:10B4800019986043079901EB20201790169806122F
:10B4900017980712002E07DB0A98864204DA002F5D
:10B4A00002DB0B98874204DB002005EB8401C870A7
:10B4B000D2E0169800F0FF0A179800F0FF0BBAF1DF
:10B4C000800F04DA4FF0FF38CAF17F0A03E04FF033
:10B4D0000108AAF1800ABBF1800F04DA4FF0FF39AE
:10B4E000CBF17F0B03E04FF00109ABF1800B0C981F
:10B4F00007FB00F11D9806FB00110998084406900F
:10B500000698807805EB840188700698407805EBF2
:10B51000840148700698007805F82400FF2005EBA8
:10B520008401C8701C9800286ED006EB0800002823
:10B530006ADB06EB08010A98401E814264DC07EBD7
:10B540000900002860DB07EB09010B98401E8142CF
:10B550005ADC1D99069808FB010005900598807833
:10B560008DF81200059840788DF811000598007844
:10B570008DF81000FF208DF813000C99069809FB38
:10B5800001000390039880788DF80A0003984078B2
:10B590008DF80900039800788DF80800FF208DF8D9
:10B5A0000B0005EB8400006801900299DCF753FA68
:10B5B00080B90BF0FF008DF80B0005EB84000068EC
:10B5C000014600900298DCF71CFF019005EB840017
:10B5D0000199016005EB8400006801900499DCF793
:10B5E0003AFA80B90AF0FF008DF8130005EB8400E9
:10B5F0000068014600900498DCF703FF019005EB1A
:10B6000084000199016026E0FF2016B9B8F1000F0F
:10B6100006DB0A99491EB1420AD1B8F1000F07DDD5
:10B62000CAF1FF014143090A05EB8402D17011E020
:10B6300017B9B9F1000F06DB0B99491EB94209D1C0
:10B64000B9F1000F06DDCBF1FF014143090A05EB1B
:10B650008402D17000BF00BF641C1A988442FFF6B8
:10B6600009AF0DB0BDE8F08FF0B587B00446276C88
:10B67000207C8DF80C00E0680290002201A9384679
:10B68000DBF7F4FF05465DB12846DCF7AAF806466D
:10B69000F068E062306920606564012007B0F0BDA9
:10B6A0000020FBE7F8B506460D461446012C04D1F0
:10B6B00080213046E8F796F903E080213046ECF728
:10B6C0001DF9012C01D1064900E006490846DCF7C6
:10B6D000E5FD0022014600902846ECF750FDF8BD3C
:10B6E000A8958400FAF6F20070B505462846E4F7FE
:10B6F0002BFC044613480078012808D012484078F3
:10B70000012804D080212046EAF73DFD00B170BD3C
:10B710000E48D0F88400A04201D1022005E00A487A
:10B720000078012800D100E0002006463146084894
:10B730000068084A1268904708B100F09DF800BF01
:10B74000E5E70000E00000206C880020E087002092
:10B75000DC000020D8000020F8B504460D460CB9E6
:10B760000420F8BD33480078012801D10D20F8E706
:10B77000DDF7ACF908B90C20F3E72F4804602F4837
:10B780000560EDF7C9FC0646DDF7A0F90746002184
:10B79000DDF782FC2A48FCF749F92949086A142197
:10B7A000ECF76DFD2649086A1D21ECF7B6FB24492C
:10B7B000086B1421ECF763FD2149086B1D21ECF7A0
:10B7C000ACFB3046E8F7A6FC1D498022C86FFF217C
:10B7D000ECF775FC1B48DCF761FD194900908022ED
:10B7E000C86F0099ECF71FFC15498022D1F884003E
:10B7F000FF21ECF764FC1348DCF750FD1049009082
:10B800008022D1F884000099ECF70DFC0C4900234C
:10B810000A22C86F0C49E8F76AF8094900230A228E
:10B82000D1F884000849E8F762F80120014908705E
:10B83000002096E7E1000020D8000020DC00002076
:10B84000E087002044352600E9B6030838B50446F1
:10B850000D460849886F2146E7F772FB2846DCF75A
:10B860001DFD044900900022886F0099ECF787FCC9
:10B8700038BD0000E087002010B5024902A0FFF7A4
:10B88000E5FF10BD6AC4F4005265717565737420DC
:10B890006661696C6564000010B5024902A0FFF79B
:10B8A000D5FF10BD6AC4F40053616D706C652066ED
:10B8B00061696C6564000000F8B504460D465E4899
:10B8C00000782178884201D0012000E0002007465E
:10B8D0006078012801D0012D01D1012000E0002075
:10B8E0000646554894E80E000EC05448057022786C
:10B8F000012A01D152A200E053A21146544A5069D4
:10B90000E7F71EFB2178012901D1524900E0524995
:10B910000846DCF7C3FC4E490090002248690099B4
:10B92000ECF72DFC2278012A01D14CA200E04DA2B7
:10B930001146474AD2F88000E7F702FB2178012937
:10B9400001D14A4900E04A490846DCF7A7FC4049D2
:10B9500000900022C86F0099ECF765FB6278012A1D
:10B9600001D144A200E046A21146394AD2F888002B
:10B97000E7F7E6FA364AD2F88010D06F3246FFF782
:10B9800091FE012E02D02378012B01D1012300E08A
:10B9900000231A462E4BD3F88810D3F88400FFF703
:10B9A00081FE6078012804D1374938A0FFF74EFFA7
:10B9B00040E0A078012804D1A06810B1FFF75CFF37
:10B9C00038E0A078012805D1E078062802D1FFF7F9
:10B9D00063FF2FE0A078012807D1E078022804D186
:10B9E0001C492DA0FFF732FF24E0A078012807D1E1
:10B9F000E078052804D124492AA0FFF727FF19E0A1
:10BA0000012F0DD0A078012814D1E07840B1E07862
:10BA1000012805D0E078032802D0E078042809D175
:10BA20002178012901D121A100E024A108460A4979
:10BA3000FFF70CFFF8BD00006C880020E00000203C
:10BA400052554E4E494E470053544F5050454400B6
:10BA5000E0870020A5E27600C2AE9B0053544F5011
:10BA60000000000053544152540000001C1CB90057
:10BA70003D80150053414D504C494E470000000099
:10BA80004F4E4345000000006AC4F40053616D70DE
:10BA90006C696E672E2E2E0053616D706C65204FA1
:10BAA0004B00000042757379000000004C69766518
:10BAB0002073616D706C696E6700000053746F7065
:10BAC0007065640010B52DED028B86B0044694EDD0
:10BAD000040A10EE101A0846C4F797FC41EC180B44
:10BAE0008DED008B57A2102102A8C8F7A7FA57497D
:10BAF000086A02A9E7F724FA94ED030A10EE101A77
:10BB00000846C4F782FC41EC180B8DED008B4DA26A
:10BB1000102102A8C8F792FA4C49086B02A9E7F76E
:10BB20000FFA94ED080A10EE101A0846C4F76DFCDF
:10BB300041EC180B8DED008B45A2102102A8C8F72F
:10BB40007DFA4249486C02A9E7F7FAF994ED090A2F
:10BB500010EE101A0846C4F758FC41EC180B8DED96
:10BB6000008B3BA2102102A8C8F768FA3749C86CBD
:10BB700002A9E7F7E5F994ED0A0A10EE101A084653
:10BB8000C4F743FC41EC180B8DED008B30A2102163
:10BB900002A8C8F753FA2D49486D02A9E7F7D0F972
:10BBA00094ED0B0A10EE101A0846C4F72EFC41EC77
:10BBB000180B8DED008B28A2102102A8C8F73EFAC1
:10BBC0002249486E02A9E7F7BBF994ED0C0A10EE82
:10BBD000101A0846C4F719FC41EC180B8DED008BC8
:10BBE0001DA2102102A8C8F729FA1849C86E02A997
:10BBF000E7F7A6F994ED0D0A10EE101A0846C4F7FF
:10BC000004FC41EC180B8DED008B13A2102102A84F
:10BC1000C8F714FA0D49486F02A9E7F791F91048DF
:10BC2000407801280AD00E490978012901D10DA1D7
:10BC300000E010A108461249FFF708FE06B0BDEC6F
:10BC4000028B10BD252E316600000000E087002029
:10BC5000252B2E3266000000252B2E3166000000B9
:10BC60006C8800204C6976652073616D706C696E1C
:10BC70006700000053616D706C65204F4B00000041
:10BC8000A5E27600024610880B88C01A704701B5FD
:10BC90009DF8030038B900208DF802008DF80100EE
:10BCA0008DF8000019E09DF803104FF47F4292FBDD
:10BCB000F1F188B29DF802104143090A8DF8021093
:10BCC0009DF801104143090A8DF801109DF80010FC
:10BCD0004143090A8DF8001000BF009808BD2DE906
:10BCE000F04F85B006468946308D484502D105B0F3
:10BCF000BDE8F08F00BF1EB900BF00BF00BFFEE768
:10BD000000BF308D04904A4630460499ECF7E8FBBA
:10BD10008246BAF1000F02D1A6F82890E7E7304634
:10BD2000EAF720FDA6F828903046ECF77BFD4FF4AB
:10BD30002070E7F71BFB0546002400278DE0F06824
:10BD400000EBC7000390F16801EBC701496821F0DF
:10BD50007F4081B20291F16801EBC701496821F08F
:10BD60007F4000F47F010191029820EA090000B1B0
:10BD700072E003984068C0F3406000B16CE0039942
:10BD80006A4608686821EDF756FC012800D063E098
:10BD9000DDF800804FF0000B56E000201FE000EBC4
:10BDA000800205EB820251680A461FFA82FE734642
:10BDB00000BF02F47F0EF44600EB800205EB820226
:10BDC000127AD8F800E01EF80BE0724506D1019A0D
:10BDD000944503D1029A934200DB02E0401CA0424A
:10BDE000DDD300BFA0422DD1B8F80C1004EB8402C3
:10BDF00025F82210B8F8101004EB840205EB82023B
:10BE0000518004EB840205EB8202D8F80810D1605F
:10BE1000D8F8001011F80B1004EB840205EB820235
:10BE2000117204EB840205EB8202D8F80410116150
:10BE30000399496821F07F4104EB840205EB8202FB
:10BE40005160641C0BF1010BD8F8000010F80B00D6
:10BE500008B1202CA1D300BF7F1C708DC0F305104A
:10BE6000B84202D9202CFFF46AAF0020074614E044
:10BE700007EB870105EB8101486800F47F018846E4
:10BE800007EB870005EB80004B46009041463046AB
:10BE9000049AECF743FA781C0746A742E8D32846F1
:10BEA000E4F76EFCBAF1010F06D1FF224FF47021C6
:10BEB0003046EBF709FC12E0BAF1030F06D1FF227E
:10BEC0004FF470213046EBF7FFFB08E0BAF1020FA8
:10BED00005D13046EAF746FC3046EBF7B3FB00BF2E
:10BEE00005E701460A69D1E901309860D1E901030B
:10BEF00058605068884201D188685060002008610D
:10BF00001068401E1060106870470000034B03600B
:10BF1000034B0B6080231360704700007C090020F6
:10BF2000D8090020034B0360034B0B604FF4807370
:10BF300013607047D80B0020340C002000F108017A
:10BF400041604FF0FF31816000F10801C160016183
:10BF500000210160704700210161704710B5024661
:10BF60000B685C1C0CB9106907E002F1080000E0E6
:10BF70004068446824689C42FAD944684C604C6824
:10BF8000A160886041600A611468641C146010BD7F
:10BF900042684A6093688B60936859609160086159
:10BFA00003685B1C0360704700BF502080F311885A
:10BFB000BFF34F8FBFF36F8F00BF0E480068401C68
:10BFC0000C49086008460068012812D10A48006838
:10BFD000C0B208B9012000E0002050B900BF5020D5
:10BFE00080F31188BFF34F8FBFF36F8F00BF00BF87
:10BFF000FEE770478800002004ED00E00D4800686F
:10C0000050B900BF502080F31188BFF34F8FBFF3AA
:10C010006F8F00BF00BFFEE706480068401E05495D
:10C0200008600846006820B9002080F3118800BF2E
:10C0300000BF70478800002070B506463546002EC8
:10C0400044D0083D2C46224960680968084008B180
:10C05000012000E0002050B900BF502080F311887B
:10C06000BFF34F8FBFF36F8F00BF00BFFEE72068A5
:10C0700008B9012000E0002050B900BF502080F333
:10C080001188BFF34F8FBFF36F8F00BF00BFFEE774
:10C090000F49606809680840C0B12068B0B90C4910
:10C0A000606809688843606000F07AFA094960684E
:10C0B00009680844074908602046F2F7A1FC0648D1
:10C0C0000068401C0449086001F04EFD70BD00008E
:10C0D00084000020740000208000002000204FF029
:10C0E000E02108618861064800684FF47A71B0FB6E
:10C0F000F1F0401E4FF0E0214861072008617047D1
:10C100001000002070B5C4F7AFF80446102C16D309
:10C1100004F1E02090F8F05315480078854201DBE7
:10C12000012000E0002050B900BF502080F31188AA
:10C13000BFF34F8FBFF36F8F00BF00BFFEE70D4807
:10C14000006800F4E0600C490968884201D80120C9
:10C1500000E0002050B900BF502080F31188BFF3E9
:10C160004F8FBFF36F8F00BF00BFFEE770BD0000B1
:10C170008C0000200CED00E0900000200246002022
:10C180000BE0084B53F8303033B9064B43F830100E
:10C1900003EBC0035A6002E0401C0828F1D300BF43
:10C1A000704700006003002070B50446254655B96D
:10C1B00000BF502080F31188BFF34F8FBFF36F8F04
:10C1C00000BF00BFFEE7284600F008F895F84600DB
:10C1D00010B92846FFF730FF70BD0000014600206F
:10C1E0000EE0094A02EBC00252688A4207D10022DF
:10C1F000054B43F8302003EBC0035A6002E0401CBB
:10C200000828EED300BF7047600300202DE9F041FD
:10C2100005460E4617462C46FFF7C6FE94F9440025
:10C22000401C10B9002084F8440094F94500401CDB
:10C2300010B9002084F84500FFF7E0FEA06B28B994
:10C240003A46314604F1240000F0C6F82046F2F7E1
:10C2500028FEBDE8F081000070B504460025D4B189
:10C260001248006808B9012000E0002050B900BF62
:10C27000502080F31188BFF34F8FBFF36F8F00BF43
:10C2800000BFFEE700F08CF900212046F2F71CF910
:10C2900001F06AFC05463DB94FF080500449086042
:10C2A000BFF34F8FBFF36F8F70BD00004C000020B5
:10C2B00004ED00E070B50546FFF776FE15B9274896
:10C2C000006800E028460446201DFFF70AFEA06A29
:10C2D00018B104F11800FFF704FE21480068401C63
:10C2E0001F4908601D480068844209D1211D1D486E
:10C2F000FFF74EFE1C480068401C1B49086009E01F
:10C300001A480068401E194908602046F2F728FACA
:10C31000F2F718FDFFF772FE15480068E8B10F4804
:10C320000068844219D11348006808B9012000E070
:10C33000002050B900BF502080F31188BFF34F8F09
:10C34000BFF36F8F00BF00BFFEE74FF080500A4978
:10C350000860BFF34F8FBFF36F8F70BD14000020D4
:10C36000400000203C080020200000202400002085
:10C37000300000204C00002004ED00E00349096873
:10C380000160034909684160704700003C000020DB
:10C390002800002001200149086070473800002073
:10C3A00070B504460D4654B900BF502080F3118883
:10C3B000BFF34F8FBFF36F8F00BF00BFFEE705488D
:10C3C000016818312046FFF7C9FD01212846F2F720
:10C3D0007BF870BD1400002070B505460E4614466B
:10C3E00055B900BF502080F31188BFF34F8FBFF3C2
:10C3F0006F8F00BF00BFFEE706480168183128466E
:10C40000FFF7C6FD0CB14FF0FF3621463046F2F77C
:10C410005BF870BD140000202DE9F04706460F467A
:10C4200034464FF00109002E55D0206D50B900BFA1
:10C43000502080F31188BFF34F8FBFF36F8F00BF81
:10C4400000BFFEE7E06CB84201D23D4600E0E56C7B
:10C45000E06AA8423FD0206D01283CD11F48006807
:10C46000844201D0012000E0002050B900BF5020DC
:10C4700080F31188BFF34F8FBFF36F8F00BF00BFF2
:10C48000FEE7D4F82C80E562A06900F0004010B906
:10C49000C5F13800A06108EB8801114A02EB810167
:10C4A0006069884201D1012000E0002098B1201D80
:10C4B000FFF717FD0B49E06A0968884202D909496C
:10C4C000E06A0860E16A01EB8101054A02EB810044
:10C4D000211DFFF75DFDBDE8F0870000140000207E
:10C4E000A00300202C00002010B586B0002005908D
:10C4F000049003AA04A905A8FFF708FD0022DDE9BE
:10C5000004101346CDE9002102901EA11F48039A92
:10C5100000F07EFF1E4908600846006808B101244B
:10C5200000E00024012C02D101F0A0FB0446012C04
:10C5300015D100BF502080F31188BFF34F8FBFF398
:10C540006F8F00BF4FF0FF30124908600120124981
:10C55000086000201149086000F0A0F810E0601C9D
:10C5600008B1012000E0002050B900BF502080F346
:10C570001188BFF34F8FBFF36F8F00BF00BFFEE77F
:10C5800006B010BD49444C450000000069E80208AF
:10C590004800002044000020300000202800002037
:10C5A00002480068401C0149086070474C000020A8
:10C5B0001E48006818B101201D49086034E00020C1
:10C5C0001B4908601B4801680CE051B900BF5020AE
:10C5D00080F31188BFF34F8FBFF36F8F00BF00BF91
:10C5E000FEE7491E01EB8100134A52F8200008B90A
:10C5F000012000E000200028E7D101EB81020E4B72
:10C6000003EB820042685268426000F1080243680E
:10C61000934202D14268526842604268D268074B36
:10C620001A600448016000BF704700004C00002001
:10C63000380000202C000020A0030020140000205F
:10C6400010B5044600BF00BF00223F212046DCF7A2
:10C6500035FC206B38B1606B48B12046216B8847B0
:10C660000020606303E000BF606B0028FCD1002065
:10C67000A063002240212046DCF720FC00BF00BF61
:10C6800010BD70B505460E463046DBF794FD00FB45
:10C6900005F4E01DC408204670BD00001CB55248DA
:10C6A00000685249884201D0012000E0002050B9C2
:10C6B00000BF502080F31188BFF34F8FBFF36F8FFF
:10C6C00000BF00BFFEE7484800684849491E88424D
:10C6D00001D0012000E0002050B900BF502080F3BD
:10C6E0001188BFF34F8FBFF36F8F00BF00BFFEE70E
:10C6F0003F49084600780190FF200A46107008461E
:10C70000007800909DF8000000F0F0009DF80020F7
:10C71000904201D1012000E0002050B900BF50201C
:10C7200080F31188BFF34F8FBFF36F8F00BF00BF3F
:10C73000FEE79DF8000000F050002E4A1070072020
:10C740002D4A106009E02C480068401E2A4A1060FB
:10C750009DF800004006000E00909DF8000000F0DB
:10C7600080008028EFD024480068C0F1070004282A
:10C7700001D1012000E0002050B900BF502080F31B
:10C780001188BFF34F8FBFF36F8F00BF00BFFEE76D
:10C79000194800680002184A10601046008800F42A
:10C7A000E0601060124A019810700F482030006855
:10C7B00040F470000C49203108600846006840F0E1
:10C7C00070400860FFF78AFC00200C490860C3F73E
:10C7D00013FD0B48006840F0404009490860C3F76A
:10C7E000F7FC00201CBD000000ED00E071C20F410D
:10C7F00000E400E08C000020900000208800002071
:10C8000034EF00E010B500BF502080F31188BFF373
:10C810004F8FBFF36F8F00BF00F0C4FF18B14FF010
:10C8200080500449086000BF002080F3118800BFD9
:10C8300010BD000004ED00E070B505460E460DB1D8
:10C84000012000E0002050B900BF502080F3118883
:10C85000BFF34F8FBFF36F8F00BF00BFFEE7AE4245
:10C8600001D8012000E0002050B900BF502080F323
:10C870001188BFF34F8FBFF36F8F00BF00BFFEE77C
:10C8800002220021284600F05DF8044604B1A663A8
:10C89000204670BDF8B505460E4617460DB101207D
:10C8A00000E0002050B900BF502080F31188BFF392
:10C8B0004F8FBFF36F8F00BF00BFFEE7AE4201D8BE
:10C8C000012000E0002050B900BF502080F3118803
:10C8D000BFF34F8FBFF36F8F00BF00BFFEE7022093
:10C8E0003B46002211460090284600F058F80446C6
:10C8F00004B1A6632046F8BD2DE9F04104460126A7
:10C90000002722460021012000F01CF80546284699
:10C91000F1F7BEFF2846BDE8F0812DE9F843044653
:10C920000D4601274FF000082B460022114601203A
:10C93000009400F034F806463046F1F7A9FF30467F
:10C94000BDE8F8832DE9F84305460E4617460DB1BC
:10C95000012000E0002050B900BF502080F3118872
:10C96000BFF34F8FBFF36F8F00BF00BFFEE705FB24
:10C9700006F808F15000F2F7D3FA044664B1A14674
:10C9800009F15009002084F846003B464A463146EA
:10C9900028460094F1F78BFF2046BDE8F8832DE987
:10C9A000F84380460E4617461D46DDF82090B8F144
:10C9B000000F01D0012000E0002050B900BF50203E
:10C9C00080F31188BFF34F8FBFF36F8F00BF00BF9D
:10C9D000FEE70DB1012000E0002050B900BF50205B
:10C9E00080F31188BFF34F8FBFF36F8F00BF00BF7D
:10C9F000FEE707B10EB1012000E0002050B900BFF2
:10CA0000502080F31188BFF34F8FBFF36F8F00BFAB
:10CA100000BFFEE707B90EB9012000E0002050B9C1
:10CA200000BF502080F31188BFF34F8FBFF36F8F8B
:10CA300000BF00BFFEE7502000900098502801D1B1
:10CA4000012000E0002050B900BF502080F3118881
:10CA5000BFF34F8FBFF36F8F00BF00BFFEE700BF74
:10CA60002C464CB1012084F846004B463A463146EC
:10CA700040460094F1F71BFF2046BDE8F883000014
:10CA800070B505460E462C4654B900BF502080F3C1
:10CA90001188BFF34F8FBFF36F8F00BF00BFFEE75A
:10CAA000FFF782FAD4E90F12206801FB0200A060B0
:10CAB0000020A06320686060E06B401E226C21684B
:10CAC00000FB0211E160FF2084F8440084F8450077
:10CAD0009EB9206908B9012000E00020A8B904F13E
:10CAE000100000F0F5FF80B14FF080500949086058
:10CAF000BFF34F8FBFF36F8F07E004F11000FFF714
:10CB00001DFA04F12400FFF719FAFFF777FA012064
:10CB100070BD000004ED00E02DE9FF4383B0064640
:10CB200088461D464FF00009344654B900BF5020D6
:10CB300080F31188BFF34F8FBFF36F8F00BF00BF2B
:10CB4000FEE7B8F1000F01D1206C08B9012000E028
:10CB5000002050B900BF502080F31188BFF34F8FE1
:10CB6000BFF36F8F00BF00BFFEE7022D02D1E06B65
:10CB7000012801D1012000E0002050B900BF502061
:10CB800080F31188BFF34F8FBFF36F8F00BF00BFDB
:10CB9000FEE700F0E7FD08B9059808B9012000E0BC
:10CBA000002050B900BF502080F31188BFF34F8F91
:10CBB000BFF36F8F00BF00BFFEE700BFFFF7F4F9C0
:10CBC000A06BE16B884201D3022D28D12A46414651
:10CBD0002046F1F786FD0746606A08B9012000E0AB
:10CBE000002068B904F1240000F072FF88B14FF012
:10CBF000805032490860BFF34F8FBFF36F8F08E05A
:10CC00003FB14FF080502D490860BFF34F8FBFF305
:10CC10006F8FFFF7F3F9012007B0BDE8F0830598A7
:10CC200018B9FFF7EBF90020F6E7B9F1000F04D1CE
:10CC300001A8FFF7A3FB4FF00109FFF7DFF9FFF7AA
:10CC4000AFFCFFF7B1F994F94400401C10B9002083
:10CC500084F8440094F94500401C10B9002084F881
:10CC60004500FFF7CBF905A901A800F059FBF0B981
:10CC70002046F1F732FFA0B104F110000599FFF74B
:10CC80008FFB2046F2F70DF900F06EFF002895D1DA
:10CC90004FF0805009490860BFF34F8FBFF36F8F8B
:10CCA0008CE72046F2F7FDF800F05EFF86E72046AD
:10CCB000F2F7F7F800F058FF0020ADE704ED00E0D0
:10CCC0002DE9F84F07468A4690461E463C4654B921
:10CCD00000BF502080F31188BFF34F8FBFF36F8FD9
:10CCE00000BF00BFFEE7BAF1000F01D1206C08B908
:10CCF000012000E0002050B900BF502080F31188CF
:10CD0000BFF34F8FBFF36F8F00BF00BFFEE7022E50
:10CD100002D1E06B012801D1012000E0002050B9D0
:10CD200000BF502080F31188BFF34F8FBFF36F8F88
:10CD300000BF00BFFEE7FFF7E5F900BF5021EFF3AA
:10CD4000118081F31188BFF34F8FBFF36F8F00BF46
:10CD50000546A06BE16B884201D3022E25D194F9E0
:10CD600045B0A06B0090324651462046F1F7B9FC21
:10CD70000BF1010088B9606A08B9012000E00020C9
:10CD800050B904F1240000F0A3FE28B1B8F1000F5F
:10CD900002D00120C8F8000004E00BF1010040B20D
:10CDA00084F845004FF0010901E04FF0000900BF91
:10CDB00085F3118800BF4846BDE8F88F2DE9F0479C
:10CDC00006460F46344654B900BF502080F3118800
:10CDD000BFF34F8FBFF36F8F00BF00BFFEE7206C24
:10CDE00008B9012000E0002050B900BF502080F3B6
:10CDF0001188BFF34F8FBFF36F8F00BF00BFFEE7F7
:10CE0000206808B9A06808B9012000E0002050B9E6
:10CE100000BF502080F31188BFF34F8FBFF36F8F97
:10CE200000BF00BFFEE7FFF76DF900BF5021EFF331
:10CE3000118081F31188BFF34F8FBFF36F8F00BF55
:10CE40000546D4F83890E06B48451ED994F945A0C2
:10CE500009F10100A0630AF1010070B9606A08B924
:10CE6000012000E0002068B904F1240000F030FE49
:10CE700040B13FB10120386004E00AF1010040B246
:10CE800084F845004FF0010801E04FF0000800BFB2
:10CE900085F3118800BF4046BDE8F08770B50546B0
:10CEA0002C4654B900BF502080F31188BFF34F8F38
:10CEB000BFF36F8F00BF00BFFEE700F04DFCA1681D
:10CEC00088420CD1E068401EE060E06828B9002389
:10CED0001A4619462046FFF71FFE012600E00026ED
:10CEE000304670BD2DE9F74183B005460E464FF040
:10CEF00000082C4654B900BF502080F31188BFF3BE
:10CF00004F8FBFF36F8F00BF00BFFEE70EB9206CDD
:10CF100008B9012000E0002050B900BF502080F384
:10CF20001188BFF34F8FBFF36F8F00BF00BFFEE7C5
:10CF300000F018FC08B9059808B9012000E00020AD
:10CF400050B900BF502080F31188BFF34F8FBFF35B
:10CF50006F8F00BF00BFFEE700BFFFF725F8A76B8C
:10CF6000F7B131462046F1F7A7FB781EA063206990
:10CF700008B9012000E0002060B904F1100000F0C1
:10CF8000A7FD38B14FF080502F490860BFF34F8F95
:10CF9000BFF36F8FFFF732F8012006B0BDE8F081D4
:10CFA000059818B9FFF72AF80020F6E7B8F1000F46
:10CFB00004D101A8FFF7E2F94FF00108FFF71EF8CE
:10CFC000FFF7EEFAFEF7F0FF94F94400401C10B9A9
:10CFD000002084F8440094F94500401C10B900205A
:10CFE00084F84500FFF70AF805A901A800F098F9B0
:10CFF000F0B92046F1F764FDA0B104F124000599D1
:10D00000FFF7CEF92046F1F74CFF00F0ADFD002808
:10D01000A3D14FF080500C490860BFF34F8FBFF38E
:10D020006F8F9AE72046F1F73CFF00F09DFD94E7F3
:10D030002046F1F736FF00F097FD2046F1F740FD5E
:10D0400000288AD00020A8E704ED00E02DE9F05F79
:10D05000064689461746344654B900BF502080F32F
:10D060001188BFF34F8FBFF36F8F00BF00BFFEE784
:10D07000B9F1000F01D1206C08B9012000E00020B7
:10D0800050B900BF502080F31188BFF34F8FBFF31A
:10D090006F8F00BF00BFFEE7FFF734F800BF5021DD
:10D0A000EFF3118081F31188BFF34F8FBFF36F8FC0
:10D0B00000BF0546D4F838A0BAF1000F22D094F989
:10D0C00044B049462046F1F7F7FAAAF10100A063FF
:10D0D0000BF1010070B9206908B9012000E00020BF
:10D0E00068B904F1100000F0F3FC40B13FB1012039
:10D0F000386004E00BF1010040B284F844004FF0C6
:10D10000010801E04FF0000800BF85F3118800BF5F
:10D110004046BDE8F09F00002DE9F34182B005468E
:10D120004FF000082C46002654B900BF502080F371
:10D130001188BFF34F8FBFF36F8F00BF00BFFEE7B3
:10D14000206C08B9012000E0002050B900BF502039
:10D1500080F31188BFF34F8FBFF36F8F00BF00BF05
:10D16000FEE700F0FFFA08B9039808B9012000E0D3
:10D17000002050B900BF502080F31188BFF34F8FBB
:10D18000BFF36F8F00BF00BFFEE700BFFEF70CFFCD
:10D19000A76BFFB1781EA063206810B9F1F766FF96
:10D1A000A060206908B9012000E0002060B904F106
:10D1B000100000F08DFC38B14FF0805043490860FA
:10D1C000BFF34F8FBFF36F8FFEF718FF012004B03E
:10D1D000BDE8F081039898B90EB9012000E0002065
:10D1E00050B900BF502080F31188BFF34F8FBFF3B9
:10D1F0006F8F00BF00BFFEE7FEF700FF0020E6E7ED
:10D20000B8F1000F04D16846FFF7B8F84FF00108F5
:10D21000FEF7F4FEFFF7C4F9FEF7C6FE94F94400EA
:10D22000401C10B9002084F8440094F94500401CCB
:10D2300010B9002084F84500FEF7E0FE03A9684617
:10D2400000F06EF840BB2046F1F73AFCF0B12068E0
:10D2500038B9FEF7A9FEA06800F0E8FB0646FEF725
:10D26000CDFE04F124000399FFF79AF82046F1F768
:10D2700018FE00F079FC002888D14FF08050134947
:10D280000860BFF34F8FBFF36F8F7FE72046F1F742
:10D2900008FE00F069FC79E72046F1F702FE00F095
:10D2A00063FC2046F1F70CFC0028EED05EB1FEF7DF
:10D2B0007BFE2046F1F77CFA07463946A068FFF767
:10D2C000ABF8FEF79BFE002081E7000004ED00E0D4
:10D2D0002DE9F04106460F46344654B900BF5020B0
:10D2E00080F31188BFF34F8FBFF36F8F00BF00BF74
:10D2F000FEE700F031FAA168884204D1E068401CE2
:10D30000E060012508E039462046FFF705FF0546A5
:10D3100015B1E068401CE0602846BDE8F0810000DF
:10D3200070B505460C4655B900BF502080F31188F2
:10D33000BFF34F8FBFF36F8F00BF00BFFEE754B93D
:10D3400000BF502080F31188BFF34F8FBFF36F8F62
:10D3500000BF00BFFEE7FEF727FE124802686868BC
:10D36000131A2068401C08B9002617E00E492868E7
:10D370000968884204D06868904201D801260DE00F
:10D380002068984207D92068C01A20602846FEF716
:10D39000F5FF002602E0002020600126FEF72EFEA9
:10D3A000304670BD280000203C0000202DE9FF4FD2
:10D3B00085B0804689461746DDE912ABB800F1F723
:10D3C000AFFD064656B15C20F1F7AAFD04460CB14C
:10D3D000266304E03046FEF72FFE00E000248CB107
:10D3E000002084F85900CDE900ABCDE902403A466F
:10D3F00049464046089BF1F76FFA2046F1F7A2F83C
:10D40000012501E04FF0FF35284609B0BDE8F08F57
:10D410002DE9F04F85B00746884691469A46DDE9EA
:10D420000EB6109C0EB1012000E0002050B900BFE4
:10D43000502080F31188BFF34F8FBFF36F8F00BF71
:10D4400000BFFEE70CB1012000E0002050B900BF92
:10D45000502080F31188BFF34F8FBFF36F8F00BF51
:10D4600000BFFEE75C20039003985C2801D10120F7
:10D4700000E0002050B900BF502080F31188BFF3B6
:10D480004F8FBFF36F8F00BF00BFFEE700BFB4B187
:10D49000AEB125462C462E63022085F859000020A7
:10D4A00004A953464A46CDE900B1CDE902504146B0
:10D4B0003846F1F711FA2846F1F744F801E0002068
:10D4C0000490049805B0BDE8F08F00002DE9F04706
:10D4D00006460D46174698464FF0010A56B900BF5A
:10D4E000502080F31188BFF34F8FBFF36F8F00BFC1
:10D4F00000BFFEE73446FEF757FDB8F1000F02D03B
:10D50000606DC8F8000094F85890022084F8580024
:10D51000052F17D2DFE807F01503070B0D00606D2C
:10D520002843606521E0606D401C60651DE0656515
:10D530001BE0B9F1020F01D0656501E04FF0000A70
:10D5400013E012E0606D401C08B9012000E00020EB
:10D5500050B900BF502080F31188BFF34F8FBFF345
:10D560006F8F00BF00BFFEE700BF00BFB9F1010F22
:10D5700032D1201DFEF7B5FC1A49E06A09688842DD
:10D5800002D91849E06A0860E16A01EB8101164A94
:10D5900002EB8100211DFEF7FBFCA06A08B9012007
:10D5A00000E0002050B900BF502080F31188BFF385
:10D5B0004F8FBFF36F8F00BF00BFFEE70B49E06ADC
:10D5C0000968C96A884207D94FF080500849086045
:10D5D000BFF34F8FBFF36F8FFEF710FD5046BDE8CE
:10D5E000F08700002C000020A00300201400002081
:10D5F00004ED00E02DE9F84F07460E4690469946A7
:10D60000DDF828B00120009057B900BF502080F30A
:10D610001188BFF34F8FBFF36F8F00BF00BFFEE7CE
:10D62000FEF770FD3C4600BF5021EFF3118081F3FF
:10D630001188BFF34F8FBFF36F8F00BF0546B9F15D
:10D64000000F02D0606DC9F8000094F858A00220C5
:10D6500084F85800B8F1050F17D2DFE808F0150379
:10D66000070B0D00606D3043606521E0606D401C6C
:10D6700060651DE066651BE0BAF1020F01D06665CA
:10D6800001E00020009013E012E0606D401C08B93A
:10D69000012000E0002050B900BF502080F3118825
:10D6A000BFF34F8FBFF36F8F00BF00BFFEE700BF18
:10D6B00000BFBAF1010F3CD1A06A08B9012000E017
:10D6C000002050B900BF502080F31188BFF34F8F66
:10D6D000BFF36F8F00BF00BFFEE719480068A0B915
:10D6E000201DFEF7FEFB1749E06A0968884202D94F
:10D6F0001449E06A0860E16A01EB8101124A02EB19
:10D700008100211DFEF744FC04E004F118010F48DC
:10D71000FEF73EFC0E49E06A0968C96A884208D9EA
:10D72000BBF1000F02D00120CBF800000120094915
:10D73000086000BF85F3118800BF0098BDE8F88F2E
:10D740004C0000202C000020A0030020280800200E
:10D7500014000020380000200149086870470000CC
:10D76000140000200549096809B9012005E00449B1
:10D77000096809B9022000E000207047300000204D
:10D780004C00002001490868704700002800002074
:10D7900070B5FEF7B7FC002501480468204670BD4F
:10D7A000280000202DE9F0414FF0000843480068B0
:10D7B00000287BD142480068451C4148056015BBE4
:10D7C00040480068006808B9012000E0002050B916
:10D7D00000BF502080F31188BFF34F8FBFF36F8FCE
:10D7E00000BF00BFFEE73748076837480068354983
:10D7F00008603548076035480068401C33490860B8
:10D80000F1F7A0FA00BF3248006885423BD300BF61
:10D810002C480068006808B9012000E0002020B111
:10D820004FF0FF302A4908602CE026480068C068A5
:10D83000C4686668B54202D22548066022E0201D11
:10D84000FEF74FFBA06A18B104F11800FEF749FB80
:10D850002049E06A0968884202D91E49E06A0860E6
:10D86000E16A01EB81011C4A02EB8100211DFEF7F8
:10D870008FFB1A49E06A0968C96A8842C8D34FF029
:10D880000108C5E700BF15480068C06A00EB8000CA
:10D89000114951F82000012801D94FF00108104822
:10D8A000006808B14FF0010805E0FFE70D48006887
:10D8B000401C0C4908604046BDE8F0814C00002047
:10D8C00028000020180000201C0000203C00002040
:10D8D000440000202C000020A003002014000020A1
:10D8E00038000020340000202DE9F041074688462A
:10D8F00014461D46FEF758FB2148006890F8580072
:10D90000022818D01E49096801F15400496DB94335
:10D91000016001201A49096881F858005DB10121B0
:10D920002846F0F7D1FD4FF0805016490860BFF34C
:10D930004F8FBFF36F8FFEF761FBFEF735FB1CB116
:10D940000F480068406D20600D48006890F858004E
:10D95000022801D0002608E00949096801F15400B5
:10D96000496D21EA08010160012600200449096887
:10D9700081F85800FEF742FB3046BDE8F081000018
:10D980001400002004ED00E070B505462C4600268A
:10D99000002D43D022480068844201D1012000E0DC
:10D9A000002050B900BF502080F31188BFF34F8F83
:10D9B000BFF36F8F00BF00BFFEE7206D50B900BFFF
:10D9C000502080F31188BFF34F8FBFF36F8F00BFDC
:10D9D00000BFFEE7206D401E2065E16CE06A8842D2
:10D9E0001CD0206DD0B9201DFEF77BFAE06CE06200
:10D9F000E06AC0F13800A0610A49E06A096888421B
:10DA000002D90849E06A0860E16A01EB8101064A2F
:10DA100002EB8100211DFEF7BBFA0126304670BDE6
:10DA2000140000202C000020A003002070B5054643
:10DA30002C460026002D42D02249E06A0968C96AB6
:10DA4000884235D2A06900F0004028B91D4800681E
:10DA5000C06AC0F13800A061E16A01EB81011A4A95
:10DA600002EB81016069884201D1012000E00020C1
:10DA7000C0B1201DFEF735FA12480068C06AE062A6
:10DA80001249E06A0968884202D91049E06A0860D0
:10DA9000E16A01EB81010C4A02EB8100211DFEF7D6
:10DAA00077FA03E007480068C06AE062012606E0F2
:10DAB0000449E06C0968C96A884200D201263046F0
:10DAC00070BD000014000020A00300202C000020E6
:10DAD00070B50646F068C46854B900BF502080F3A2
:10DAE0001188BFF34F8FBFF36F8F00BF00BFFEE7FA
:10DAF00004F11800FEF7F5F915480068A0B9201DDB
:10DB0000FEF7EFF91349E06A0968884202D9114922
:10DB1000E06A0860E16A01EB81010F4A02EB8100D3
:10DB2000211DFEF735FA04E004F118010B48FEF759
:10DB30002FFA0B49E06A0968C96A884204D90125AD
:10DB400001200849086000E00025284670BD00005B
:10DB50004C0000202C000020A003002028080020FA
:10DB6000140000203800002070B50024002636483C
:10DB7000006850B900BF502080F31188BFF34F8F69
:10DB8000BFF36F8F00BF00BFFEE7FEF70DFA2E4810
:10DB90000068401E2C4908600846006800284ED1E5
:10DBA0002A48006800284AD023E02948C068C46891
:10DBB00004F11800FEF795F9201DFEF792F92549AA
:10DBC000E06A0968884202D92249E06A0860E16A8D
:10DBD00001EB8101204A02EB8100211DFEF7D8F9FB
:10DBE0001E49E06A0968C96A884202D301201C49BB
:10DBF00008601748006808B9012000E000200028EC
:10DC0000D3D00CB1F1F79EF81648056865B100BF96
:10DC1000FFF7C8FD10B10120114908606D1E002DED
:10DC2000F6D100200F4908600D48006838B1012680
:10DC300030070D490860BFF34F8FBFF36F8FFEF7BA
:10DC4000DDF9304670BD00004C00002024000020AB
:10DC5000280800202C000020A00300201400002031
:10DC6000380000203400002004ED00E010B586B03C
:10DC70000024F0F7C3FC16480068D0B100200590DE
:10DC8000049003AA04A905A8FEF74CF90222DDE9D5
:10DC900004100023CDE9002102900EA10F48039A41
:10DCA000FFF7B6FB0E4908600846006800B1012482
:10DCB00000BF54B900BF502080F31188BFF34F8FCD
:10DCC000BFF36F8F00BF00BFFEE7204606B010BD58
:10DCD00058000020546D72205376630089EE0208CC
:10DCE0005C0000202DE9FF4704460D4616461F46FE
:10DCF000DDF830804FF0000954B900BF502080F3A8
:10DD00001188BFF34F8FBFF36F8F00BF00BFFEE7D7
:10DD10001448006810B3009501960294062D15DA98
:10DD2000FFF720FD022808D10023424669460D482E
:10DD30000068FEF7F1FE814610E000231A466946AE
:10DD400008480068FEF7E8FE814607E000233A46EF
:10DD5000694604480068FEF7B3FF8146484604B0B0
:10DD6000BDE8F087580000200023050800000000EF
:10DD700000000000000000000000000000020000A1
:10DD8000180000000000000000000000000610164F
:10DD9000000610160000000000000000010203044D
:10DDA00006070809000000000102030400C2010088
:10DDB00008000000E803000000000000000100006F
:10DDC0006170705F73797374656D5F696E697400FB
:10DDD000348000206085002080000000E085002065
:10DDE00000020000C0000020940000209C000020E1
:10DDF00034800020F082002091860008AC000020D2
:10DE0000B40000209080002068830020AC00002037
:10DE1000B0000020B4000020BC000020B8000020AA
:10DE20007C830020B0000020BC000020AC0000205B
:10DE3000A4000020B800002014810020E080002011
:10DE4000BC000020AC000020E4820020D48200202E
:10DE500098820020AC820020C0820020D0000020E8
:10DE6000142305089D6F0008A4830020000800000B
:10DE7000030000000C230508FD7500082484002021
:10DE80000004000003000000242305089F68000828
:10DE90006484002000060000020000003023050812
:10DEA000B37F0008A08400200003000001000000F0
:10DEB0003C230508497D0008B484002000180000B8
:10DEC0000200000048454C50205354415254205306
:10DED000544F50204F4E43452053544154555320E6
:10DEE00048454C500D0A0045525220554E4B4E4F5E
:10DEF000574E5F434F4D4D414E440D0A004552521F
:10DF000020434F4D4D414E445F544F4F5F4C4F4E59
:10DF1000470D0A004F4B2053544152540D0A004FF5
:10DF20004B2053544F500D0A004F4B204F4E43454A
:10DF30000D0A0045525220414C52454144595F520E
:10DF4000554E4E494E470D0A0045525220414C5203
:10DF5000454144595F53544F505045440D0A0045C4
:10DF6000525220425553590D0A0045525220414306
:10DF7000515549534954494F4E5F4641494C4544D8
:10DF80000D0A005354415455532052554E4E494E9C
:10DF9000470D0A005354415455532053544F505089
:10DFA00045440D0A000000000000000000000000D1
:10DFB0000000000000000000000000000000000061
:10DFC0000000000000000000000000000000000051
:10DFD0000000000000000000000000000000000041
:10DFE000000000006170705F636F6D6D756E696336
:10DFF0006174696F6E5F7374617274006170705FD9
:10E00000636F6D6D756E69636174696F6E5F746166
:10E01000736B5F656E74727900000000020000008F
:10E0200000000000000000000000000000000000F0
:10E0300000000000000000000000000000000000E0
:10E0400000000000000000000000000000000000D0
:10E0500000000000000000000100000000000000BF
:10E0600001000000000000000000000000000000AF
:10E0700000000000000000000000000000000000A0
:10E080000000000000000000000000000000000090
:10E09000000000000000000000000000030000007D
:10E0A0000000000000000000000000000000000070
:10E0B0000000000000000000000000000000000060
:10E0C0000000000000000000000000000000000050
:10E0D000000000000000000000000000000200003E
:10E0E00000000000030200006170705F64697370DB
:10E0F0006C61795F64697361626C65006170705F07
:10E10000646973706C61795F726561645F746F7567
:10E110006368006170705F646973706C61795F73CC
:10E12000746172745F746F756368006170705F64AE
:10E130006973706C61795F736572766963655F742A
:10E140006F756368006170705F646973706C61798A
:10E150005F72756E5F6F6E63650000000000000007
:10E1600000000000000000000000000000000000AF
:10E17000000000000000000000000000000000009F
:10E18000000000000000000000000000000000008F
:10E19000000000000000000000000000000000007F
:10E1A000000000000000000000000000000000006F
:10E1B000000000000000000000000000000000005F
:10E1C000000000000000000000000000000000004F
:10E1D000000000000000000000000000000000003F
:10E1E000000000000000000000000000000000002F
:10E1F000000000000000000000000000000000001F
:10E20000000000000000000000000000000000000E
:10E2100000000000000000000000000000000000FE
:10E2200000000000000000000000000000000000EE
:10E2300000000000000000000000000000000000DE
:10E2400000000000000000000000000000000000CE
:10E2500000000000000000000000000000000000BE
:10E2600000000000000000000000000000000000AE
:10E27000000000000000000000000000000000009E
:10E2800000000000000000000000000073657276CE
:10E290006963655F6C6F675F696E69740000000099
:10E2A000010001010C0C0033330005352D2C011544
:10E2B000200FA4A1A170050A0B0A272F4447371489
:10E2C00014292F70070C0808042F33461815152B36
:10E2D0002D00000011000000000000000000000000
:10E2E00078000000B2000000A4E20308050000006E
:10E2F0000000000035000000A9E203080100000052
:10E3000000000000360000000000000001000000D6
:10E31000000000003A000000AAE20308010000002B
:10E3200000000000B7000000ABE20308010000009D
:10E3300000000000BB000000ACE203080100000088
:10E3400000000000C0000000ADE203080100000072
:10E3500000000000C2000000AEE20308010000005F
:10E3600000000000C3000000AFE20308010000004D
:10E3700000000000C4000000B0E20308010000003B
:10E3800000000000C6000000B1E203080100000028
:10E3900000000000D0000000B2E20308020000000C
:10E3A00000000000D6000000B4E2030801000000F5
:10E3B00000000000E0000000B5E203080E000000CD
:10E3C00000000000E1000000C3E203080E000000AE
:10E3D000000000002100000000000000000000001C
:10E3E0000000000029000000000000000000000004
:10E3F0000000000001000000AC330000A985030804
:10E40000538603082F860308938603083385030881
:10E41000678903086B880308C7890308CB8803084A
:10E4200091830308837D03082D7F0308F17E030891
:10E43000057E0308818103080B820308E781030836
:10E440004B82030825810308617F0308D7820308F4
:10E45000080000001000000018000000200000006C
:10E460002800000044230508000000000000000010
:10E47000000000000000000000100000100000007C
:10E4800000000000000000003031323334353637F0
:10E4900038394142434445460000000000005454CE
:10E4A00052205245474745530030313233343536D8
:10E4B000373839414243444546656C6F675F737432
:10E4C00061727400656C6F675F73746F7000656C68
:10E4D0006F675F7365745F6F75747075745F656E79
:10E4E00061626C656400656C6F675F7365745F661D
:10E4F0006D7400656C6F675F7365745F66696C74DB
:10E50000657200656C6F675F7365745F66696C74D4
:10E5100065725F6C766C00656C6F675F7365745FC6
:10E5200066696C7465725F7461675F6C766C0065B8
:10E530006C6F675F6765745F66696C7465725F7442
:10E5400061675F6C766C00656C6F675F6F75747088
:10E550007574006765745F666D745F656E61626C8B
:10E56000656400656C6F675F66696E645F6C766C8E
:10E5700000656C6F675F66696E645F7461670065F4
:10E580006C6F675F73747263707900656C6F675F3F
:10E590006370796C6E00656C6F675F6D656D63703D
:10E5A000790000000100000100000000010000E00F
:10E5B000010000E000000000000000002F40020801
:10E5C000E1410208914402080000000068230508A8
:10E5D0008200000082000000CA020000010000E08A
:10E5E000010000E0010000E0010000E08080808187
:10E5F0008182828384858687898A8C8D8F91939589
:10E6000097999B9EA0A2A5A7AAADAFB2B5000000A6
:10E6100000112233445566778899AABBCCDDEEFF02
:10E620000055AAFFBBC50008E1C50008E3C5000806
:10E6300029C6000800E4A600000000000000000059
:10E640000000000000DB9D00000000000000000052
:10E650000000000000D29300000000000000000055
:10E660000000000000C98A00000000000000000057
:10E670000000000000C0800000000000000000005A
:10E680000000000000B7770000000000000000005C
:10E690000000000000AE6D0000000000000000005F
:10E6A00000000000001A1000000000000000000040
:10E6B0000000000000BE810000000000000000001B
:10E6C0000000000000D295000000000000000000E3
:10E6D000000000001EFF0C929400000000000000EB
:10E6E0000000000018FF058D8F00000000000000F2
:10E6F0000000000012FE00888900000000000000F9
:10E70000000000000CF70083830000000000000000
:10E7100000000000000700040400000000000000EA
:10E7200000000000000000DD23003DC300000000E9
:10E7300000000000000007F50300649B00000000DB
:10E74000000000002CFFFFFFFFFFFFFFFF7800002D
:10E7500000000000041857C01818AD69180B00001D
:10E76000000000000000629D0000C03D00000000AD
:10E7700000000000000080800000DD20000000009C
:10E780000000000098F4FAF9F4F4FFF4F403000038
:10E79000000000001624C55B2439E8242400000092
:10E7A000000000000000D7270033CB00000000006D
:10E7B000000000000000F20D004EB100000000005B
:10E7C00000000000000000047000000000000000D5
:10E7D0000000000000000008E00000000000000051
:10E7E0000000000000000008E00000000000000041
:10E7F0000000000000179FE7FFE5AE3300000000B7
:10E800000000000000CBDC67E964AD75000000008B
:10E810000000000020FF4408E000000000000000AD
:10E820000000000012FA870AE0000000000000006B
:10E8300000000000006CF9E7F0580C000000000038
:10E84000000000000000196EF9F3EF510000000015
:10E850000000000000000008E00BA4F20600000029
:10E8600000000000011B0008E00052FF1000000043
:10E870000000000040F18D59E866E0BA0000000099
:10E8800000000000005DC6F5FFE7971200000000E1
:10E890000000000000000008E00000000000000090
:10E8A00000000000000000047000000000000000F4
:10E8B00000000000008DD9D13E000000A2710000D0
:10E8C0000000000049B40225D700004DC40200003A
:10E8D0000000000071740000DC0611DC250000005F
:10E8E0000000000040BE0730D000A3700000000010
:10E8F000000000000079D4C5314EC241CBCC3F00AE
:10E90000000000000000000012DD2CD92022DB09ED
:10E910000000000000000000A56E32B00000B1351C
:10E920000000000000000050C20134AA0000AB3714
:10E9300000000000000012DD23000AD30C0FD70BEB
:10E94000000000000000A66D0000004DC9CA4D0087
:10E950000000000000004AD4F6CE350000000000A0
:10E9600000000000000BF6721586CD0000000000CC
:10E9700000000000001FFF2C005CD400000000001D
:10E98000000000000000BEBA67EE4B00000000006F
:10E9900000000000000050FFF937000000000000F8
:10E9A000000000000071E961D3B507368500000062
:10E9B0000000000028FE320014D0BAA0A800000019
:10E9C0000000000055FD09000012D0FF40000000CB
:10E9D000000000001CF5B7494480F4E0C20C0000C0
:10E9E000000000000035BBF3F6C54E0FBE2000004E
:10E9F0000000000000000000000000000000000017
:10EA0000000000001EFF0C000000000000000000DD
:10EA10000000000018FF05000000000000000000DA
:10EA20000000000012FE00000000000000000000D6
:10EA3000000000000CF700000000000000000000D3
:10EA400000000000000700000000000000000000BF
:10EA500000000000003DF613000000000000000070
:10EA60000000000000B39A00000000000000000059
:10EA7000000000000EF9450000000000000000004A
:10EA8000000000004BFA060000000000000000003B
:10EA90000000000079D50000000000000000000028
:10EAA0000000000096B70000000000000000000019
:10EAB00000000000A5AA0000000000000000000007
:10EAC00000000000A5AA00000000000000000000F7
:10EAD0000000000096B700000000000000000000E9
:10EAE0000000000079D500000000000000000000D8
:10EAF000000000004BFA06000000000000000000CB
:10EB0000000000000EF945000000000000000000B9
:10EB10000000000000B29A000000000000000000A9
:10EB200000000000003DF61400000000000000009E
:10EB30000000000053EA0B0000000000000000008D
:10EB40000000000002E06D00000000000000000076
:10EB500000000000008EC200000000000000000065
:10EB6000000000000049FD09000000000000000056
:10EB700000000000001CFF34000000000000000046
:10EB8000000000000000FC52000000000000000037
:10EB9000000000000000EF60000000000000000026
:10EBA000000000000000EF60000000000000000016
:10EBB000000000000000FC52000000000000000007
:10EBC00000000000001CFF340000000000000000F6
:10EBD000000000000049FD0A0000000000000000E5
:10EBE00000000000008EC2000000000000000000D5
:10EBF0000000000002DF6D000000000000000000C7
:10EC00000000000053EB0B000000000000000000BB
:10EC1000000000000000A03600000000000000001E
:10EC2000000000008589A762C623000000000000E4
:10EC3000000000000B92FFEF4C00000000000000FD
:10EC4000000000004CDBDFD6B3160000000000001F
:10EC50000000000042269E355B0C00000000000012
:10EC60000000000000005E20000000000000000026
:10EC7000000000000000004A5E00000000000000EC
:10EC80000000000000000084A80000000000000058
:10EC90000000000000000084A80000000000000048
:10ECA0000000000010FFFFFFFFFFFF340000000026
:10ECB000000000000330309BB83030090000000035
:10ECC0000000000000000084A80000000000000018
:10ECD0000000000000000084A80000000000000008
:10ECE00000000000001B0000000000000000000009
:10ECF0000000000039FF6700000000000000000075
:10ED0000000000001BEA6500000000000000000099
:10ED10000000000000E71A000000000000000000F2
:10ED20000000000026C800000000000000000000F5
:10ED300000000000010808080400000000000000B6
:10ED40000000000034FFFFFF900000000000000002
:10ED5000000000000B3838381F00000000000000E1
:10ED600000000000000200000000000000000000A1
:10ED70000000000033F8590000000000000000000F
:10ED8000000000002EEE4F00000000000000000018
:10ED9000000000000000000003EB4900000000003C
:10EDA000000000000000000043EF0500000000002C
:10EDB000000000000000000098A00000000000001B
:10EDC0000000000000000003E94B0000000000000C
:10EDD0000000000000000041F006000000000000FC
:10EDE0000000000000000095A200000000000000EC
:10EDF00000000000000002E74D00000000000000DD
:10EE00000000000000003FF10700000000000000CB
:10EE100000000000000093A40000000000000000BB
:10EE2000000000000001E5500000000000000000AC
:10EE300000000000003CF30800000000000000009B
:10EE4000000000000091A70000000000000000008A
:10EE50000000000001E3520000000000000000007C
:10EE6000000000003AF4090000000000000000006B
:10EE700000000000000048C9F5E07D03000000002C
:10EE800000000000004BFDB26388F99C0000000008
:10EE90000000000000DAB10000005BFF300000005D
:10EEA0000000000029FF4600000002EB7F00000088
:10EEB0000000000049FF2200000000CAA00000007E
:10EEC0000000000049FF2100000000CB9F0000006F
:10EED0000000000029FF4600000003EC7F00000056
:10EEE0000000000000D9B30100005DFF2E0000000B
:10EEF00000000000004AFCB6678BFA9A0000000090
:10EF000000000000000048C9F6E07D03000000009A
:10EF100000000000E4FFFFB400000000000000005B
:10EF200000000000434CC4B40000000000000000DA
:10EF3000000000000000ACB4000000000000000071
:10EF4000000000000000ACB4000000000000000061
:10EF5000000000000000ACB4000000000000000051
:10EF6000000000000000ACB4000000000000000041
:10EF7000000000000000ACB4000000000000000031
:10EF8000000000000000ACB4000000000000000021
:10EF9000000000000000ACB4000000000000000011
:10EFA000000000000000ACB4000000000000000001
:10EFB000000000000574D3F7E7A21900000000006C
:10EFC0000000000087ED835A79ECC70000000000C4
:10EFD00000000000091E00000060FF140000000097
:10EFE00000000000000000000067FA0B00000000B5
:10EFF00000000000000000000ED79B000000000091
:10F00000000000000000000FC5C60B00000000005B
:10F0100000000000000013CDC30E0000000000003F
:10F02000000000000018D4BC0A000000000000002E
:10F03000000000001EDBE5544C4C4C2A0000000090
:10F04000000000007CFFFFFFFFFFFF9000000000BA
:10F05000000000007CFFFFFFFFFFFC00000000003D
:10F0600000000000244C4C4C5EF7970000000000AC
:10F070000000000000000004BDC205000000000008
:10F080000000000000000094E115000000000000F6
:10F0900000000000000032FFDF8E150000000000BD
:10F0A0000000000000000F4663D2DB0A00000000F1
:10F0B00000000000000000000021FF4900000000E7
:10F0C000000000001E040000002BFF4C00000000A8
:10F0D00000000000BBD87F5E76DFDF090000000083
:10F0E000000000001D96DFFAEBA51E0000000000E6
:10F0F00000000000000000000BD1A700000000008D
:10F100000000000000000000AACF0A00000000007C
:10F11000000000000000007BEB1F0000000000006A
:10F120000000000000004CF940001B090000000036
:10F13000000000000028F16C0000FC5800000000F6
:10F140000000000010D9A70C0C0CFC5F0C020000A2
:10F150000000000074FFFFFFFFFFFFFFFF3400000F
:10F16000000000001C3C3C3C3C3FFF7F3C0C00008E
:10F1700000000000000000000004FF580000000034
:10F1800000000000000000000004FF580000000024
:10F19000000000000095FFFFFFFFFF0000000000DF
:10F1A0000000000000AEB84C4C4C4C0000000000C9
:10F1B0000000000000C78400000000000000000004
:10F1C0000000000000E072090000000000000000E4
:10F1D0000000000000F8FFFFF8C44300000000003A
:10F1E00000000000023C3C435DC1F6280000000026
:10F1F00000000000000000000007F37500000000A0
:10F2000000000000130D0000000DF5760000000066
:10F21000000000008FE78A5F6DCEF21F0000000043
:10F22000000000000E83D6F8F0B7320000000000A6
:10F2300000000000000028A6E7F7D75C00000000EF
:10F24000000000000031F2D16D5077440000000052
:10F250000000000000C8C906000000000000000017
:10F260000000000021FF4F0000000000000000002F
:10F270000000000045FF54BFF9F3AC1D0000000082
:10F28000000000004EFFEE814158D8D50300000079
:10F290000000000033FF8600000036FF340000004D
:10F2A0000000000005EA8700000039FF2D00000083
:10F2B000000000000067FB84455ADAC5000000002A
:10F2C0000000000000005DD1F9EB9C13000000007D
:10F2D0000000000094FFFFFFFFFFFFD000000000D0
:10F2E0000000000094D54C4C4C4DEE9800000000FE
:10F2F0000000000094C40000004AFE290000000045
:10F30000000000000B0F000000BCB6000000000071
:10F3100000000000000000002FFF4500000000007A
:10F320000000000000000000A1D400000000000068
:10F330000000000000000019F96300000000000058
:10F340000000000000000086EA0800000000000045
:10F350000000000000000AED810000000000000035
:10F360000000000000006BF8170000000000000023
:10F3700000000000001398E5FAE599140000000071
:10F380000000000000BEE5633F63E4C2000000002F
:10F390000000000001FD6C00000065FE030000009D
:10F3A0000000000000C6C2200020BEC70000000010
:10F3B000000000000025EEFFFDFFEE26000000002B
:10F3C0000000000009D9CC4F2F4FCCD90A00000013
:10F3D0000000000051FF200000001DFF540000004D
:10F3E0000000000052FF2900000026FF540000002A
:10F3F000000000000BE1D75E3F5FD7E20C00000089
:10F4000000000000001DA1E7FBE7A11E00000000B6
:10F41000000000000036BEF5EFAF2700000000003E
:10F420000000000024F4AD474CB6EC1B00000000C7
:10F430000000000083E103000004E29200000000ED
:10F440000000000090D400000000D6D600000000AC
:10F450000000000049FF7B142090FCF10000000038
:10F46000000000000077F5FFFFC396E700000000F2
:10F470000000000000000A2C1C00A6C200000000D2
:10F480000000000000000000002AFA6800000000F0
:10F4900000000000007A625784F2BF030000000001
:10F4A0000000000003A1E8F8D97E0600000000007B
:10F4B000000000002FEE53000000000000000000DC
:10F4C0000000000033F755000000000000000000BD
:10F4D000000000000002000000000000000000002A
:10F4E000000000000000000000000000000000001C
:10F4F000000000000000000000000000000000000C
:10F5000000000000000200000000000000000000F9
:10F510000000000033F85900000000000000000067
:10F52000000000002EEE4F00000000000000000070
:10F53000000000002FEE530000000000000000005B
:10F540000000000033F7550000000000000000003C
:10F5500000000000000200000000000000000000A9
:10F56000000000000000000000000000000000009B
:10F57000000000000000000000000000000000008B
:10F58000000000000000000000000000000000007B
:10F59000000000002BEF5100000000000000000000
:10F5A0000000000029F46F000000000000000000CF
:10F5B0000000000000DE2700000000000000000046
:10F5C000000000001BD5000000000000000000004B
:10F5D000000000000A1C0000000000000000000005
:10F5E000000000000000000000003B1900000000C7
:10F5F000000000000000000962CEF32700000000B8
:10F6000000000000001F89ECD46C0E000000000018
:10F61000000000000EFDC43F0000000000000000DC
:10F620000000000006A5F7B64C0200000000000034
:10F63000000000000000177DE4E0790B00000000EE
:10F6400000000000000000000455C133000000006D
:10F6500000000000000000000000000000000000AA
:10F660000000000010FFFFFFFFFFFF34000000005C
:10F67000000000000330303030303009000000005E
:10F68000000000000000000000000000000000007A
:10F69000000000000000000000000000000000006A
:10F6A0000000000010FFFFFFFFFFFF34000000001C
:10F6B000000000000330303030303009000000001E
:10F6C00000000000084A01000000000000000000E7
:10F6D000000000000BEBDC711000000000000000D7
:10F6E0000000000000075CC5F4982C00000000003A
:10F6F00000000000000000002FADFF2F0000000000
:10F70000000000000000003CA6F7B4170000000055
:10F7100000000000036AD3ED8C220000000000000E
:10F720000000000010CF640900000000000000008D
:10F7300000000000000000000000000000000000C9
:10F7400000000000077AD6F8E8A71D0000000000BE
:10F750000000000096E7744B6AE9CA000000000050
:10F76000000000000B1A0000006AFE050000000007
:10F770000000000000000000009CCE00000000001F
:10F78000000000000000000089EC2F0000000000D5
:10F79000000000000000006EF22C000000000000DD
:10F7A000000000000000008B7A0000000000000054
:10F7B0000000000000000000000000000000000049
:10F7C00000000000000000B4840000000000000001
:10F7D00000000000000000C79800000000000000CA
:10F7E000000000000000000D6CC4E8F6DDA541003B
:10F7F00000000000000030DBA84113041E64D5A007
:10F80000060000000019E6570D9CEFEF9983C7A58D
:10F810009B00000000A38400B9D84D35A0F6C007B6
:10F82000D63100000EF11334FC26000001C9C000DF
:10F830006A90000037CD0067DA000000007EC0004B
:10F8400038B700004CB70067D9000000007DC00049
:10F850002BC1000036CC0033FC26000000C7C000DE
:10F860004CA600000DF01300B8D74A319DE4E938EA
:10F87000C055000000A183000D9DEFEF9918C2F65E
:10F880009A0200000019E657000000000000000086
:10F8900000000000000031DEA742140A2C8207009D
:10F8A000000000000000000F70C7EBF7DB931000B2
:10F8B000000000000000000000CDF5120000000074
:10F8C00000000000000000003FF7DB7A00000000AD
:10F8D0000000000000000000B09861E60600000093
:10F8E0000000000000000024FB2606E55E0000008A
:10F8F0000000000000000094AE000077D00000007F
:10F9000000000000000010F43A00000FF242000076
:10F9100000000000000077FFFFFFFFFFFFB40000C2
:10F92000000000000004E377303030304AFE27004A
:10F9300000000000005AF30B0000000000C898000F
:10F940000000000000CB9D00000000000065F614E0
:10F950000000000088FFFFFFFFEEC0430000000032
:10F960000000000088E63434344AB3F82300000075
:10F970000000000088E00000000014FF55000000B7
:10F980000000000088E00000001587F41D00000062
:10F990000000000088FFFFFFFFFFFF820000000063
:10F9A0000000000088E63030303B79FB6500000045
:10F9B0000000000088E000000000009FCD00000073
:10F9C0000000000088E000000000009FD000000060
:10F9D0000000000088E7383838427DFB7E000000D8
:10F9E0000000000088FFFFFFFFF5D5750200000052
:10F9F0000000000000000673CFF4F0BC49000000D6
:10FA000000000000000FCDF6996063AAFD500000D1
:10FA10000000000000A5ED2B0000000038030000EE
:10FA20000000000018FC680000000000000000005A
:10FA30000000000044FF2300000000000000000060
:10FA40000000000045FF230000000000000000004F
:10FA50000000000018FC6900000000000000000029
:10FA60000000000000A5ED2C000000003E04000096
:10FA7000000000000010CFF69A6467AFFE5000004F
:10FA80000000000000000879D2F5F0BB470000003C
:10FA90000000000088FFFFFFFDE6AF41000000000E
:10FAA0000000000088E94C4C4F6BC0FE7A0000005B
:10FAB0000000000088E000000000007AFE3D000029
:10FAC0000000000088E0000000000000D2A7000055
:10FAD0000000000088E000000000000093D4000057
:10FAE0000000000088E000000000000093D3000048
:10FAF0000000000088E0000000000000D2A7000025
:10FB00000000000088E000000000007BFE3D0000D7
:10FB10000000000088E94C4C4F6ABFFE7A000000EC
:10FB20000000000088FFFFFFFDE7AF41000000007C
:10FB30000000000088FFFFFFFFFFFF6400000000DF
:10FB40000000000088E94C4C4C4C4C1D00000000AB
:10FB50000000000088E0000000000000000000003D
:10FB60000000000088E10808080806000000000006
:10FB70000000000088FFFFFFFFFFC800000000003A
:10FB80000000000088E7383838382B0000000000FB
:10FB90000000000088E000000000000000000000FD
:10FBA0000000000088E000000000000000000000ED
:10FBB0000000000088E94C4C4C4C4C2B000000002D
:10FBC0000000000088FFFFFFFFFFFF94000000001F
:10FBD0000000000088FFFFFFFFFFFF64000000003F
:10FBE0000000000088E94C4C4C4C4C1D000000000B
:10FBF0000000000088E0000000000000000000009D
:10FC00000000000088E0000000000000000000008C
:10FC10000000000088E10C0C0C0C09000000000042
:10FC20000000000088FFFFFFFFFFC8000000000089
:10FC30000000000088E73C3C3C3C2E000000000037
:10FC40000000000088E0000000000000000000004C
:10FC50000000000088E0000000000000000000003C
:10FC60000000000088E0000000000000000000002C
:10FC70000000000000000774CEF3F2C1560000003F
:10FC800000000000000FCEF69A6161A0FA69000042
:10FC90000000000000A5EE2C000000002F0800006E
:10FCA0000000000018FC6A000000000000000000D6
:10FCB0000000000044FF2400000000000B090000C9
:10FCC0000000000045FF230000000000BC9C000075
:10FCD0000000000018FC6C0000000000BC9C00004C
:10FCE0000000000000A5EF3000000000BC9C0000F8
:10FCF00000000000000FCCF89D6568A1F8870000A7
:10FD00000000000000000775D0F4F2C3600100009D
:10FD10000000000088E0000000000080E400000017
:10FD20000000000088E0000000000080E400000007
:10FD30000000000088E0000000000080E4000000F7
:10FD40000000000088E10C0C0C0C0C86E4000000A4
:10FD50000000000088FFFFFFFFFFFFFFE40000003E
:10FD60000000000088E73C3C3C3C3C9EE400000076
:10FD70000000000088E0000000000080E4000000B7
:10FD80000000000088E0000000000080E4000000A7
:10FD90000000000088E0000000000080E400000097
:10FDA0000000000088E0000000000080E400000087
:10FDB0000000000088E000000000000000000000DB
:10FDC0000000000088E000000000000000000000CB
:10FDD0000000000088E000000000000000000000BB
:10FDE0000000000088E000000000000000000000AB
:10FDF0000000000088E0000000000000000000009B
:10FE00000000000088E0000000000000000000008A
:10FE10000000000088E0000000000000000000007A
:10FE20000000000088E0000000000000000000006A
:10FE30000000000088E0000000000000000000005A
:10FE40000000000088E0000000000000000000004A
:10FE5000000000000020FFFFFFFFCC0000000000BA
:10FE60000000000000094C4C4CB6CC000000000023
:10FE700000000000000000000098CC00000000001E
:10FE800000000000000000000098CC00000000000E
:10FE900000000000000000000098CC0000000000FE
:10FEA00000000000000000000098CC0000000000EE
:10FEB00000000000000000000099CA0000000000DF
:10FEC00000000000002B000000B9AF00000000009F
:10FED0000000000004E4B05681FE64000000000051
:10FEE000000000000035C2F6E281020000000000C0
:10FEF0000000000088E0000000004EF85300000001
:10FF00000000000088E000000045F76300000000EA
:10FF10000000000088E000003CF5740000000000D4
:10FF20000000000088E00034F186000000000000BE
:10FF30000000000088E02CECCF0000000000000072
:10FF40000000000088EFE7C2FE660000000000002D
:10FF50000000000088FFB3047EFA3C0000000000AF
:10FF60000000000088EB090000A9E81C0000000068
:10FF70000000000088E000000009CCCC0800000070
:10FF80000000000088E0000000001BE6A300000065
:10FF90000000000088E000000000000000000000F9
:10FFA0000000000088E000000000000000000000E9
:10FFB0000000000088E000000000000000000000D9
:10FFC0000000000088E000000000000000000000C9
:10FFD0000000000088E000000000000000000000B9
:10FFE0000000000088E000000000000000000000A9
:10FFF0000000000088E00000000000000000000099
:020000040804EE
:100000000000000088E00000000000000000000088
:100010000000000088E94C4C4C4C4C0D00000000E6
:100020000000000088FFFFFFFFFFFF2C0000000022
:100030000000000088E0090000000000008EE300DE
:100040000000000088FF7E000000000026FAE400A7
:100050000000000088FBF51D00000000B3F9E4007B
:100060000000000088D0C1A700000046F793E5001B
:100070000000000088D02EFB3C0003D48173E50013
:100080000000000088D00095CD026BE20A73E50005
:100090000000000088D00012EC75EC560072E600FB
:1000A0000000000088D0000067FFC1000072E60079
:1000B0000000000088D0000002AF2F000071E700B0
:1000C0000000000088D00000000000000070E70081
:1000D0000000000088E81B0000000080E400000031
:1000E0000000000088FFC70600000080E400000058
:1000F0000000000088F4F79800000080E400000091
:100100000000000088E060FF61000080E400000063
:100110000000000088E00096F7330080E400000053
:100120000000000088E00006C6E11480E400000042
:100130000000000088E000001AE8BB83E400000033
:100140000000000088E00000003DFBEBE400000040
:100150000000000088E0000000006FFFE4000000E5
:100160000000000088E00000000000A4E40000009F
:100170000000000000000671CEF3EDBD530000004A
:1001800000000000000ECBF6986067B0FF9F0000F3
:100190000000000000A3ED2B0000000059FE6900E4
:1001A0000000000017FB68000000000000A8D80055
:1001B0000000000044FF2300000000000060FF0971
:1001C0000000000045FF2300000000000060FE0862
:1001D0000000000018FC69000000000000A8D70023
:1001E0000000000000A5ED2C000000005AFE690090
:1001F00000000000000FCCF699636AB0FFA0000079
:100200000000000000000775D0F4EEBF57000000AA
:100210000000000088FFFFFFF6D378070000000011
:100220000000000088E94C4C5585F1B70000000043
:100230000000000088E00000000051FF35000000D1
:100240000000000088E00000000010FF59000000DE
:100250000000000088E00000000035FF42000000C0
:100260000000000088E10C0C1545D5DA05000000FF
:100270000000000088FFFFFFFFFFB5200000000026
:100280000000000088E73C3C331000000000000044
:100290000000000088E000000000000000000000F6
:1002A0000000000088E000000000000000000000E6
:1002B0000000000000000571CEF3EDBD530000000A
:1002C00000000000000DC9F6986067B1FF9F0000B4
:1002D0000000000000A1EE2C000000005CFF69009F
:1002E0000000000016FB6B000000000000AAD70011
:1002F0000000000043FF2400000000000061FE0831
:100300000000000046FF220000000000005FFF0B1D
:10031000000000001AFD66000000000000A4DB00E1
:100320000000000000ADEA250000000052FD6E0054
:10033000000000000015D8F28D575EA6FEA803004D
:100340000000000000000E87DCFBFFCF5F01000013
:100350000000000000000000001DE0C92C199A42B6
:10036000000000000000000000001ABAFFFFCB1ED2
:100370000000000000000000000000001922000042
:100380000000000088FFFFFFF6D3780700000000A0
:100390000000000088E94C4C5585F1B700000000D2
:1003A0000000000088E00000000051FF3500000060
:1003B0000000000088E00000000010FF590000006D
:1003C0000000000088E00000000035FF3F00000052
:1003D0000000000088E108081142D4D703000000A3
:1003E0000000000088FFFFFFFFFFC02000000000AA
:1003F0000000000088E7383836D3AB00000000006A
:100400000000000088E000000028F46C00000000FC
:100410000000000088E0000000005CF832000000EE
:1004200000000000001599E4F8DCA12C0000000099
:100430000000000001CDE26C4C67B87800000000BD
:100440000000000024FF4800000000000000000041
:100450000000000011FA850200000000000000000A
:10046000000000000067F7DD94500A000000000063
:100470000000000000001461A4E9EE52000000003A
:10048000000000000000000000079AF206000000D3
:100490000000000002230000000056FF14000000CE
:1004A000000000003EF7A05E4E73E7BD00000000B4
:1004B00000000000004EB7EDFAE1911000000000CE
:1004C00000000000F0FFFFFFFFFFFFFF280000001B
:1004D00000000000474C4CB4DB4C4C4C0B000000BF
:1004E0000000000000000094CC00000000000000AC
:1004F0000000000000000094CC000000000000009C
:100500000000000000000094CC000000000000008B
:100510000000000000000094CC000000000000007B
:100520000000000000000094CC000000000000006B
:100530000000000000000094CC000000000000005B
:100540000000000000000094CC000000000000004B
:100550000000000000000094CC000000000000003B
:10056000000000009CC80000000000B0AC000000CB
:10057000000000009CC80000000000B0AC000000BB
:10058000000000009CC80000000000B0AC000000AB
:10059000000000009CC80000000000B0AC0000009B
:1005A000000000009CC80000000000B0AC0000008B
:1005B000000000009ACB0000000000B4AA00000078
:1005C000000000008AE70000000000D19900000050
:1005D000000000004FFF4800000034FE5E000000F5
:1005E0000000000003C9F58A6283F0D20700000012
:1005F00000000000000F92E3FBE6981200000000EC
:100600000000000000CDB6000000000000A4C400FF
:1006100000000000005FFE260000000018F95600F0
:10062000000000000007E9920000000080E40400E0
:1006300000000000000082F20D000006E87A0000D1
:1006400000000000000019FA6E00005DF7140000C1
:1006500000000000000000A5DA0100CB9E000000B1
:100660000000000000000036FF4A3AFF30000000A2
:100670000000000000000000C8B8A9C2000000008F
:1006800000000000000000005AFEFB5400000000C3
:10069000000000000000000005E5E203000000008B
:1006A0000000000063FB1200000000DFBD0000003E
:1006B000002FFF2513FB6000000037FFFC16000031
:1006C0000083D20000BBB30000008EBFED670000C6
:1006D00000D77E000068F80E0001E3649DBC0000B6
:1006E0002DFF2B000016FD59003CFB1348FC1400A5
:1006F00081D700000000C1AD0093B90004EC650093
:10070000D683000000006DF50DE76300009CBA2B56
:10071000FF30000000001AFE95FB13000047FB921B
:10072000DC000000000000C6FEB800000004ECFD84
:100730008900000000000072FF62000000009BFFC3
:100740003500000040FD5B0000000AD89F0000005B
:10075000000000000088F121000098DC0C0000007F
:10076000000000000005CDC5034DFA360000000072
:1007700000000000000028F593EA7A000000000065
:10078000000000000000006BFFC602000000000037
:100790000000000000000097FDEA180000000000C3
:1007A0000000000000004EFD4AD5B8010000000026
:1007B000000000000019EB8C002FF8710000000011
:1007C0000000000001BBD107000072F82F000000FC
:1007D0000000000074F82D00000001BAD6090000E6
:1007E0000000000000C2BB000000000091CD02002C
:1007F00000000000002EFC540000002EFA3800001B
:1008000000000000000091E20A0000C29F0000000A
:100810000000000000000FE886005DF016000000F8
:10082000000000000000005EF934E76F00000000E7
:100830000000000000000000C3F5D3040000000029
:1008400000000000000000003CFF4E00000000001F
:10085000000000000000000028FF38000000000039
:10086000000000000000000028FF38000000000029
:10087000000000000000000028FF38000000000019
:10088000000000004CFFFFFFFFFFFFFF9C00000087
:1008900000000000164C4C4C4C4CA9FB3E000000E4
:1008A00000000000000000000039F96D00000000A9
:1008B000000000000000000019E6A1000000000098
:1008C0000000000000000006C6CC08000000000088
:1008D000000000000000009AEA1E00000000000076
:1008E00000000000000067FB410000000000000065
:1008F00000000000003AF971000000000000000054
:100900000000000019E6D54C4C4C4C4C3C0000005B
:100910000000000064FFFFFFFFFFFFFFCC000000AE
:100920000000000088FFFF640000000000000000DD
:100930000000000088D93012000000000000000014
:100940000000000088D0000000000000000000004F
:100950000000000088D0000000000000000000003F
:100960000000000088D0000000000000000000002F
:100970000000000088D0000000000000000000001F
:100980000000000088D0000000000000000000000F
:100990000000000088D000000000000000000000FF
:1009A0000000000088D000000000000000000000EF
:1009B0000000000088D000000000000000000000DF
:1009C0000000000088D000000000000000000000CF
:1009D0000000000088D000000000000000000000BF
:1009E0000000000088D93012000000000000000064
:1009F0000000000088FFFF6400000000000000000D
:100A0000000000005ED900000000000000000000AF
:100A1000000000000FF92E000000000000000000A0
:100A20000000000000B5830000000000000000008E
:100A3000000000000060D70000000000000000007F
:100A4000000000000011FA2C00000000000000006F
:100A5000000000000000B78000000000000000005F
:100A600000000000000063D500000000000000004E
:100A700000000000000012FB2A000000000000003F
:100A800000000000000000B97E000000000000002F
:100A90000000000000000065D3000000000000001E
:100AA0000000000000000014FB2700000000000010
:100AB0000000000000000000BC7C000000000000FE
:100AC000000000000000000067D0000000000000EF
:100AD000000000000000000015FC250000000000E0
:100AE00000000000BCFFFF3000000000000000001C
:100AF000000000002350FF30000000000000000054
:100B0000000000000028FF3000000000000000008E
:100B1000000000000028FF3000000000000000007E
:100B2000000000000028FF3000000000000000006E
:100B3000000000000028FF3000000000000000005E
:100B4000000000000028FF3000000000000000004E
:100B5000000000000028FF3000000000000000003E
:100B6000000000000028FF3000000000000000002E
:100B7000000000000028FF3000000000000000001E
:100B8000000000000028FF3000000000000000000E
:100B9000000000000028FF300000000000000000FE
:100BA000000000002350FF300000000000000000A3
:100BB00000000000BCFFFF3000000000000000004B
:100BC000000000000000AED70000000000000000A0
:100BD00000000000001BE7C841000000000000000A
:100BE0000000000000828A5EAA00000000000000F1
:100BF0000000000004E52408E919000000000000DE
:100C00000000000056BB0000927D000000000000C4
:100C100000000000BF5300002BE3030000000000B1
:100C200000000000ECECECECECECEC000000000050
:100C3000000000000EB8C50B00000000000000001E
:100C400000000000000396BD080000000000000046
:100C500000000000004EC6F6EBAA1A0000000000DB
:100C60000000000002B47D4A56D4BE00000000001F
:100C700000000000000000000042FF0D0000000026
:100C8000000000000043C0E4ECEFFF27000000007C
:100C90000000000016F588241C46FF280000000014
:100CA0000000000040FF12000048FF280000000084
:100CB0000000000017F6790E34D9FF28000000006C
:100CC00000000000004BD5F9D974FF280000000097
:100CD00000000000B8A000000000000000000000BC
:100CE00000000000B8A000000000000000000000AC
:100CF00000000000B8A0000000000000000000009C
:100D000000000000B8A282E6F5C13B000000000030
:100D100000000000B8F7D05A4FB7FA3300000000C7
:100D200000000000B8ED11000002CBAF0000000091
:100D300000000000B8AA0000000074E600000000F7
:100D400000000000B8AB0000000075E500000000E6
:100D500000000000B8EE13000003CDAF000000005B
:100D600000000000B8F1D35E53BAFA33000000006F
:100D700000000000B89281E7F5C13B0000000000D0
:100D800000000000000272D9F8D9690000000000DC
:100D9000000000000094F5794880F9490000000047
:100DA0000000000021FE5A000000280000000000A2
:100DB0000000000059FD05000000000000000000D8
:100DC0000000000059FD06000000000000000000C7
:100DD0000000000020FE5B0000002B00000000006F
:100DE000000000000093F57B4B83FA4800000000F0
:100DF00000000000000272DAF8D863000000000072
:100E00000000000000000000000010FF480000008B
:100E10000000000000000000000010FF480000007B
:100E20000000000000000000000010FF480000006B
:100E300000000000000581E1F7C647FF4800000000
:100E40000000000000A4F5774884F2FF480000008D
:100E50000000000026FF5C00000078FF4800000052
:100E6000000000005BFD0600000020FF48000000BD
:100E7000000000005AFC040000001DFF48000000B4
:100E80000000000026FF520000006EFF4800000036
:100E90000000000000A4EE633470EDFF4800000085
:100EA00000000000000582E2F9CB42FF480000008C
:100EB00000000000000480E1F7CB4D0000000000BE
:100EC0000000000000A0DC5C3F83FB4C0000000041
:100ED0000000000024FE2700000088C7000000007A
:100EE000000000005AFEECECECECF2F30000000015
:100EF000000000005AFE291C1C1C1C1A00000000E7
:100F00000000000022FE7100000018000000000038
:100F1000000000000098FB8E4E6EEA4700000000C3
:100F200000000000000276D9F9E18305000000000E
:100F300000000000000397EEE73A00000000000008
:100F400000000000005BF54B4910000000000000AD
:100F5000000000000085CA00000000000000000042
:100F600000000000CCFFFFFFF000000000000000C8
:100F700000000000269ED9302D0000000000000077
:100F8000000000000088D000000000000000000009
:100F9000000000000088D0000000000000000000F9
:100FA000000000000088D0000000000000000000E9
:100FB000000000000088D0000000000000000000D9
:100FC000000000000088D0000000000000000000C9
:100FD000000000000088D0000000000000000000B9
:100FE0000000000000047FE0F8CD48E86000000049
:100FF0000000000000A0F67F4C7EF2FA60000000C6
:101000000000000024FF5D0000005CFF60000000A5
:10101000000000005AFE0900000007FC600000000C
:10102000000000005AFD0600000005FB6000000003
:101030000000000023FF6700000067FF6000000061
:1010400000000000009DFB7F4B7EF6FE5F0000006D
:101050000000000000047FE0F9CF4BFC55000000C9
:10106000000000000006000000003AFF2B00000016
:101070000000000000C4B3694C6EE3BE0000000035
:10108000000000000033A8E7F9DB8D0D0000000030
:1010900000000000B8A000000000000000000000F8
:1010A00000000000B8A000000000000000000000E8
:1010B00000000000B8A000000000000000000000D8
:1010C00000000000B8A58BE8F2B824000000000082
:1010D00000000000B8FBC75D61DDD3030000000025
:1010E00000000000B8E80C00003EFF2E00000000E9
:1010F00000000000B8AE0000000DFF4C0000000032
:1011000000000000B8A000000008FF500000000030
:1011100000000000B8A000000008FF500000000020
:1011200000000000B8A000000008FF500000000010
:1011300000000000B8A000000008FF500000000000
:1011400000000000BFAB0000000000000000000035
:1011500000000000A28D0000000000000000000060
:10116000000000000000000000000000000000007F
:1011700000000000B8A00000000000000000000017
:1011800000000000B8A00000000000000000000007
:1011900000000000B8A000000000000000000000F7
:1011A00000000000B8A000000000000000000000E7
:1011B00000000000B8A000000000000000000000D7
:1011C00000000000B8A000000000000000000000C7
:1011D00000000000B8A000000000000000000000B7
:1011E00000000000B8A000000000000000000000A7
:1011F00000000000000000ACBB0000000000000088
:1012000000000000000000919A00000000000000B3
:1012100000000000000000000000000000000000CE
:1012200000000000000000A8B00000000000000066
:1012300000000000000000A8B00000000000000056
:1012400000000000000000A8B00000000000000046
:1012500000000000000000A8B00000000000000036
:1012600000000000000000A8B00000000000000026
:1012700000000000000000A8B00000000000000016
:1012800000000000000000A8B00000000000000006
:1012900000000000000000A8B000000000000000F6
:1012A00000000000000000AEA800000000000000E8
:1012B0000000000002624DEE760000000000000019
:1012C000000000001DDBF4AB0B000000000000007C
:1012D00000000000B8A000000000000000000000B6
:1012E00000000000B8A000000000000000000000A6
:1012F00000000000B8A00000000000000000000096
:1013000000000000B8A000000FC9C40A00000000DF
:1013100000000000B8A00011CBCF0F0000000000BB
:1013200000000000B8A012CDD91600000000000097
:1013300000000000B8B3CFFF630000000000000011
:1013400000000000B8FFD7B5ED1C00000000000051
:1013500000000000B8DC1810DEC10300000000002F
:1013600000000000B8A0000035FA7F000000000077
:1013700000000000B8A000000070FC3D000000006C
:1013800000000000B8A00000000000000000000005
:1013900000000000B8A000000000000000000000F5
:1013A00000000000B8A000000000000000000000E5
:1013B00000000000B8A000000000000000000000D5
:1013C00000000000B8A000000000000000000000C5
:1013D00000000000B8A000000000000000000000B5
:1013E00000000000B8A000000000000000000000A5
:1013F00000000000B8A00000000000000000000095
:1014000000000000B8A00000000000000000000084
:1014100000000000B8A00000000000000000000074
:1014200000000000B8A00000000000000000000064
:1014300000000000B89996ECF4AD175ED4F7D34CD9
:1014400000000000B8FBB4495EEADEEF6B45A6FA87
:1014500026000000B8E30600006CFF66000006EA04
:1014600076000000B8AC00000040FF28000000C477
:1014700094000000B8A00000003CFF1C000000C069
:1014800098000000B8A00000003CFF1C000000C055
:1014900098000000B8A00000003CFF1C000000C045
:1014A00098000000B8A00000003CFF1C000000C035
:1014B00098000000B89892E9F2B8240000000000FB
:1014C00000000000B8FBBB4D51D5D3030000000065
:1014D00000000000B8E508000039FF2E0000000001
:1014E00000000000B8AD0000000CFF4C0000000040
:1014F00000000000B8A000000008FF50000000003D
:1015000000000000B8A000000008FF50000000002C
:1015100000000000B8A000000008FF50000000001C
:1015200000000000B8A000000008FF50000000000C
:1015300000000000000277DCF7D566000000000024
:10154000000000000099F4774882FA7A0000000059
:101550000000000022FF5A00000076F50E00000097
:10156000000000005AFD050000001FFF3D000000C4
:10157000000000005AFD0600000020FF3C000000B3
:101580000000000022FE5D00000078F50D00000064
:10159000000000000098F67B4B86FB7A00000000FC
:1015A00000000000000277DCF8D6660000000000B2
:1015B00000000000B89489E8F5C13B00000000007D
:1015C00000000000B8F7CA4C3FA9FA330000000041
:1015D00000000000B8EC10000001C6AF00000000E1
:1015E00000000000B8A90000000072E60000000042
:1015F00000000000B8AC0000000076E5000000002C
:1016000000000000B8EF14000003CFAF000000009E
:1016100000000000B8F5D45E53BBFA3300000000B0
:1016200000000000B8A17FE6F5C13B00000000000B
:1016300000000000B8A00000000000000000000052
:1016400000000000B8A00000000000000000000042
:1016500000000000B8A00000000000000000000032
:1016600000000000000581E1F7C63BFF48000000D4
:101670000000000000A4F4774884EFFF4800000059
:101680000000000026FF5A00000077FF480000001D
:10169000000000005BFD050000001FFF4800000087
:1016A000000000005AFD0600000020FF4800000076
:1016B0000000000026FF5D00000079FF48000000E8
:1016C0000000000000A4F67B4C88F1FF48000000F9
:1016D00000000000000582E2F8C543FF480000005A
:1016E0000000000000000000000010FF48000000A3
:1016F0000000000000000000000010FF4800000093
:101700000000000000000000000010FF4800000082
:1017100000000000B8948AE84300000000000000C8
:1017200000000000B8F1D8741A00000000000000AA
:1017300000000000B8EF12000000000000000000F0
:1017400000000000B8B2000000000000000000002F
:1017500000000000B8A00000000000000000000031
:1017600000000000B8A00000000000000000000021
:1017700000000000B8A00000000000000000000011
:1017800000000000B8A00000000000000000000001
:1017900000000000005AD2F6E2AC1F00000000007A
:1017A0000000000033FE7D3F56A70D000000000042
:1017B0000000000061F80D000000000000000000C3
:1017C000000000001EE7E39A63180000000000001C
:1017D0000000000000126CA0E0F5390000000000DD
:1017E000000000000100000003D99000000000008C
:1017F0000000000062C167476BF660000000000057
:10180000000000002EAAEAF9DC78000000000000C9
:10181000000000000088D000000000000000000070
:10182000000000000088D000000000000000000060
:1018300000000000CCFFFFFFF000000000000000EF
:1018400000000000269ED9302D000000000000009E
:10185000000000000088D000000000000000000030
:10186000000000000088D000000000000000000020
:10187000000000000088D000000000000000000010
:10188000000000000084D400000000000000000000
:10189000000000000059FC5E581700000000000026
:1018A0000000000000039EF1E1370000000000008E
:1018B00000000000CC8C00000028FF300000000079
:1018C00000000000CC8C00000028FF300000000069
:1018D00000000000CC8C00000028FF300000000059
:1018E00000000000CC8C00000028FF300000000049
:1018F00000000000C89000000035FF30000000002C
:1019000000000000AABC00000075FF3000000000CD
:101910000000000051FF833F71EFFF300000000026
:1019200000000000006ADAF8CC52FF30000000002E
:101930000000000000D49200000000ADA3000000F1
:1019400000000000006DEE09000019FB3B000000E4
:1019500000000000000FF55D00007DD300000000D6
:101960000000000000009DC30002E16B00000000C9
:1019700000000000000034FF294DF40E00000000BC
:1019800000000000000000CC8EB59B0000000000AD
:101990000000000000000065F0FD330000000000C2
:1019A000000000000000000BF1CB00000000000070
:1019B00000000000C0860000006DFB14000000DF86
:1019C0005300000068DD000000C7FF68000039F226
:1019D0000800000014FB340021FC9CC0000091A210
:1019E0000000000000B78A007ABC27FD1A02E64911
:1019F00000000000005EE000D36000CD7041EC0408
:101A000000000000000EF765F60E0072C8999800FD
:101A1000000000000000ADF3A900001AFCF2400035
:101A200000000000000054FF4D000000BDE5020072
:101A3000000000004DF933000072EB1900000000B7
:101A4000000000000097D80A2DF74D0000000000AC
:101A5000000000000009D79ED295000000000000A1
:101A600000000000000031FBD7090000000000006A
:101A70000000000000004DFEE9170000000000001B
:101A8000000000000018EA77BDB801000000000067
:101A90000000000001B8BE021DEF7200000000004F
:101AA0000000000071EE1C000059F9310000000038
:101AB0000000000000D39300000000ACA200000072
:101AC00000000000006AF00A000017FA3900000068
:101AD00000000000000DF363000079D0000000005A
:101AE00000000000000097CB0001DD67000000004F
:101AF0000000000000002EFF3346F10C0000000043
:101B000000000000000000C49BAD94000000000035
:101B1000000000000000005BF5FA2C00000000004F
:101B20000000000000000007EAC200000000000002
:101B3000000000000000000CEF5800000000000052
:101B400000000000079248A4DB0400000000000031
:101B50000000000018BDF5CD2D00000000000000C1
:101B6000000000005CFFFFFFFFFFA7000000000077
:101B700000000000113030307BFD4200000000000A
:101B8000000000000000001DEC7F000000000000CD
:101B900000000000000004C4BE02000000000000BD
:101BA00000000000000088E91800000000000000AC
:101BB000000000000047FC4400000000000000009E
:101BC000000000001AEAA9303030250000000000B3
:101BD000000000006FFFFFFFFFFFC80000000000D3
:101BE0000000000000006AEBA300000000000000FD
:101BF000000000000004F89A20000000000000002F
:101C0000000000000013FF4500000000000000007D
:101C1000000000000014FF4400000000000000006D
:101C2000000000000014FF4400000000000000005D
:101C3000000000000030FF3D000000000000000038
:101C40000000000034FFCD0500000000000000008F
:101C5000000000000960FF300000000000000000EC
:101C6000000000000014FF4300000000000000001E
:101C7000000000000014FF4400000000000000000D
:101C8000000000000014FF440000000000000000FD
:101C9000000000000012FF460000000000000000ED
:101CA000000000000001F0A0200000000000000083
:101CB0000000000000005EE9A3000000000000003A
:101CC0000000000088B800000000000000000000D4
:101CD0000000000088B800000000000000000000C4
:101CE0000000000088B800000000000000000000B4
:101CF0000000000088B800000000000000000000A4
:101D00000000000088B80000000000000000000093
:101D10000000000088B80000000000000000000083
:101D20000000000088B80000000000000000000073
:101D30000000000088B80000000000000000000063
:101D40000000000088B80000000000000000000053
:101D50000000000088B80000000000000000000043
:101D60000000000088B80000000000000000000033
:101D70000000000088B80000000000000000000023
:101D80000000000088B80000000000000000000013
:101D90000000000088B80000000000000000000003
:101DA00000000000BBE65A00000000000000000038
:101DB0000000000026A8EB0000000000000000006A
:101DC000000000000055FF030000000000000000BC
:101DD000000000000054FF040000000000000000AC
:101DE000000000000054FF0400000000000000009C
:101DF00000000000004DFF1F000000000000000078
:101E000000000000000CDDFF1C00000000000000CE
:101E1000000000000042FF5205000000000000002A
:101E2000000000000053FF0400000000000000005C
:101E3000000000000054FF0400000000000000004B
:101E4000000000000054FF0400000000000000003B
:101E5000000000000057FE0200000000000000002B
:101E60000000000026ADE0000000000000000000BF
:101E700000000000BBE44F00000000000000000074
:101E800000000000007FE7C34501B74000000000EC
:101E90000000000016E6275CDBF7C105000000002B
:101EA0000000000004100000000D00000000000011
:101EB00000000000004EC7C3360000000000000014
:101EC0000000000024BB0A17CC0C0000000000003A
:101ED00000000000587200009B330000000000006A
:101EE0000000000025BE0B17CE0D00000000000012
:101EF000000000000051CEC93900000000000000C1
:101F000000000000006EA3110000000000000000AF
:101F10000000000008FEFF67000000000000000055
:101F20000000000000B1E7290000000000000000F0
:101F300000000000000000000000000000000000A1
:101F4000000C0700000000000000000000002772E5
:101F5000BEFAB900000000000000064490DCFFFF5C
:101F6000FFFFD4000000000035AEF3FFFFFFFFFFCE
:101F7000FFFFD40000000000A8FFFFFFFFFFFFFFEE
:101F8000D3F9D40000000000ACFFFFFFF6B4691ED7
:101F900000ECD40000000000ACFF9A4A08000000EA
:101FA00000ECD40000000000ACFF140000000000B2
:101FB00000ECD40000000000ACFF140000000000A2
:101FC00000ECD40000000000ACFF14000000084B3F
:101FD00058F1D40000000000ACFF1400001CE1FF29
:101FE000FFFFD40000187C9BDAFF14000058FFFFAD
:101FF000FFFFC40009E4FFFFFFFF14000009A5FC78
:10200000FFDA390011F9FFFFFFEE050000000007BD
:1020100011000000003FB6D4AF3200000000000005
:102020000000000051001E808080808080808042FF
:1020300000510000F8A2BEFFD9D0D0D0D0D0FBD73D
:10204000A1F70000ED4274FF140000000000CCA9CD
:1020500041EC0000E50243FF140000000000CC8AC0
:1020600001E40000FFE2EDFF160000000000CEF5E5
:10207000E1FF0000E1003DFFEEE8E8E8E8E8FE856A
:1020800000E10000F1628DFF7A6868686868E7B86F
:1020900061F00000F582A5FF140000000000CCC82C
:1020A00081F40000E0003CFF140000000000CC843C
:1020B00000E00000FDC2D6FF645050505050E2E6F0
:1020C000C1FC0000C9225CFFFFFFFFFFFFFFFF997B
:1020D00021C900005674745E005C74747474747466
:1020E00074560000FDFFFFFF1BFFFFFFFFFFFFFF18
:1020F000FFFD0000FFFFFFFF20FFFFFFFFFFFFFFCF
:10210000FFFF0000E7FFFFF00FEEFFFFFFFFFFFF05
:10211000FFE700000918180B000A181818181818FB
:1021200018090000E6FFFFEF0EECFFFFFFFFFFFFC7
:10213000FFE50000FFFFFFFF20FFFFFFFFFFFFFFA6
:10214000FFFF0000FFFFFFFF1EFFFFFFFFFFFFFF7E
:10215000FFFF00006B8C8C7500728C8C8C8C8C8CCF
:102160008C6B00006D8C8C7600738C8C8C8C8C8CC2
:102170008C6C0000FFFFFFFF1EFFFFFFFFFFFFFF54
:10218000FFFF0000FFFFFFFF20FFFFFFFFFFFFFF3C
:10219000FFFF0000D4F4F4DE0CDBF4F4F4F4F4F408
:1021A000F4D4000000000000000000000000001651
:1021B000540000000000000000000000000018D7DC
:1021C000FF8C000000000000000000000018D7FF96
:1021D000FFD90000000000000000000018D7FFFF3A
:1021E000E323000028D46D0000000018D7FFFFE2B1
:1021F00023000000DEFFFF6F000018D7FFFFE22280
:102200000000000083FFFFFF6F18D7FFFFE12200EF
:10221000000000000084FFFFFFE7FFFFE121000056
:1022200000000000000082FFFFFFFFE0210000002F
:102230000000000000000080FFFFE0200000000020
:10224000000000000000000079D020000000000025
:10225000000000000002000000000000020000007A
:102260000000000072F36400000009B4E3290000DC
:1022700000000000E5FFFE640009BAFFFF840000D3
:10228000000000004BF9FFFE6CBAFFFFD013000006
:1022900000000000004BF9FFFFFFFFD0130000001B
:1022A00000000000000054FFFFFFE01300000000EA
:1022B000000000000009BAFFFFFFFE6400000000FC
:1022C0000000000009BAFFFFD9F9FFFE640000001A
:1022D00000000000B0FFFFD0134BF9FFFE510000DB
:1022E00000000000CFFFD01300004BF9FF6F00008B
:1022F000000000001A7612000000003C6601000099
:1023000000000000000000000000161600000000A1
:102310000000000000000004000EFBFB0E000400A3
:102320000000000000006EF52D18FFFF182DF57855
:10233000000000000064FFFF6518FFFF1868FFFF42
:102340006400000013F3FF990118FFFF18019DFFBF
:10235000F21200006FFFE2070018FFFF180009E506
:10236000FF6C0000ADFF8F000018FFFF1800008F0A
:10237000FFA80000C1FF6E000018FFFF1800006FEB
:10238000FFC00000A9FF85000004A9A90400008780
:10239000FFB1000078FFD80300000000000003D95F
:1023A000FF7A000017FAFF8300000000000086FF9C
:1023B000F81F00000076FFFF9E1F000020A1FFFF16
:1023C0007C000000000091FFFFFFE7E7FFFFFF95A3
:1023D0000100000000000050CBFFFFFFFFD85700B6
:1023E000000000000000000000204449260000001A
:1023F00000000000000000000000010100000000DB
:10240000000000000000000000A0F9F9A00000009A
:10241000000000000000000002C9FFFFC902000028
:1024200000000000003ED068D5FFFFFFFFD668D354
:102430003F00000007E3FFFFFFFFFFFFFFFFFFFF7D
:10244000E30700005DFFFFFFFFFAAAAAFAFFFFFF04
:10245000FF5D000012A0FFFFFF46000046FFFFFFE8
:10246000A01200000039FFFFDF00000000DFFFFFC7
:10247000390000000044FFFFF30B00000BF3FFFFE7
:10248000430000004CF7FFFFFFB42929B4FFFFFF12
:10249000F74C000029FEFFFFFFFFFFFFFFFFFFFFDC
:1024A000FE2900000098FFE4FFFFFFFFFFFFE4FFAD
:1024B0009A0000000008530157E9FFFFE957015156
:1024C000090000000000000000C0FFFFC000000085
:1024D000000000000000000000447C7C410000007F
:1024E0000000000000000000000000321F00003863
:1024F0004C12000000000000000390FFF65700D7C8
:10250000FF5700000000000011BAFFDDF0FF83D983
:10251000FF58000000000028DAFFB21D2CD9FFFF91
:10252000FF580000000049F0FF8936E5C326BAFFD6
:10253000FF5C00000074FDF85C58F6FFFFE032928B
:10254000FFEB40009FFFE73984FFFFFFFFFFF450E0
:1025500065FAFB62A3CD28AFFFFFFFFFFFFFFFFE81
:102560007B3FEB6303075FFFFFFFFFFFFFFFFFFF03
:10257000FF1F0A00000060FFFFFFD07476F0FFFF2E
:10258000FF200000000060FFFFFF900000D0FFFF71
:10259000FF200000000060FFFFFF900000D0FFFF61
:1025A000FF20000000004DF3F4F47B0000B8F4F4C9
:1025B000EF15000000000000000F30300F00000099
:1025C000000000000000000000B4FFFFB4000000A5
:1025D000000000000000000000C0FFFFC00000007D
:1025E000000000000000000000C0FFFFC00000006D
:1025F000000000000000000000C0FFFFC00000005D
:10260000000000000000000000C0FFFFC00000004C
:102610000000000000008DF0F0FCFFFFFCF0F08CEB
:1026200000000000000021E1FFFFFFFFFFFFE323A8
:102630000000000000000021E0FFFFFFFFE2230098
:10264000000000000000000020DFFFFFE12200008A
:1026500000000000719090908226DEE02882909029
:1026600090700000FFFFFFFFFFB82122B9FFFFFFBE
:10267000FFFF0000FFFFFFFFFFFFF2F3FFFFFFFE82
:10268000FFFF0000FFFFFFFFFFFFFFFFFFA1BB3DBC
:10269000CDFF0000A4C4C4C4C4C4C4C4C4C4C4C45E
:1026A000C4A4000000000067B2B4B4B4B4B4B4ABC6
:1026B0003D000000000047FFFFFFFFFFFFFFFFFF9F
:1026C000EF190000000DE1FA330C0C0C0C0C0C6738
:1026D000FFB000000097FF8500000000000000012F
:1026E000C2FF580040FEDC080000000000000000AF
:1026F0002AF9EB14D1FF8240402100000000324053
:1027000040B2FF91FFFFFFFFFFD50200001EF9FF5F
:10271000FFFFFFBFFFFFFFFFFFFF9B8080BCFFFFAE
:10272000FFFFFFC0FFFFFFFFFFFFFFFFFFFFFFFFF8
:10273000FFFFFFC0FDFFFFFFFFFFFFFFFFFFFFFFEA
:10274000FFFFFFBD9EFDFFFFFFFFFFFFFFFFFFFF3E
:10275000FFFFF76100000000000001010000000021
:10276000343900000000001889D8FBFACC6A09004F
:10277000EAFF000000004AEDFFFFFAFCFFFFE84817
:10278000DFFF00000044FAFFB738020645C2FFFB36
:10279000F5FF000009E5FF97000000000A038CFF29
:1027A000FFFF000062FFCF020000001CFFFEF6FFEB
:1027B000FFFF000086E0540000000016DDE0E0E0CE
:1027C000E0D8000000000000000000000000000051
:1027D000000000002128282828250000000000040F
:1027E00028140000FEFFFFFFFFFF1E000000008115
:1027F000FF8E0000FFFFFFBAB7C11300000017EA09
:10280000FF410000FFFFFFC2170000000017D1FFCB
:10281000C1000000FFEAE0FFEE8A494481ECFFE2DC
:102820001E000000FFE119ABFFFFFFFFFFFFC11E0D
:1028300000000000F1DE00002B83B0B692430000E0
:1028400000000000000000000021730000000000F4
:10285000000000000000000021E1FF000000000077
:102860000000000000000020E0FFFF00000000006A
:1028700000000000D4F4F4FAFFFFFF0000000000A5
:1028800000000000FFFFFFFFFFFFFF00000000004F
:1028900000000000FFFFFFFFFFFFFF00000000003F
:1028A00000000000FFFFFFFFFFFFFF00000000002F
:1028B00000000000F9FFFFFFFFFFFF000000000025
:1028C00000000000334C4C72FDFFFF0000000000D0
:1028D00000000000000000005DFDFF00000000009F
:1028E0000000000000000000005DCD0000000000BE
:1028F00000000000000000000000000000000000D8
:102900000000000000000000002173000000000033
:10291000000000000000000021E1FF0000000000B6
:102920000000000000000020E0FFFF0000000000A9
:1029300000000000D4F4F4FAFFFFFF002D23000094
:1029400000000000FFFFFFFFFFFFFF008DEA1F00F8
:1029500000000000FFFFFFFFFFFFFF0004E6730021
:1029600000000000FFFFFFFFFFFFFF0033F85900EA
:1029700000000000F9FFFFFFFFFFFF008D9B02003A
:1029800000000000334C4C72FDFFFF00000000000F
:1029900000000000000000005BFDFF0000000000E0
:1029A0000000000000000000005ACC000000000001
:1029B0000000000000000000000000000000000017
:1029C0000000000000000000000000000000007B8C
:1029D0007B01000000000000002173000000005097
:1029E000F8A200000000000021E1FF00000D8411AA
:1029F00040FB690000000020E0FFFF000012DFD86C
:102A00000D7FF10BD4F4F4FAFFFFFF0032281BE92D
:102A10008F0FF561FFFFFFFFFFFFFF008CED2173BC
:102A2000EF01B59CFFFFFFFFFFFFFF0003E5743DD3
:102A3000FF1696BAFFFFFFFFFFFFFF0038F9564F62
:102A4000FF099DACF9FFFFFFFFFFFF00889601AE75
:102A5000C600D287334C4C72FDFFFF00000078FEA9
:102A60004834FF30000000005DFDFF000020FA6CDC
:102A700007C8BE0000000000005DCD0000000A0C89
:102A8000BDF01F0000000000000000000000009FDB
:102A9000E5340000000000000000000000000022FB
:102AA00016000000327D8080808080808080808061
:102AB0007D300000EAFFFFFFFFFFFFFFFFFFFFFF8A
:102AC000FFE90000FFE63226D4FFFFFFFFFFFFFF14
:102AD000FFFF0000FF94000074FFFFFFFFD5FFFF22
:102AE000FFFF0000FFDA160DC4FFFFFFAB0471FF0C
:102AF000FFFF0000FFFFFBF1FDFFFFAB04000071D3
:102B0000FFFF0000FFFFF33C55FBAB04000000009B
:102B1000C4FF0000FFF43C00003B04000000000084
:102B2000C0FF0000FFC00000000000000000000027
:102B3000C0FF0000FDF0C0C0C0C0C0C0C0C0C0C069
:102B4000F0FD0000A1FDFFFFFFFFFFFFFFFFFFFF04
:102B5000FD9E000000000000210D000000000000AC
:102B60000000000000000011F4A6000000000000BA
:102B70000000000000000069FFF8110000000000E4
:102B800000000000000003DAFFFF7F0000000000EB
:102B900000000000000067FFFFFFF11800000000C8
:102BA00000000000001DEEFFFFFFFFAC0000000072
:102BB0000000000000B8FFFFFFFFFFFF6200000001
:102BC0000000000053FFFFFFFFFFFFFFED0F0000BD
:102BD00000000000C3FFFFFFFFFFFFFFFF630000D7
:102BE00000000000F5ECBFFFFFFFFFFFFF940000B7
:102BF00000000000F1DB41FFFFFFFFFFFF9000003E
:102C000000000000B7FE419DFFFFFFFFFF560000E0
:102C1000000000003DFDEC5B24E0FFFFD404000059
:102C2000000000000063FBFFFFFFFFDB220000004D
:102C3000000000000000288EB8AF6E0A00000000FF
:102C40000000000001493C000000000030100000BE
:102C50000000000013FFE3000000006AFD9E00007A
:102C60000000000014FFE40000007DFFFFAC000046
:102C70000000000014FFE4000191FFFFFFAC000022
:102C80000000000014FFE404A3FFFFFFFFAC0000FE
:102C90000000000014FFE9B3FFFFFFFFFFAC0000DE
:102CA0000000000014FFFFFFFFFFFFFFFFAC00006C
:102CB0000000000014FFFDFFFFFFFFFFFFAC00005E
:102CC0000000000014FFE468FDFFFFFFFFAC000000
:102CD0000000000014FFE40055F9FFFFFFAC000006
:102CE0000000000014FFE4000044F3FFFFAC00000C
:102CF0000000000014FFE400000035EBFFAC000012
:102D0000000000000EF1D20000000028D674000080
:102D100000000000000000000000000000000000B3
:102D2000000000000B2C000000000000000000006C
:102D300000000000CEFFBE2C0000000000000000DC
:102D400000000000FFFFFFFB900F000000000000EC
:102D500000000000FFFFFFFFFFE96201000000002C
:102D600000000000FFFFFFFFFFFFFFC9350000006C
:102D700000000000FFFFFFFFFFFFFFFFFE9C1500AC
:102D800000000000FFFFFFFFFFFFFFFFFFFFEF65F9
:102D900000000000FFFFFFFFFFFFFFFFFFFFFFFF3F
:102DA0002A000000FFFFFFFFFFFFFFFFFFFFFFDB29
:102DB0000E000000FFFFFFFFFFFFFFFFFFF8860A86
:102DC00000000000FFFFFFFFFFFFFFFFB424000033
:102DD00000000000FFFFFFFFFFFFDB4B00000000D3
:102DE00000000000FFFFFFFFF47A07000000000072
:102DF00000000000F5FFFFA91C000000000000001B
:102E00000000000060AC4000000000000000000076
:102E10000000000012494C4B22000012494C4B228A
:102E200000000000D6FFFFFFF71D00D6FFFFFFF7F1
:102E30001D000000FFFFFFFFFF3F00FFFFFFFFFF40
:102E40003F000000FFFFFFFFFF4000FFFFFFFFFF0D
:102E500040000000FFFFFFFFFF4000FFFFFFFFFFFC
:102E600040000000FFFFFFFFFF4000FFFFFFFFFFEC
:102E700040000000FFFFFFFFFF4000FFFFFFFFFFDC
:102E800040000000FFFFFFFFFF4000FFFFFFFFFFCC
:102E900040000000FFFFFFFFFF4000FFFFFFFFFFBC
:102EA00040000000FFFFFFFFFF4000FFFFFFFFFFAC
:102EB00040000000FFFFFFFFFF4000FFFFFFFFFF9C
:102EC00040000000FDFFFFFFFF3C00FDFFFFFFFF94
:102ED0003C00000095F1F4F3C40A0095F1F4F3C44A
:102EE0000A00000012494C4C4C4C4C4C4C4C4B22B0
:102EF00000000000D6FFFFFFFFFFFFFFFFFFFFF70F
:102F00001D000000FFFFFFFFFFFFFFFFFFFFFFFFB0
:102F10003F000000FFFFFFFFFFFFFFFFFFFFFFFF7E
:102F200040000000FFFFFFFFFFFFFFFFFFFFFFFF6D
:102F300040000000FFFFFFFFFFFFFFFFFFFFFFFF5D
:102F400040000000FFFFFFFFFFFFFFFFFFFFFFFF4D
:102F500040000000FFFFFFFFFFFFFFFFFFFFFFFF3D
:102F600040000000FFFFFFFFFFFFFFFFFFFFFFFF2D
:102F700040000000FFFFFFFFFFFFFFFFFFFFFFFF1D
:102F800040000000FFFFFFFFFFFFFFFFFFFFFFFF0D
:102F900040000000FDFFFFFFFFFFFFFFFFFFFFFFFF
:102FA0003C00000095F1F4F4F4F4F4F4F4F4F3C408
:102FB0000A000000002B15000000000C4B2F000041
:102FC0000000000003F7E3290000003FFFB7000006
:102FD0000000000008FFFFEC37000040FFB80000D1
:102FE0000000000008FFFFFFF4460040FFB80000AB
:102FF0000000000008FFFFFFFFF95740FFB8000086
:103000000000000008FFFFFFFFFFFDA6FFB8000063
:103010000000000008FFFFFFFFFFFFFFFFB80000F8
:103020000000000008FFFFFFFFFFFFFBFFB80000EC
:103030000000000008FFFFFFFFFFDE63FFB8000095
:103040000000000008FFFFFFFFD31940FFB8000099
:103050000000000008FFFFFFC6110040FFB800009D
:103060000000000008FFFFB80A000040FFB80000A1
:103070000000000001CBA10500000036F3A800000D
:103080000000000000000000000000000000000040
:10309000000000000000000000001D2F00000000E4
:1030A00000000000000000000034F2FE6800000094
:1030B000000000000000000027EBFFFFFD550000AE
:1030C000000000000000001CE1FFFFFFFFF94300CB
:1030D00000000000000012D5FFFFFFFFFFFFF334E8
:1030E00000000000000BC7FFFFFFFFFFFFFFFFEB2B
:1030F0002700000000ABFFFFFFFFFFFFFFFFFFFF08
:10310000E00A000000E7FFFFFFFFFFFFFFFFFFFFF8
:10311000FF280000003C9094949494949494949389
:103120005E000000005E8C8C8C8C8C8C8C8C8C8C6B
:103130007C06000000FAFFFFFFFFFFFFFFFFFFFF1D
:10314000FF3D000000FFFFFFFFFFFFFFFFFFFFFF4E
:10315000FF40000000BCF4F4F4F4F4F4F4F4F4F4EC
:10316000DF1D00000000000000000B000000000058
:103170000000000000000000003AF199000000008B
:1031800000000000000000003AF2FFCD0000000047
:10319000000000000000003BF2FFD4160000000019
:1031A0000000000000003BF3FFD416000000000008
:1031B00000000000003CF3FFD315000000000000F9
:1031C000000000001CF3FFDA150000000000000002
:1031D0000000000009C8FFF84800000000000000DF
:1031E00000000000000FC8FFF849000000000000C8
:1031F0000000000000000EC7FFF8490000000000BA
:10320000000000000000000EC7FFF84A00000000A8
:1032100000000000000000000EC6FFE600000000F5
:103220000000000000000000000EA54C000000009F
:103230000000000000050600000000000000000083
:10324000000000000BCED4160000000000000000BB
:10325000000000001AF1FFD5170000000000000078
:10326000000000000037F1FFD5170000000000004B
:1032700000000000000037F1FFD61700000000003A
:103280000000000000000037F1FFD6180000000029
:10329000000000000000000037F8FFD00000000030
:1032A00000000000000000007FFFFF910000000010
:1032B000000000000000007FFFFF950100000000FB
:1032C0000000000000007FFFFF95000000000000EC
:1032D00000000000007FFFFF9400000000000000DD
:1032E0000000000025FFFF94000000000000000027
:1032F00000000000007B83000000000000000000D0
:103300000000000000000000004B5A080000000010
:10331000000000000000000022FFFF670000000026
:10332000000000000000000030FFFF7000000000FF
:10333000000000000000000030FFFF7000000000EF
:10334000000000000000000030FFFF7000000000DF
:103350000000000061909090A5FFFFC190909080C8
:1033600006000000FBFFFFFFFFFFFFFFFFFFFFFF67
:103370003D000000D4FFFFFFFFFFFFFFFFFFFFF452
:1033800024000000031010103DFFFF7910101007FB
:10339000000000000000000030FFFF70000000008F
:1033A000000000000000000030FFFF70000000007F
:1033B000000000000000000030FFFF70000000006F
:1033C00000000000000000000BC6D638000000001E
:1033D000000000006594949494949494949494843C
:1033E00007000000FBFFFFFFFFFFFFFFFFFFFFFFE6
:1033F0003D000000D1FFFFFFFFFFFFFFFFFFFFF2D7
:1034000023000000020C0C0C0C0C0C0C0C0C0C051A
:103410000000000000000000001B536C68470E0015
:103420000000000000000039BCFEFFE5EDFFF79E44
:103430001D000000000073FDFFAA1F000039D2FF2D
:10344000ED420000008FFFFFAE000096BF4112E08A
:10345000FFFB53004EFFFFFF290000BCFFF7256A6A
:10346000FFFFEF1EE6FFFFF7009ACCFFFFFF6D376F
:10347000FFFFFFA6B4FFFFFD089AFFFFFFFF5246C4
:10348000FFFFFF6E1EECFFFF581CDFFFFFB5029B26
:10349000FFFFBB010037EFFFE9290C4C3F0159FE4C
:1034A000FFC51500000021C1FFF5915860ACFEFE7C
:1034B0009B07000000000000459FDCF6F5D4942F28
:1034C000000000000C0C00000000000000000000E4
:1034D00000000000000000000000000000000000EC
:1034E00000000000C6DB2E0000000000000000000D
:1034F00000000000000000000000000000000000CC
:103500000000000080FEF65F0000164E6B67430B64
:1035100000000000000000000000000000000000AB
:1035200000000000004AEDFFA5C1FFFFEBF0FFF334
:1035300095160000000000000000000000000000E0
:103540000000000000001FCBFFFFAC1F000141DBAB
:10355000FFE637000000000000000000000000004F
:10356000000000000003030696FFF152AEB83219C6
:10357000E8FFF84700000000000000000000000025
:1035800000000000007CBF17005AF4FFF3FFED14A9
:1035900076FFFFEA180000000000000000000000B5
:1035A000000000000FF9FFE53C002AD7FFFFFF51A4
:1035B00044FFFFFF9B00000000000000000000002F
:1035C0000000000002CAFFFFED00000CA7FFFF642F
:1035D00058FFFFFF6900000000000000000000002D
:1035E000000000000025F4FFFF430000006CF9FD1F
:1035F000E0FFFFB301000000000000000000000039
:1036000000000000000046F0FFDD1C00000037E174
:10361000FFFFC80D000000000000000000000000D7
:103620000000000000000028D3FFEE8A5944001378
:10363000B7FFE035000000000000000000000000BF
:1036400000000000000000000357AFE5FBF262003D
:10365000017EFDF96C000000000000000000000089
:10366000000000000000000000000000000000005A
:10367000000044EAFF6E00000000000000000000AF
:10368000000000000000000000000000000000003A
:103690000000001CA11C0000000000000000000051
:1036A0000000000000000000000000000200000018
:1036B000000000000000000000000000000000000A
:1036C000000000000000000000000031EDD10F00FC
:1036D00000000000000000000000000000000000EA
:1036E0000000000000000000000001C9FFFF8F0083
:1036F00000000000000000000000000000000000CA
:103700000000000000000000000061FFFFFFFB2937
:1037100000000000000000000000000000000000A9
:103720000000000000000000000EE8FFFFFFFFBAED
:103730000000000000000000000000000000000089
:103740000000000000000000008CFFF3C4C7FFFF72
:103750004F0000000000000000000000000000001A
:10376000000000000000000027FAFFB20000F2FF96
:10377000DD07000000000000000000000000000065
:103780000000000000000000B7FFFFC10002FEFFC4
:10379000FF7A0000000000000000000000000000B0
:1037A000000000000000004DFFFFFFD00011FFFFF0
:1037B000FFF41B00000000000000000000000000FB
:1037C00000000000000006DBFFFFFFE30125FFFF14
:1037D000FFFFA60000000000000000000000000045
:1037E00000000000000078FFFFFFFFFD99B7FFFF1A
:1037F000FFFFFF3C00000000000000000000000090
:1038000000000000001AF3FFFFFFFFB20003ECFF0F
:10381000FFFFFFCE020000000000000000000000DB
:103820000000000000A2FFFFFFFFFFE12747FCFFB1
:10383000FFFFFFFF65000000000000000000000027
:103840000000000000F0FFFFFFFFFFFFFFFFFFFF92
:10385000FFFFFFFFAF0000000000000000000000BD
:10386000000000000067C1C4C4C4C4C4C4C4C4C44C
:10387000C4C4C4BA3B000000000000000000000007
:10388000000000000000000000000000000030699F
:1038900000000000000000000000000000007FFFAA
:1038A00086000000D1D8D8B40C00000088D8ECFF06
:1038B000FF830000FFFFFFFFBC070079FFFFFFFF52
:1038C000FFD9000051586CFAFF4860FFFF8FACFF32
:1038D000E32400000000005B7E4AFBFF940070E3DD
:1038E000240000000000000037F5FFAB02000107D4
:1038F0000000000000000027ECFFC02352004CA194
:10390000070000000C1023E0FFD11BD0F94888FF0E
:10391000B7070000FCFFFFFFE01907BEFFFFFFFF36
:10392000FFB00000FEFFFFEB2700000CCAFFFFFF07
:10393000FFBC00001A20201000000000082090FFAB
:10394000C30C00000000000000000000000055B2A1
:103950000C00000000000000007BA908000000002F
:10396000000000000000000082FFFFB90800000016
:103970000000000000000081FFFFFFFFB908000009
:1039800000000000000081FFFF9656FBFFB8080012
:10399000000000000081FFFF95010055FBFFB80803
:1039A0000000000076FFFF940000000056FCFFB509
:1039B000000000009BFF9400000000000057FCD8AE
:1039C0000400000005440000000000000000351560
:1039D0000000000040C52C0000000000000EB36F86
:1039E00000000000B7FFEA2C000000000EC7FFF443
:1039F0000500000020E0FFEA2C00000DC6FFF8489B
:103A0000000000000020E0FFEA2C0CC4FFF8480092
:103A100000000000000021E1FFEAC9FFF8490000B2
:103A20000000000000000021E1FFFFF84900000055
:103A3000000000000000000022E1F84A0000000041
:103A40000000000000000000001A3100000000002B
:103A500000000000000006843400000000000000A8
:103A60000000000000000000000000000000000056
:103A7000000000000006B2FFF1390087B4B4B4B40E
:103A8000B4B49F020000000000000000000000002D
:103A90000000000006B4FFFFFFF23B95FFFFFFFFB1
:103AA000FFFFFF1400000000000000000000000005
:103AB000000000008CFFC7FFCFF8F20B0A0C0C0CC3
:103AC0000CAFFF1400000000000000000000000028
:103AD00000000000388C2EFF984A81000000000092
:103AE00000ACFF1400000000000000000000000017
:103AF00000000000000028FF980000000000000007
:103B000000ACFF14000000000000000000000000F6
:103B100000000000000028FF9800000000000034B2
:103B20000EACFF143A090000000000000000000085
:103B300000000000000028FF9800000000001BFEAD
:103B4000CAB9FF84FF8300000000000000000000ED
:103B500000000000000028FFE1B4B4B4B4B03F9608
:103B6000FFFFFFFFE0210000000000000000000058
:103B700000000000000017F8FFFFFFFFFFFFB80183
:103B800095FFFFDF200000000000000000000000A3
:103B900000000000000000060C0C0C0C0C0C0300D4
:103BA000008FD51E00000000000000000000000093
:103BB00000000000327D808080730400000000005F
:103BC00000000000EAFFFFFFFFFFAA040000000062
:103BD00000000000FFFFFFFFFFFFFFD3C0C0C0C019
:103BE000BD620000FFFFFFFFFFFFFFFFFFFFFFFFC2
:103BF000FFF70000FFFFFFFFFFFFFFFFFFFFFFFFDB
:103C0000FFFF0000FFFFFFFFFFFFFFFFFFFFFFFFC2
:103C1000FFFF0000FFFFFFFFFFFFFFFFFFFFFFFFB2
:103C2000FFFF0000FFFFFFFFFFFFFFFFFFFFFFFFA2
:103C3000FFFF0000FFFFFFFFFFFFFFFFFFFFFFFF92
:103C4000FFFF0000FDFFFFFFFFFFFFFFFFFFFFFF84
:103C5000FFFD0000A1FDFFFFFFFFFFFFFFFFFFFFD4
:103C6000FD9E00000000000000000A0B00000000A4
:103C700000000000000000000015D2D41600000073
:103C8000000000000000000015D2FFFFD416000065
:103C90000000000000000015D2FFFFFFFFD4160057
:103CA00000000000000015D2FFFFFFFFFFFFD41649
:103CB00000000000000098FFFFFFFFFFFFFFFF97DD
:103CC000000000000000041010C4FFFFC410100426
:103CD000000000000000000000C0FFFFC000000066
:103CE000000000000000000000C0FFFFC000000056
:103CF000000000000000000000C0FFFFC000000046
:103D0000000000007190909038B8FFFFB839909093
:103D100090700000FFFFFFFFB424484824B4FFFF69
:103D2000FFFF0000FFFFFFFFFFEFDCDCEFFFFFFE08
:103D3000FFFF0000FFFFFFFFFFFFFFFFFFA1BB3DF5
:103D4000CDFF0000A4C4C4C4C4C4C4C4C4C4C4C497
:103D5000C4A4000000000000000000000000002CCF
:103D6000090000000000000000000000000040FF0B
:103D7000FAC97E0000000000000000000000AFFF54
:103D8000FFFFF5000000000000000000001FFCFF26
:103D9000FFFFDD0000000000000000000060FFFFEA
:103DA000FFFFC100000000000000000000028EFFC5
:103DB000FFFF7E000000000000000000000000C5C2
:103DC000FFFF32000000000000000000000041FF83
:103DD000FFC200000000000000000000001BE5FF23
:103DE000FF38000000000041A237000020D4FFFF90
:103DF0008D000000005CD3FFFFE91E5BEAFFFFB50A
:103E00000200000000ECFFFFFFFFF6FFFFFFAD0A1E
:103E10000000000000B7FFFFFFFFFFFFF97F010078
:103E200000000000007BFFFFFFFFF9A4210000005D
:103E3000000000000029B6A48C530D000000000013
:103E40000000000000478A600200000000011A0222
:103E50000000000069FFFFFFA100000020D3FFDA8F
:103E600017000000E2F23DC7FF1B001BDEFFFFA1B1
:103E700001000000EEE104A4FF2B16D8FFFFA6020C
:103E8000000000009AFFEFFFFF6DD2FFFFAB0300C1
:103E9000000000000A8FD4FDFFFFFFFFB005000007
:103EA000000000000000006EFFFFFFD506000000CC
:103EB0000000000000478CE7FFFFFFFF6F000000DD
:103EC0000000000069FFFFFFFFB0F2FFFF6A000083
:103ED00000000000E2F23DC7FF203EF6FFFE650055
:103EE00000000000EEE104A4FF280046F8FFFE6198
:103EF000000000009AFFEFFFCF0200004EF7FFF82E
:103F00001A0000000A8FD2A81C0000000026632AB5
:103F100000000000000000000B0C0C0C0702000069
:103F2000000000000000006CFFFFFFFF98886F009A
:103F30000000000000000084FFFFFFFF988CFF6F6F
:103F40000000000080A06484FFFFFFFF9F50949159
:103F500005000000FFFFA084FFFFFFFFF9C3C0C002
:103F60000F000000FFFFA084FFFFFFFFFFFFFFFF28
:103F700014000000FFFFA084FFFFFFFFFFFFFFFF13
:103F800014000000FFFFA084FFFFFFFFFFFFFFFF03
:103F900014000000FFFFA084FFFFFFFFFFFFFFFFF3
:103FA00014000000FFFFA084FFFFFFFFFFFFFFFFE3
:103FB00014000000FFFFA084FFFFFFFFFFFFFFFFD3
:103FC00014000000FFFFA674FFFFFFFFFFFFFFF9D3
:103FD0000B000000FFFFEE341F20202020202012C5
:103FE00000000000FFFFFFFFFFFFFFFF9800000041
:103FF00000000000A0C0C0C0C0C0C0BF530000008F
:104000000000000041959898989898989651000063
:1040100000000000EFFFFFFFFFFFFFFFFFFF6A0050
:1040200000000000FFD128282828282848FFFE6922
:1040300000000000FFC000000000000014FFFFFEB1
:104040003C000000FFC000000000000014FFFFFF64
:104050006B000000FFCA0C0C0C0C0C0C26FFFFFFC1
:104060006C000000FFFFFFFFFFFFFFFFFFFFFFFFF0
:104070006C000000FFFFFFFFFFDEC4FDFFFFFFFF3E
:104080006C000000FFFFFFFFB8040050FFFFFFFFC0
:104090006C000000FFFFFFFF6C000003FDFFFFFF4F
:1040A0006C000000FFFFFFFFC30B0062FFFFFFFF7C
:1040B0006C000000FCFFFFFFFFEEDBFFFFFFFFFFD8
:1040C0006800000090F1F4F4F4F4F4F4F4F4F4D59E
:1040D0001E000000C6D4D4D4D4D4D4D4D4D4D4D2E2
:1040E00028000000FBFFFFFFFFFFFFFFFFFFFFFFB8
:1040F0003B0000001A2424242424242424242422E1
:1041000001000000000000000000000000000000AE
:1041100000000000070C0C0C0C0C0C0C0C0C0C0A16
:1041200000000000F6FFFFFFFFFFFFFFFFFFFFFFA4
:1041300036000000DEECECECECECECECECECECEA49
:104140002E00000000000000000000000000000041
:10415000000000000000000000000000000000005F
:1041600000000000DEECECECECECECECECECECEA4F
:104170002E000000F6FFFFFFFFFFFFFFFFFFFFFF26
:1041800036000000070C0C0C0C0C0C0C0C0C0C0A70
:1041900000000000327D8080808080808080808070
:1041A0007D300000EAFFFFFFFFFFFFFFFFFFFFFF83
:1041B000FFE90000E1FFFFFFFFFFFFFFFFFFFFFF41
:1041C000FFE100001FC6FFFFFFFFFFFFFFFFFFFF34
:1041D000C71F0000D22D88FEFFFFFFFFFFFFFE8BF1
:1041E0002CD00000FFF56148E9FFFFFFFFEA495FBF
:1041F000F4FF0000FFFFFFA627BCFFFFBA27A5FFC3
:10420000FFFF0000FFFFFFFFDC35565534DBFFFFEB
:10421000FFFF0000FFFFFFFFFFFDB9B8FCFFFFFF3E
:10422000FFFF0000FDFFFFFFFFFFFFFFFFFFFFFF9E
:10423000FFFD0000A1FDFFFFFFFFFFFFFFFFFFFFEE
:10424000FD9E00000000060C0C0C060000000000A3
:10425000000000000017F7FFFFFFF80E000000004D
:10426000000000000042FFFFFFFFDB000000000035
:10427000000000000064FFFFFFFF89000000000055
:10428000000000000086FFFFFFFF37000000000075
:104290000000000000A8FFFFFFFFADACAC6700000E
:1042A0000000000000CAFFFFFFFFFFFFFF8C0000BF
:1042B0000000000000ECFFFFFFFFFFFFEB1000001D
:1042C0000000000000B8D4D4D9FFFFFF6700000051
:1042D000000000000000000041FFFFD002000000CD
:1042E00000000000000000007DFFFF3F0000000014
:1042F0000000000000000000B9FFAB00000000005B
:104300000000000000000003F2F71F0000000000A2
:104310000000000000000032FF82000000000000EA
:10432000000000000000003FCF0A00000000000075
:10433000000000000000000A2B0300000000000045
:1043400000000000415C5EE1F3B95C5C2A00000003
:1043500000000000FBFFFFD314FFFFFFBB000000C5
:1043600000000000FFFFFFFFF3FFFFFFC0000000A1
:1043700000000000FFFFFFF25C343434270000002F
:1043800000000000FFFFFF9077F3F4F4B7597E00C0
:1043900000000000FFFFFF80A0FFFFFFC060FF8262
:1043A00000000000FFFFFF80A0FFFFFFC040ACAC9B
:1043B0001D000000FFFFFF80A0FFFFFFE3352C2C56
:1043C0000B000000FFFFFF80A0FFFFFFFFFFFFFFCC
:1043D00040000000FFFFFF80A0FFFFFFFFFFFFFF87
:1043E00040000000FAFFFF80A0FFFFFFFFFFFFFF7C
:1043F000400000003954542AA0FFFFFFFFFFFFFFD9
:104400004000000000000000A0FFFFFFFFFFFFFFD3
:10441000400000000000000078F3F4F4F4F4F4EB42
:10442000250000000000000000111F000000000037
:10443000000000000000000000ABF00000000000E1
:10444000000000000000001784F0FFA4300000000E
:1044500000000000000025E1FFFFFFFFFA5200000E
:10446000000000000000BEFFFFFFFFFFFFF0110093
:10447000000000000019FFFFFFFFFFFFFFFF5E00CD
:1044800000000000003EFFFFFFFFFFFFFFFF7F0077
:10449000000000000054FFFFFFFFFFFFFFFF93003D
:1044A000000000000087FFFFFFFFFFFFFFFFC400C9
:1044B0000000000006DEFFFFFFFFFFFFFFFFFD26FD
:1044C000000000009BFFFFFFFFFFFFFFFFFFFFD487
:1044D00006000000E0FFFFFFFFFFFFFFFFFFFFFB05
:1044E000200000000B202020202020202020201051
:1044F000000000000000000081FFFFC0000000007D
:1045000000000000000000000D95AA270000000038
:104510000000000059B1B4B4B4B4B4B4B4B4B4B489
:10452000B4B4AB30F5FFFFFFFFFFFFFFFFFFFFFF5E
:10453000FFFFFFB5FFC90CC13A0EE7141CDF0DDF0A
:104540001C14FFC0FFC600BE3002E60810DD01DD0E
:104550001008FFC0FFFFFFE7F0FAE0F5F4E1FDE12E
:10456000EFFFFFC0FFFFFF125AA600827E00AC00E3
:1045700052FFFFC0FFFFFF3C79BA289C9828C3294F
:1045800073FFFFC0FFF3B8F0C9B8B8B8B8B8B9F94D
:10459000C1BEFFC0FFC000B828000000000000D866
:1045A0000800FFC0FDF4C0F3CFC0C0C0C0C0C1FA56
:1045B000C8C6FFBD9EFDFFFFFFFFFFFFFFFFFFFF20
:1045C000FFFFF76100000000000000000000000095
:1045D000012B060000000000000000000000055F45
:1045E000D3FFBF0000000000000000000E74E4FFD5
:1045F000FFFFDE000000000000001A89F0FFFFFF4F
:10460000FFFF7700000000002A9EF9FFFFFFFFFF79
:10461000FFF20F0000003EB3FEFFFFFFFFFFFFFFB2
:10462000FF8C000000A2FFFFFFFFFFFFFFFFFFFF67
:10463000FA1C000000F1FFFFFFFFFFFFFFFFFFFF7D
:10464000A1000000004D9DA0A0A0A0F4FFFFFFFF6F
:104650002D00000000000000000000E0FFFFFFB69A
:104660000000000000000000000000E0FFFFFF412C
:104670000000000000000000000000E0FFFFCB0091
:104680000000000000000000000000E0FFFF5600F6
:104690000000000000000000000000D8FFDD030063
:1046A00000000000000000000000004AB53D0000CE
:1046B000000000003A54545454540A2C00000000E6
:1046C00000000000FAFFFFFFFFFF20F84A00000093
:1046D00000000000FFFFFFFFFFFF20FFF84A00007F
:1046E00000000000FFFFFFFFFFFF20FFFFF83B007F
:1046F00000000000FFFFFFFFFFFF382C2C2C1600EE
:1047000000000000FFFFFFFFFFFFFCF4F4F47A005D
:1047100000000000FFFFFFFFFFFFFFFFFFFF800023
:1047200000000000FFFFFFFFFFFFFFFFFFFF800013
:1047300000000000FFFFFFFFFFFFFFFFFFFF800003
:1047400000000000FFFFFFFFFFFFFFFFFFFF8000F3
:1047500000000000FFFFFFFFFFFFFFFFFFFF8000E3
:1047600000000000FFFFFFFFFFFFFFFFFFFF8000D3
:1047700000000000FFFFFFFFFFFFFFFFFFFF8000C3
:1047800000000000FFFFFFFFFFFFFFFFFFFF8000B3
:10479000000000008CACACACACACACACACAA37004C
:1047A000000000000000000000032A4F5E573F1188
:1047B00000000000000000000000000000000000F9
:1047C000000000000000003DA4F0FFFFFFFFFFFF1E
:1047D000CC740F000000000000000000000000008A
:1047E000000000000024BCFFFFFFFEECD7E1F7FF54
:1047F000FFFFF16D0200000000000000000000005B
:104800000000000051F4FFFFB8571200000001340F
:1048100080EBFFFFB50E000000000000000000006C
:1048200000000000D4FFDB3A0000000000000000A0
:10483000000C8BFEFF540000000000000000000090
:10484000000000001D8C0E000256ACE3F8EFCC8790
:104850001E00004C6C000000000000000000000082
:10486000000000000000002CD2FFFFFFFFFFFFFF51
:10487000FA800300000000000000000000000000BB
:1048800000000000000000CDFFF99E54374073D5B2
:10489000FFFF4D00000000000000000000000000CD
:1048A0000000000000000024AA2700000000000211
:1048B000767E000000000000000000000000000004
:1048C00000000000000000000000002490660000CE
:1048D00000000000000000000000000000000000D8
:1048E0000000000000000000000000D6FFFF5400A0
:1048F00000000000000000000000000000000000B8
:104900000000000000000000000000EBFFFF6A0054
:104910000000000000000000000000000000000097
:10492000000000000000000000000051D1A80A00B3
:104930000000000000000000000000000000000077
:104940000000000000000000000000000000C003A4
:10495000000000000000C003030A0000A000800562
:1049600005050005F000D0090A0A00009001B00812
:10497000090F00FE8002D00B0C0A00002003A009E2
:104980000A0B00FFD003F002030500052004B00469
:10499000040E01FD0005C004040E00FDE005A005A5
:1049A000060600054006200808070002B00630038E
:1049B000030500FE00076005050300033007300310
:1049C000030300006007F004070EFFFF40085009D2
:1049D000090A0000E0083005040A000080091008F8
:1049E000080A0000200A0008080A0000C00A60093E
:1049F0000A0A0000600B1008080A0000000CA0085A
:104A0000090A0000A00C6008080A0000400D000917
:104A1000090A0000E00DA008080A0000800E30031B
:104A200003080000000F3003030B00FDB00F200847
:104A30000808000130102008080600029010200825
:104A40000808000110110008080A0000B011800ECB
:104A50000E0D00FD8012400A0C0AFF002013A00A70
:104A6000090A0100C013200A0A0A00006014900B12
:104A70000A0A010000156009080A0100A015E008F3
:104A8000080A01004016D00A0A0A0000E016600B6E
:104A9000090A010080175004020A0100201830079B
:104AA000070AFF00C018100A0A0A0100601950081E
:104AB000080A0100001A600D0B0A0100A01A600B21
:104AC000090A0100401BC00B0C0A0000E01B200A71
:104AD000090A0100801CC00B0C0D00FD501D300A9E
:104AE000090A0100F01DB008090A0000901E3008F4
:104AF000090A0000301F100B090A0100D01FF0093D
:104B00000B0AFF007020C00F100A0000102170096E
:104B10000A0A0000B02110090B0AFF0050223009D8
:104B2000090A0000F022B004040E01FDD023F004B5
:104B3000070EFFFFB024B004040E00FD90253008DE
:104B400007060102F0250007070100FF00266008A4
:104B5000050201092026600808080000A026900927
:104B6000080B01005027000808080000D027900912
:104B7000090B000080289008080800000029F004B4
:104B8000060B0000B029B009090B00FD602A90094E
:104B9000080B0100102BE003020B0100C02B0004E6
:104BA000050EFEFDA02CA008080B0100502DE0030F
:104BB000020B0100002ED00E0D080100802E90097E
:104BC00008080100002FE00809080000802F900964
:104BD000080B01FD30309009090B00FDE030C005E5
:104BE000050801006031000707080000E031D0052A
:104BF000060A000080328009080801000033D0074F
:104C00000908FF008033900C0D0800000034C00735
:104C1000080800008034D007090BFFFD303550072D
:104C200007080000B035F004050E00FD9036300492
:104C3000020E01FD7037F004050E00FD503820080B
:104C4000080300038038E00506050006D03860043C
:104C5000040300030039000E0F0FFFFEF039000EB1
:104C60000E0B0000A03A000E0E0D00FF703B000E70
:104C70000E0B0000203CA0090A0B0000D03C000EE7
:104C80000E0F00FEC03D000E0E0F00FEB03EC00F26
:104C9000100D00FF803F000E0E0F00FE7040C00F91
:104CA000100B00002041000E0E0F00FE1042000706
:104CB000070C00FFD042800A0B0C00FF9043C00F8E
:104CC000100E00FE7044000E0E0B00002045A009DF
:104CD0000A0F00FE1046400C0A0E01FEF046400C82
:104CE0000D0F00FEE047400C0D0D00FFB048400CDA
:104CF0000D0D00FF8049400C0A0E01FE604A400C79
:104D00000E0DFFFF304BC008090D00FF004CC0081E
:104D1000090D00FFD04C400C0D0D00FFA04D400CC4
:104D20000D040003E04DC00F100B0000904E8011E9
:104D3000120F00FE7050C00F110FFFFE5052000EF8
:104D40000E0D00FF2053400C0D080001A053400C35
:104D50000D08000120548011120B00008055000E38
:104D60000E0B00003056000E0E0F00FE2057000EF6
:104D70000F0FFFFE1058400C0D0D00FFE058400CC7
:104D80000D0F00FED059400C0D0D00FFA05A400C35
:104D90000D0C00FF605B000E0E0B0000105CC008E5
:104DA0000A0FFFFE005D400C0D0F00FEF05D400C91
:104DB0000D0F00FEE05EC00F100B0000905F000EB4
:104DC000100FFFFE8060800A0B0F00FE70618011E3
:104DD000120D00FF0000721F51EF58EF5BEF5CEF08
:104DE0005DEF61EF63EF65EF69EF6CEF71EF76EF09
:104DF00077EF78EF8EEF93EF98EF9BEF9CEF9DEFBF
:104E0000A1EFA2EFA3EFA4EFB7EFB8EFBEEFC0EFB3
:104E1000C1EFC4EFC7EFC8EFC9EFCBEFE3EFE5EFAA
:104E200014F015F017F019F030F037F03AF043F0C5
:104E30006CF074F0ABF03BF1200000005F0001006B
:104E4000000000000000000000000200B0000000B0
:104E50003CF16000D44D0408000000003200030063
:104E6000000001020003040502060708090A090AF6
:104E70000B0C000D0E0F101112130C141400000077
:104E80001516171819161A1B1C1D1D1E1F201D1D77
:104E90001621222303241E2525262728292A2B0014
:104EA0002C002D2E2F303132332D343435302D2D32
:104EB0002E2E36373839333A3A3B3A3C290000092E
:104EC0003D0900000000000000000000000000009C
:104ED00000000000000000000000000000000000D2
:104EE00000000000000000000000000000000000C2
:104EF0000000000001020003040502060708090A79
:104F0000090A0B0C0D0E0F10110C121314151500BD
:104F1000000016171819171919191719191A19193C
:104F2000191917191719031B1C1D1D1E1F202122DB
:104F30002300240025262727270027262829262680
:104F40002A2A272A272A2B2C2D2E2E2F2E300000FE
:104F500023093109000000000000000000000000EB
:104F60000000000000000000000000000000000041
:104F70000000000000000000000000000000000031
:104F8000000000000001000000000000000100001F
:104F9000020000000002000000000000000000000D
:104FA0000000000000000100000000000000000000
:104FB0000000000000010A0006FB00000000F4F3FE
:104FC000020B0504F7020B010902070000000000B4
:104FD0000000000000000D02FE00000000000000C4
:104FE00000000000000400F90000000000FC0404C0
:104FF0000000FE00FE0200FE00FEFFFC00000000BC
:10500000FE0000FDFD0000FE00FC000000000000AE
:10501000000000FEFE00FD00FA00E50000FC0004B8
:10502000070000FC02020704FC040000F30000007B
:105030000000000000000000F80000000000000078
:1050400000000000000000FAFDF500F7FE0000007F
:1050500000000900F9FEFF0100FC0000FEEF000067
:10506000000000000000000000EEFE09000000004B
:105070000000000000000000F70000000000000039
:105080000000000700020000FC000000000000001B
:105090000000000000000000000009020100000004
:1050A0000000000000000000000000000000000000
:1050B00000000000000000000000000000000000F0
:1050C00000000000F80000000000000000000000E8
:1050D000000000000000000000000002040207FEC3
:1050E000000004FEF9E102060400FD0008000700CC
:1050F0000700EB00FD070007FE0402000001FE00B0
:1051000000FC12001200070009030407000000F869
:105110000000000001FE0002FCFDFC0200FE000099
:1051200000F70000000000000000000000F1000097
:105130000000000000000000000000000001F4007A
:10514000F200000000FE0016FDFD0202FE00FD025E
:105150000000F40000000000000000000000EA0071
:1051600002000000000000000000000000F2000D3E
:105170000000F8000700F1EAF1FC070000F100036D
:10518000FB00FD0000000000000000000000000621
:1051900007E50000000000000000000000000B0018
:1051A0000200000000000202FDFC00FFFFFE000004
:1051B000FE000000FC00FE00FBFC00FAF9F9FC0018
:1051C000FC00FC00000000FE0000020002FE0001E6
:1051D00000000002FE000000FE0202FF000000FCD2
:1051E00000FF0000000000010003FE00FD00FC00C5
:1051F00000FE00070000FE0000000000FF01FEFEB0
:105200000000FE00FE000000000000000000FFFFA4
:1052100000FEFD0000000000010000FE00FEFEFE9A
:10522000000000000000000000FF00000000FEFD84
:1052300000FD00F9FEF9040000FC02040600FAFF7C
:10524000FD00FFF502FE02F402000001F400F4FE8E
:10525000EDFE00F50004060003000000000000FC65
:10526000FD00F9000000FE000000FE00000000004C
:10527000FFFF00FFFD00000000000000FEFE00FE3A
:10528000FDFE0000FE000000000000000000000025
:10529000FEFE00FD00FE00FC020000FD0102020017
:1052A0000000000000FE0000000000020000FE0000
:1052B000FEFEFD000000000000000200FE000000F5
:1052C00000FEFD00FC0007FE01F9000006F5F4F702
:1052D000FC0200FEF1FC00FC00FC03FCF200FA0002
:1052E0000001FF02FE000200F9F700F5FBFBFBF9ED
:1052F000FDFA00FCFA01000100FE000000020002BD
:105300000000000000000000000000FE00FF00FFA1
:10531000FE00FCFBFBFF00F9000000000000FE00A7
:1053200000000001FF00000002000000000000007B
:10533000000B00000000000002000000FE00000062
:105340000000000000000000FC000200000000005F
:105350000000000000000000FE000000FC00000053
:1053600000F5F9000000FDF50000FE0200FA000063
:105370000000000000000000FC0000FC0000000035
:1053800000000000000000000200FC00000000031C
:105390000002FCFC00FEFEFD000000000000F90021
:1053A000FE00FDFE00FBFAF9FE00FC00F900000023
:1053B00000120000010000FD000200F600000000E5
:1053C00000EBFC0707FEF70002FD00F5FFFD02F011
:1053D000FE030003F8FDF8F9F70000F3000D0000EC
:1053E000FF000000FFFFFEFAF900EB0000000000E4
:1053F00000000000010000000000000000000000AC
:105400000000000000FE00FFFEFD0000FC00FE00AA
:105410000000000000000000000000000000FF008D
:10542000FC000004FF0300FB02FEFFFAFE00FDFE8D
:10543000FE00FDFC0000FEFFFEFCFD0000FE000281
:10544000FE00FB000000FC00FC00FCFC0200000071
:105450000000000000FC0200FD00FEFDF9FEFEFE63
:10546000FFFEFDFF0000000000FEFEFE0000000049
:1054700003FE00FE000000FEFDFEFEFDFE00020930
:10548000FF00FA00FE0400FEF7FD030000F5FC0239
:10549000FC0200FEFEF900FD010000FC000000021D
:1054A00002FCFC00FCFEFDFEFE00FC01FCFC070013
:1054B00000000000000000000200000000000000EA
:1054C00000000000000000000000000000000000DC
:1054D000FC000000000000000000000000000000D0
:1054E00000000000000000000000000000000000BC
:1054F000000000000000000000000000FE000000AE
:10550000000000000000000000000000000000009B
:1055100000000000000000000000FEFE000000008F
:105520000000000000000000FD0000FD0000FEFE85
:1055300000000000FE00000000FF0000000000FE70
:1055400000000000FD00FC000000F90002FB040068
:10555000FEF50000FBFE00F7FAFA0000F6FEF7F792
:10556000F500FA00020FFD00FBFEFFFEFCFAFCF85E
:10557000F7FBFE0000FE00010000F0FE0705FBF84F
:105580000001F900F5FEFE04EBFD010000F1FDF461
:10559000FEF00000F0000D0100FE00000000FFFE24
:1055A000F7FE00F100000000F900FE00FFFAF50030
:1055B00000FFFDF9FE00FE00000000F6FEF9F9FE16
:1055C000FCFAFEFC00FCFEF9FD00FDFCFEFC000107
:1055D00000FEF9000400FC00000000030002FC09CA
:1055E00000FEFEFD000000000000F900FE00FDFED0
:1055F00000FBFAF9FE00FC020900000000120000A6
:10560000010000FD0002000000000000000000009A
:1056100000000000FEFC0000000000FF000000FE93
:10562000FE0000FCFE0000FC0004FF000000000083
:10563000000100000000030402FE00F9FC0007F96D
:10564000F9FCFC090402EDFE04FE00FE02FEF80077
:10565000FE02FDFEF9FE0000070400FA00F4FD065C
:10566000FDF701FDF9F9FE090200FD00FA0002074D
:10567000FBF8F7FA070001F0FE02FCFEFB00FBF866
:10568000FDFDFE0000FBFBFE000705FEF400F4FD3F
:1056900000F8F3FFF9FCF9FA060000FD00FCFE003B
:1056A000FEFC0004F9020000F400FEFBFCFEF9FA27
:1056B000F9FB00F9FEFBFCF9FE0000010BFC00F910
:1056C000FE00FEFCFBFAFAF7FDFC0400FD00F5FD10
:1056D0000104F9F8FCF907FE01EBFC04FBFCF800FF
:1056E000F9F7FDFEFEFEFBF9FF00000706FEF100E4
:1056F000F3FB05F7F1FCF8F7F5F90400000000FDF5
:10570000000002FD0402FC040000F9FF00FF00019C
:1057100001FE000000000000FE0000000002070083
:1057200000FD00000000FEFEFD0000000102000080
:1057300000000200FE000900040101FD0004000059
:10574000000200000000000000000000000700064A
:105750000000000000000000000000000000F30056
:10576000FE04000700001603FCFC0202FE01F50027
:10577000000BF30000000000000000000000F10931
:105780001F000000000000000000000000F3000007
:105790000000000000000000000000000000000009
:1057A0000000000000000000FC0000FCFE00000003
:1057B00000000000000000000000000000000000E9
:1057C000FE00FA0000010000021DFCFE0706FA02BE
:1057D00000000202FD0000000000000000000000C8
:1057E000E3060000000000000000000000000000D0
:1057F000000000FA000000FA00000000FBFF0000BB
:1058000000FB00FD00F500000000000000000000AB
:1058100000F10000000001000000000000FE000098
:10582000FC00FD00FA000000FC02FD0000FAFEFB97
:105830000000FA00FE00F500FE0000EEFCF7FEF8A6
:105840000000F100FAFF0000000000000000FDFC75
:10585000FEFC00000000FB00FB03FE0400FEFBFE5C
:10586000FCFC00FDFFFE02FAFF000000ECFEFD0064
:10587000FB00FEF5FE0000FEFE000000000200FE40
:10588000FCFE04000000000000000000000000001A
:105890000000000000000000000000000000000008
:1058A00000000000000000000000000000000300F5
:1058B0000000000000FB00FE000000FC02000000F1
:1058C000FAFEFC0000FA00FE00F500000000EA000D
:1058D000FCF8F50000F100FEFD00000000000000F3
:1058E00000FEFDFFFD01000004FD00070BFEFEF9B8
:1058F000030B0405FA030903060506000000000077
:105900000000000000000E0BFCFE00FE120A120058
:105910000000020000080000FC0000000000000081
:105920000000FE0000000000000000030000000076
:10593000EDFDFEF7F50000F10000000000000000A2
:10594000000000000000000000FC0000000000005B
:10595000000000FE00000000000000000300000046
:1059600000EDFDFEF7F50000F7000000000000006C
:10597000000000000000000000000000FE00000029
:10598000FB0200FE020402F90000FE020002000019
:105990000000FA00FEFEFC00FEF7000EFE00FBFE1B
:1059A00000FEFC00FEFAFCFD000000FC0000000010
:1059B0000000000000FE00000000000000000300E6
:1059C000000000EDFDFEF7F50000F1000000000012
:1059D000000B00000000000000000000FC00F9FDCA
:1059E000FE07FEFEF701FF01FEFA000500020102BC
:1059F000FBF7FD00F7FCFAF7F700FCFCFDFDFEFEEF
:105A0000FDFE00FEFF030003FE0007000000000093
:105A100000000000000000FEFEFE0000FA00FF0093
:105A2000FC0000000000000000000000F300000087
:105A30000000000000000000FEFE00FD000000006D
:105A4000FE0000FCFE0200FCFCFE00FAFEFBFEFD78
:105A500000FC0000000000000000000000F1000752
:105A60000000FC00000000FD00FE0000FF0000FE42
:105A700000FB000009FDF9F902020200FA0203022C
:105A8000070207FEFA0000F70000F9FA0000FC0028
:105A9000FDFC00FD00FD00FE0300FEF9FE08000015
:105AA000FE00FC000003FB0002FE020000F900FE05
:105AB000FF00FE02FE000000F7FDFB00F90000F50C
:105AC0000008FE00FC000100FE00FEF900FE0200DE
:105AD000000000FE000002FD010000FDFE00FD00D0
:105AE00000000000000000000000000000000000B6
:105AF000F200050000FE000000000000FEFE0000B5
:105B0000000400050000000000F2F3010A0704F79A
:105B1000020900080004000000000000000000006E
:105B2000000C000000000000000000000000000069
:105B300000000000844F0408604E0408F24E040880
:105B40003D31000034E6030844490408384E040897
:105B5000345B04081000023010000000D705020872
:105B6000A501020800000000100000000300000072
:105B700008FF0100445B0408000000000000000072
:105B800089600008D943010845DA0008DD040108EE
:105B9000014A00083D030308EBEC000869EC00082B
:105BA000C70F01082F050308DDC60008896000083B
:105BB0002546010845DA0008DD040108014A00080D
:105BC0003D030308EBEC000869EC0008C70F01086F
:105BD0002F050308DDC600080926010800000000A3
:105BE0001D260108D527010800000000E92701084B
:105BF00000003C027804B306EE08280B610D990FF3
:105C0000D01106143A166C189D1ACB1CF71E2121D0
:105C100048236C258E27AC29C72BDF2DF32F0332A9
:105C2000103418361D381C3A183C0E3E0040ED4129
:105C3000D443B74594476B493D4B084DCE4E8E50EB
:105C40004752FA53A6554C57EB58825A135C9D5D48
:105C50001F5F9A600E627A63DE643A668E67DA6866
:105C60001E6A5A6B8D6CB86DDA6EF46F04710D722A
:105C70000C730274EF74D375AE7680774878077929
:105C8000BC79687A0B7BA37B337CB87C347DA67DA2
:105C90000E7E6D7EC17E0C7F4C7F837FB07FD37F75
:105CA000EC7FFB7F00800010161B2023272A2D305D
:105CB000323537393B3D4041434547494B4C4E50C7
:105CC0005153545657595A5B5D5E60616263656615
:105CD00067686A6B6C6D6E707172737475767778C5
:105CE000797A7B7C7D7E80808182838485868788AB
:105CF000898A8B8C8D8E8F909091929394959696A5
:105D00009798999A9B9B9C9D9E9FA0A0A1A2A3A3BC
:105D1000A4A5A6A7A7A8A9AAAAABACADADAEAFB0E3
:105D2000B0B1B2B2B3B4B5B5B6B7B7B8B9B9BABB1A
:105D3000BBBCBDBDBEBFC0C0C1C1C2C3C3C4C5C55D
:105D4000C6C7C7C8C9C9CACBCBCCCCCDCECECFD0A5
:105D5000D0D1D1D2D3D3D4D4D5D6D6D7D7D8D9D9F8
:105D6000DADADBDBDCDDDDDEDEDFE0E0E1E1E2E252
:105D7000E3E3E4E5E5E6E6E7E7E8E8E9EAEAEBEBB2
:105D8000ECECEDEDEEEEEFF0F0F1F1F2F2F3F3F416
:105D9000F4F5F5F6F6F7F7F8F8F9F9FAFAFBFBFC83
:105DA000FCFDFDFEFEFF3643F4631EE9B0279CB701
:105DB0003A67B5513FF39621F4A903D4BC00889605
:105DC0000050AF4C4AC38B39DCCD3BEBFF07C1FF22
:105DD0000098FF2257FF4855798B7D609E9E9E500C
:105DE00053EF7373E59A9AEFD2CDFFEEEBFF7A4053
:105DF000EC9262F0B18FF4D0BBF8ECE4FCBC47ABA2
:105E0000C868BAD893CEE7BEE1F5E5F3C2577ECDB8
:105E10007595DB9DB3E9C4D1F6E7EDC06B5CCB862D
:105E200079DAA89FE9CAC5F6EAE8F5A542F6B564AD
:105E3000F9CA90FBDEBBFDF2E3F6B629F7C34FFAD1
:105E4000D481FCE5B3FEF5E1DAC626E1D04DEADE09
:105E500080F2EBB2FAF7E09AA626ACB64DC4CB803E
:105E6000DBDFB2F1F2E06ABB6684C781A7D6A5C9C1
:105E7000E6C8E9F5E865CC9C81D5AEA5E1C5C8EDDD
:105E8000DCE9F8F157E1D475E7DC9CEEE6C3F4F009
:105E9000E7FBF958EEFF76F1FF9DF5FFC4F9FFE748
:105EA000FDFF28CAFF4FD5FF82E0FFB3ECFFE1F80A
:105EB000FF26A7FF4DB7FF80CCFFB2E0FFE0F3FF66
:105EC0004370FF658AFF91ABFFBCCCFFE7E9FB6342
:105ED0006E8D7F88A1A4AABCC8CCD7E9EBEF9C90BB
:105EE00078AEA490C5BEB0DCD8CFF1EFECBDBDBD9F
:105EF000E0E0E0EEEEEEF5F5F5FAFAFA3539E52FE9
:105F00002FD32828C61C1CB7601BD85B18C2571497
:105F1000AD4F0E88AA248EA21F7B9A1B6A8C144A4E
:105F2000B1355EA82D51A02745921B31AB49399F51
:105F30003F309335287E231AE5881ED27619C06536
:105F400015A1470DE59B03D18802BD77029B570140
:105F5000C1AC00A797008F83006460007B89006B51
:105F600079005C6900404D0047A0433C8E38327D8B
:105F70002E205E1B42B37C389F682F8B551E6933E1
:105F800033CAC02BB4AF249D9E17778235D8FD2D20
:105F9000C0FB25A8F9177FF500B3FF00A0FF008F15
:105FA000FF006FFF008CFB007CF5006CEF0051E6FA
:105FB0001E51F4194AE61543D80C36BF414C6D37D3
:105FC000405D2E344E23273E7A6E54645A454F4727
:105FD000373832267575756161614242422121214F
:105FE000000004040204040404040404000000008B
:105FF0000006060606060604000606060600000061
:106000000000000000000000050200000000000089
:106010000004000000000000000200020202000272
:106020000002020200000000000200000000000068
:106030000002000000000000000101050505010547
:10604000000000001001010000001022220C0C32A0
:106050003232000032321000000000000000000068
:10606000000000000000000000000000FFFFFF0033
:1060700000010000FF000000FF0000000F00000012
:1060800040D10408FFFFFF1F00010000C1A7020864
:1060900089A4020833A502080DA6020861A7020818
:1060A00081A50208BDA50208E5A502081D1C6A6BB2
:1060B0006D6C706E6F797800B8E503083176010871
:1060C0000000000000000000000000007023050830
:1060D000FFFFFF3FFFFFFF3FC4020000B8E50308DA
:1060E0007D24020811250208312502080000000065
:1060F0007C230508FFFFFF3FFFFFFF3F80060000F6
:106100002B93932B00289E0000000000000000004D
:106110009310109304B01000000000000000000075
:10612000862424867C470000000000000000000058
:10613000138D8D4593658D4F000000000000000019
:10614000000007B1259200A9040000000000000033
:106150000000883D238000A0070000000000000030
:10616000003C8800008A80780000000000000000E9
:106170000000553600000000000000000000000094
:106180000000845400000000000000000000000037
:106190003EBCE0D7BC1D0000000000000000000075
:1061A0000000845400000000000000000000000017
:1061B00000002F1E00000000000000000000000092
:1061C00056C4C435000000000000000000000000BC
:1061D0001225000000000000000000000000000088
:1061E0006FAE000000000000000000000000000092
:1061F0000000002CB40000000000000000000000BF
:1062000000000088570000000000000000000000AF
:10621000000002D60900000000000000000000009D
:106220000000449C0000000000000000000000008E
:106230000000A33E0000000000000000000000007D
:10624000000CD3010000000000000000000000006E
:10625000005D83000000000000000000000000005E
:1062600000BB25000000000000000000000000004E
:106270001BC500000000000000000000000000003E
:10628000004AD2D7BB1C0000000000000000000044
:106290001CE3210060C100000000000000000000BD
:1062A0006C98000001EB18000000000000000000E6
:1062B000827E000000D22E000000000000000000DE
:1062C0006998000001EB17000000000000000000CA
:1062D0001BE3210060BE0000000000000000000081
:1062E0000048D3DBBA1C00000000000000000000E2
:1062F000C0E2A80000000000000000000000000054
:106300000058A8000000000000000000000000008D
:106310000058A8000000000000000000000000007D
:106320000058A8000000000000000000000000006D
:106330000058A8000000000000000000000000005D
:106340000058A8000000000000000000000000004D
:106350000058A8000000000000000000000000003D
:1063600051CDD4DA61000000000000000000000000
:106370004B1E0019F40B000000000000000000009C
:106380000000000DF1080000000000000000000007
:10639000000004AC7E0000000000000000000000CF
:1063A0000006AE8E010000000000000000000000AA
:1063B00008B482000000000000000000000000009F
:1063C0008EFBD0D0D055000000000000000000007F
:1063D00082D0D0DEF00000000000000000000000CD
:1063E000000002B95800000000000000000000009A
:1063F000000077990000000000000000000000008D
:106400000003DDCD66000000000000000000000079
:1064100000000012E0290000000000000000000061
:10642000480F000FDF2C00000000000000000000FB
:1064300071D3D9DC760000000000000000000000ED
:1064400000000078A0000000000000000000000034
:10645000000052C107000000000000000000000022
:106460000033D415381300000000000000000000C5
:106470001AD72B00B43C0000000000000000000010
:1064800088DCC8C8F2D670000000000000000000E0
:1064900000000000BC3C0000000000000000000004
:1064A00000000000BC3C00000000000000000000F4
:1064B00003FAD0D0D000000000000000000000006F
:1064C00018D60000000000000000000000000000DE
:1064D00030C00000000000000000000000000000CC
:1064E0003EE2D2D17B01000000000000000000006D
:1064F00000000012CE4A0000000000000000000072
:106500003B140006C64C0000000000000000000024
:106510005DCDD8DE8B02000000000000000000000E
:106520000035C3D2D94E000000000000000000007A
:1065300013E5380002090000000000000000000020
:10654000649F000000000000000000000000000048
:1065500081A6AEC0B22800000000000000000000CC
:106560006FE318004CCC00000000000000000000A9
:1065700025D60A003CD0000000000000000000000A
:106580000056C8C5C5320000000000000000000031
:10659000B4DDD0D0EC8C0000000000000000000052
:1065A000B1430001D63200000000000000000000EE
:1065B0000000004AC10000000000000000000000D0
:1065C000000000BE4E0000000000000000000000BF
:1065D000000032DB020000000000000000000000AC
:1065E0000000A36A0000000000000000000000009E
:1065F000001BEA0B0000000000000000000000008B
:106600000184CEC6BA220000000000000000000095
:106610003CD1050063AC0000000000000000000059
:1066200033D608006CA40000000000000000000049
:1066300006CADEC6FB4500000000000000000000A6
:1066400073A3020034E3000000000000000000001B
:106650007A9D00002EEB000000000000000000000A
:106660000CA2C9C5C74200000000000000000000E5
:106670001BB8C8CA7800000000000000000000003D
:10668000A26A0002B74D00000000000000000000F8
:106690009D7A000CC69A0000000000000000000077
:1066A00015A2C4B895AD0000000000000000000075
:1066B00000000000749000000000000000000000D6
:1066C000020A001FDD2F0000000000000000000093
:1066D0002AD8D1CD4D0000000000000000000000CD
:1066E00000000019F9610000000000000000000037
:1066F000000000868BD201000000000000000000B6
:1067000000000BDE0BAF490000000000000000009D
:1067100000006E8B003EBE00000000000000000084
:106720000003DFCAC0C0F832000000000000000013
:106730000056AA0000005EA5000000000000000056
:1067400000C93B00000007E61F0000000000000039
:10675000F4C3C0C5C5270000000000000000000011
:10676000F40C00006EA50000000000000000000016
:10677000F40C000080910000000000000000000008
:10678000F4C6C0CFF4380000000000000000000094
:10679000F40C000029E703000000000000000000E6
:1067A000F40C000018F508000000000000000000D4
:1067B000F4C7C4C5D1610000000000000000000063
:1067C0000016A0DDD8C64100000000000000000057
:1067D00007D36B02002C57000000000000000000EF
:1067E0005EB000000000000000000000000000009B
:1067F0008282000000000000000000000000000095
:106800005DB100000000000000000000000000007A
:1068100007D46B03002C58000000000000000000AB
:106820000016A2E0DCC53F000000000000000000F0
:10683000F4D2D0D6BE3800000000000000000000F6
:10684000F40C000036E13100000000000000000000
:10685000F40C00000067A40000000000000000002D
:10686000F40C0000003CC400000000000000000028
:10687000F40C00000068A40000000000000000000C
:10688000F40C000037E331000000000000000000BD
:10689000F4D2D0D6BE380000000000000000000096
:1068A000F4D2D0D0CD0000000000000000000000B5
:1068B000F40C0000000000000000000000000000D8
:1068C000F40C0000000000000000000000000000C8
:1068D000F4CEC8C8700000000000000000000000F6
:1068E000F40C0000000000000000000000000000A8
:1068F000F40C000000000000000000000000000098
:10690000F4D2D0D0D01A0000000000000000000037
:10691000F4D2D0D0CD000000000000000000000044
:10692000F40C000000000000000000000000000067
:10693000F40C000000000000000000000000000057
:10694000F4D6D0D076000000000000000000000067
:10695000F40C000000000000000000000000000037
:10696000F40C000000000000000000000000000027
:10697000F40C000000000000000000000000000017
:1069800000169FDCD6CC550000000000000000007F
:1069900007D36C03001F5800000000000000000037
:1069A0005EB00000000000000000000000000000D9
:1069B00082820000000D780000000000000000004E
:1069C0005DB100000018DC000000000000000000C5
:1069D00007D36F03002EDC00000000000000000061
:1069E00000169FDEDACD600000000000000000000D
:1069F000F40C000000F01000000000000000000097
:106A0000F40C000000F01000000000000000000086
:106A1000F40C000000F01000000000000000000076
:106A2000F4D6D0D0D0FF100000000000000000001D
:106A3000F40C000000F01000000000000000000056
:106A4000F40C000000F01000000000000000000046
:106A5000F40C000000F01000000000000000000036
:106A6000F40C000000000000000000000000000026
:106A7000F40C000000000000000000000000000016
:106A8000F40C000000000000000000000000000006
:106A9000F40C0000000000000000000000000000F6
:106AA000F40C0000000000000000000000000000E6
:106AB000F40C0000000000000000000000000000D6
:106AC000F40C0000000000000000000000000000C6
:106AD000004ED0D0F92400000000000000000000AB
:106AE00000000000D82400000000000000000000AA
:106AF00000000000D824000000000000000000009A
:106B000000000000D8240000000000000000000089
:106B100000000000D823000000000000000000007A
:106B2000015E030FEE0D00000000000000000000F9
:106B3000028CD8DA710000000000000000000000A4
:106B4000F40C0002A282000000000000000000001F
:106B5000F40C019B91000000000000000000000008
:106B6000F40D959C010000000000000000000000F2
:106B7000F497FF4F0000000000000000000000003C
:106B8000F4B536E62B000000000000000000000015
:106B9000F414004ADB1500000000000000000000B3
:106BA000F40C00006BC105000000000000000000B4
:106BB000F40C0000000000000000000000000000D5
:106BC000F40C0000000000000000000000000000C5
:106BD000F40C0000000000000000000000000000B5
:106BE000F40C0000000000000000000000000000A5
:106BF000F40C000000000000000000000000000095
:106C0000F40C000000000000000000000000000084
:106C1000F4D2D0D0B000000000000000000000005E
:106C2000F12D000000009E7C00000000000000002C
:106C3000F4BD00000031FE7C0000000000000000F8
:106C4000F4E0530000C2DE7C000000000000000001
:106C5000F443DD0754C67A7D000000000000000008
:106C6000F4049680D7287780000000000000000020
:106C7000F4040DE0790074800000000000000000C2
:106C8000F404001E040074800000000000000000F6
:106C9000F24F000000F010000000000000000000B3
:106CA000F4F6350000F010000000000000000000C5
:106CB000F4ACE81F00F0100000000000000000002D
:106CC000F412BED410F0100000000000000000001C
:106CD000F40C10D6BBF4100000000000000000000F
:106CE000F40C0020EAFF100000000000000000008B
:106CF000F40C000037F71000000000000000000056
:106D000000169FDBD9C94900000000000000000008
:106D100007D36B020028DA470000000000000000E3
:106D20005EB10000000049C6000000000000000045
:106D30008282000000001AEA00000000000000004B
:106D40005BB10000000049C6000000000000000028
:106D500006D26B020029DA470000000000000000A4
:106D600000139DDEDCCA49000000000000000000A6
:106D7000F4D3D1D89B0900000000000000000000FF
:106D8000F40C0002A08100000000000000000000E0
:106D9000F40C000052B000000000000000000000F1
:106DA000F40C000AAE7600000000000000000000B5
:106DB000F4D6D0D0820400000000000000000000E3
:106DC000F40C0000000000000000000000000000C3
:106DD000F40C0000000000000000000000000000B3
:106DE00000169FDBD9C94900000000000000000028
:106DF00007D36B020028DA47000000000000000003
:106E00005EB10000000049C6000000000000000064
:106E10008282000000001AEA00000000000000006A
:106E20005BB2000000004AC6000000000000000045
:106E300006D26E02002ADB470000000000000000BE
:106E400000139DDFE0DA49000000000000000000B0
:106E50000000000046B3B7960B00000000000000E1
:106E6000F4D3D1D899090000000000000000000010
:106E7000F40C0002A08000000000000000000000F0
:106E8000F40C000052AF0000000000000000000001
:106E9000F40C0009AD7600000000000000000000C6
:106EA000F4CEC8F2960400000000000000000000CC
:106EB000F40C0059B90100000000000000000000BF
:106EC000F40C0000A07300000000000000000000AF
:106ED0000391D5D0CD40000000000000000000006C
:106EE00056B702001015000000000000000000006E
:106EF00050D42C0000000000000000000000000042
:106F00000170D3E3971700000000000000000000AC
:106F10000000001696AF0000000000000000000016
:106F2000332D000057B500000000000000000000F5
:106F300037BBD1CEBF2600000000000000000000DB
:106F4000C6D0EBE5D0AC000000000000000000005F
:106F50000000907000000000000000000000000031
:106F60000000907000000000000000000000000021
:106F70000000907000000000000000000000000011
:106F80000000907000000000000000000000000001
:106F900000009070000000000000000000000000F1
:106FA00000009070000000000000000000000000E1
:106FB00004FC00000010E8000000000000000000D9
:106FC00004FC00000010E8000000000000000000C9
:106FD00004FC00000010E8000000000000000000B9
:106FE00004FC00000010E8000000000000000000A9
:106FF00000F70B00001FDB00000000000000000095
:1070000000AF7600018A950000000000000000003B
:107010000018AEDCDCA30D00000000000000000042
:1070200000CB480000001DDF04000000000000004D
:10703000005BBA000000897700000000000000003B
:107040000005E42B000BE41100000000000000002C
:1070500000007A9A006A970000000000000000001B
:10706000000013ED15D8280000000000000000000B
:1070700000000099C0B70000000000000000000000
:107080000000002BFF460000000000000000000090
:107090008483000007F14C00002FC40000000000B2
:1070A0002FD8000050E1A20000846F000000000013
:1070B00000D92D00A84CE30700D91B0000000000F8
:1070C0000084830BDF04A44F31C4000000000000E3
:1070D000002FD85896004DA6876F000000000000D2
:1070E0000000D9D53F0007E2DE1A000000000000D2
:1070F000000083E6020000A0C300000000000000C2
:1071000058C705001CDC1F00000000000000000044
:10711000009D8603BF540000000000000000000036
:10712000000CD8AB9A000000000000000000000036
:1071300000006CFF260000000000000000000000BE
:10714000001CDF80C1030000000000000000000000
:1071500003C15B00A68000000000000000000000EA
:1071600082A400000EDA3F000000000000000000D2
:1071700000BE55000002C5390000000000000000FC
:107180000028DD0D00659B000000000000000000ED
:107190000000858B14D814000000000000000000DF
:1071A00000000ADAB96200000000000000000000E0
:1071B0000000005ED6020000000000000000000099
:1071C00000000044BC0000000000000000000000BF
:1071D00000000044BC0000000000000000000000AF
:1071E00068D0D0D0DCFD1E000000000000000000D0
:1071F00000000001AF790000000000000000000066
:107200000000007DAB010000000000000000000055
:1072100000004BD30C000000000000000000000044
:107220000024E02500000000000000000000000035
:107230000CD34B0000000000000000000000000024
:1072400083F7D0D0D0D03B00000000000000000049
:1072500020BFC6D57500000000000000000000003F
:107260000418000BEB0D00000000000000000000FF
:1072700018A4A9A8F61C00000000000000000000EF
:1072800074880007EA1C00000000000000000000F5
:1072900024C1A6A7E41C00000000000000000000BC
:1072A00018E00000000000000000000000000000E6
:1072B00018E00000000000000000000000000000D6
:1072C00018E9ABCAD5610000000000000000000012
:1072D00018FF380011DA3200000000000000000042
:1072E00018EC00000098630000000000000000009F
:1072F00018FF3C0013DD300000000000000000001B
:1073000018E0ACD0D76500000000000000000000CD
:10731000017FD4CFB2120000000000000000000086
:107320005BBB0700410F00000000000000000000F0
:107330008F6C000000000000000000000000000052
:1073400058C00700451200000000000000000000C7
:10735000017CD6D3AF100000000000000000000048
:10736000000000000CE80000000000000000000029
:10737000000000000CE80000000000000000000019
:107380000182D6CB9AE80000000000000000000057
:107390005DBB060068E8000000000000000000007F
:1073A000906C000014E800000000000000000000E5
:1073B0005BC007006BE80000000000000000000058
:1073C0000186D9CE98E8000000000000000000000F
:1073D0000287CCC89D0700000000000000000000EC
:1073E0005EA9020084790000000000000000000097
:1073F00090CBA0A0AC8E00000000000000000000B8
:107400005AB6070021040000000000000000000040
:10741000017ED6CDBB1B0000000000000000000074
:10742000007BCE940000000000000000000000007F
:1074300000ED080000000000000000000000000057
:107440009FFDBE640000000000000000000000007E
:1074500000F4040000000000000000000000000034
:1074600000F4040000000000000000000000000024
:1074700000F4040000000000000000000000000014
:1074800000F4040000000000000000000000000004
:107490000185CFBE9CF0000000000000000000004D
:1074A0005EB704004CFC000000000000000000007B
:1074B000906C000001FC00000000000000000000D3
:1074C0005AC0070059FC0000000000000000000046
:1074D0000181D8CA9BF700000000000000000000F6
:1074E000032E00003FCD000000000000000000005F
:1074F00015AFCDD0C5310000000000000000000035
:1075000018E0000000000000000000000000000083
:1075100018E0000000000000000000000000000073
:1075200018EBB1CCD74600000000000000000000BE
:1075300018FD2E0036D900000000000000000000F9
:1075400018E3000005F0000000000000000000004B
:1075500018E0000004F0000000000000000000003F
:1075600018E0000004F0000000000000000000002F
:107570002CE70300000000000000000000000000F5
:10758000001A0000000000000000000000000000E1
:1075900018E00000000000000000000000000000F3
:1075A00018E00000000000000000000000000000E3
:1075B00018E00000000000000000000000000000D3
:1075C00018E00000000000000000000000000000C3
:1075D00018E00000000000000000000000000000B3
:1075E000001EEC0900000000000000000000000088
:1075F00000001B0000000000000000000000000070
:10760000000CEC0000000000000000000000000082
:10761000000CEC0000000000000000000000000072
:10762000000CEC0000000000000000000000000062
:10763000000CEC0000000000000000000000000052
:10764000000CEC0000000000000000000000000042
:107650000016E5000000000000000000000000002F
:107660009FD6730000000000000000000000000032
:1076700018E0000000000000000000000000000012
:1076800018E0000000000000000000000000000002
:1076900018E00011BC6600000000000000000000BF
:1076A00018E023D25300000000000000000000009A
:1076B00018F2DAE4210000000000000000000000E1
:1076C00018F82754D40D000000000000000000004E
:1076D00018E0000079B60300000000000000000080
:1076E00018E00000000000000000000000000000A2
:1076F00018E0000000000000000000000000000092
:1077000018E0000000000000000000000000000081
:1077100018E0000000000000000000000000000071
:1077200018E0000000000000000000000000000061
:1077300018E0000000000000000000000000000051
:1077400018E0000000000000000000000000000041
:1077500018E3AEC2D165BEC2C8230000000000001D
:1077600018FC240057F418006B9D00000000000076
:1077700018E200002CCE000040B400000000000021
:1077800018E000002CCC000040B400000000000015
:1077900018E000002CCC000040B400000000000005
:1077A00018E2AEC0D2460000000000000000000059
:1077B00018FC260031D90000000000000000000085
:1077C00018E2000004F000000000000000000000CB
:1077D00018E0000004F000000000000000000000BD
:1077E00018E0000004F000000000000000000000AD
:1077F0000180D3CDB41A000000000000000000009A
:107800005BBB060064B60000000000000000000042
:107810008F6C000014EB000000000000000000006E
:1078200057C007006BB5000000000000000000001A
:10783000017CD6D1B4190000000000000000000057
:1078400018E0ADCBD5610000000000000000000092
:1078500018FF380011DA32000000000000000000BC
:1078600018EC000000986300000000000000000019
:1078700018FF3C0013DD3000000000000000000095
:1078800018E9A8CFD7650000000000000000000044
:1078900018E00000000000000000000000000000F0
:1078A00018E00000000000000000000000000000E0
:1078B0000182D6CB98E80000000000000000000024
:1078C0005DBB060067E8000000000000000000004B
:1078D000906C000014E800000000000000000000B0
:1078E0005BC007006BE80000000000000000000023
:1078F0000186D9CE99E800000000000000000000D9
:10790000000000000CE80000000000000000000083
:10791000000000000CE80000000000000000000073
:1079200018E1B39C0000000000000000000000000F
:1079300018FE310000000000000000000000000000
:1079400018E300000000000000000000000000003C
:1079500018E000000000000000000000000000002F
:1079600018E000000000000000000000000000001F
:107970002DC4C5CB4800000000000000000000003E
:10798000907C0002060000000000000000000000E3
:1079900024ABC6AE31000000000000000000000073
:1079A0001703005EAF0000000000000000000000B0
:1079B0006CD1C8C63F0000000000000000000000BD
:1079C00000170000000000000000000000000000A0
:1079D00000F40400000000000000000000000000AF
:1079E0009FFDBE64000000000000000000000000D9
:1079F00000F404000000000000000000000000008F
:107A000000F404000000000000000000000000007E
:107A100000F00E0000000000000000000000000068
:107A20000083D69800000000000000000000000065
:107A300024D000001CD8000000000000000000005E
:107A400024D000001CD8000000000000000000004E
:107A500024D100001FD8000000000000000000003A
:107A600010ED14006BD800000000000000000000C2
:107A70000069DBD09DD8000000000000000000007D
:107A800000C8370000955D00000000000000000005
:107A90000052AB0013D605000000000000000000FB
:107AA0000002D722806F00000000000000000000EC
:107AB0000000669FDB0B00000000000000000000DB
:107AC000000008E783000000000000000000000044
:107AD000BE29001CFA200023BD00000000000000A9
:107AE000598C007EC0830086580000000000000012
:107AF00007D808D215D507D3070000000000000002
:107B0000008F9E9100939D8D0000000000000000FA
:107B1000002AFF29002DFF280000000000000000BF
:107B20005DB50236CA0B0000000000000000000036
:107B3000008A97D01F000000000000000000000035
:107B4000000BF079000000000000000000000000C1
:107B500000A278CB2E000000000000000000000012
:107B6000749D0028D31500000000000000000000F4
:107B700000C8370000925D00000000000000000017
:107B80000054AA0011D6050000000000000000000B
:107B90000002D822787300000000000000000000FE
:107BA00000006698D50D00000000000000000000F5
:107BB000000008EA8800000000000000000000004B
:107BC000000407D8190000000000000000000000B9
:107BD0000FCDD06700000000000000000000000092
:107BE00067BCBCE4B0000000000000000000000022
:107BF00000002CD51A00000000000000000000006A
:107C00000017D32E0000000000000000000000005C
:107C100008C64B000000000000000000000000004B
:107C200085EFBCBC9F0000000000000000000000C9
:107C300000000000000000000000B0020000000092
:107C400000007008090700007000D005060500015B
:107C5000C000D00304010002D00040020202000074
:107C6000F00080030509FFFF8001B0060707000050
:107C7000F001B003030700006002C0050607000022
:107C8000D002C005060700004003B0060707000049
:107C9000B003C005060700002004300606070000F8
:107CA00090040006060700000005700606070000A5
:107CB0007005300606070000E00550070907FF00C1
:107CC0005006900707070100C006200707070000BD
:107CD0003007400807070100A007B00606070100AB
:107CE00010086006050701008008C00707070000AC
:107CF000F0082008070701006009200302070100BF
:107D0000D00920050607FF00400A300707070100D9
:107D1000B00AF00505070100200B900908070100D3
:107D2000900B200807070100000C600808070000FE
:107D3000700C400706070100E00C6008090800FF0E
:107D4000600D400706070100D00D30060607000051
:107D5000400EE00506070000B00EF0070707000020
:107D6000200F20070907FF00900F400B0B070000B2
:107D70000010C00607070000701080060807FF000B
:107D8000E0109006070700005011000606050000ED
:107D9000A011D006070700001012B005060500006C
:107DA0006012D00606070000D0122006060500006B
:107DB00020138003040700009013E006060700FE6E
:107DC0000014D006060700007014D002030700005C
:107DD000E014D0020409FFFE70152006070700001A
:107DE000E015D002020700005016900A0A050000B4
:107DF000A016D00606050000F01660060605000075
:107E00004017D006070700FEB017D006060700FE91
:107E10002018200404050000701800050505000066
:107E2000C0182004040700003019C0060605000031
:107E3000801990050705FF00D01900090905000009
:107E4000201A800506050000701A90050707FFFE3E
:107E5000E01A300505050000000005000B000000D9
:107E6000200000000C000100587E04080000000003
:107E7000030003002D0000000D00040000000000BE
:107E80000000000000000200410000001A00110084
:107E9000000000000000000000000200610000007F
:107EA0001A002B000000000000000000000002008B
:107EB00000610408307C0408607E040800000000B3
:107EC0000000041010000000D7050208A5010208F8
:107ED000000000000C0000000300000008FF01008B
:107EE000B07E04085C5B0408000000000AADB2909C
:107EF000000006C61F000000000000006A63009535
:107F000033007D6F00000000000000008A3D00701B
:107F10005327C20300000000000000005D7D01AD9A
:107F200029BD2E0000000000000000000498C67368
:107F300066875EC5A90D0000000000000000001863
:107F4000CA1AC404617B000000000000000000ABFE
:107F50004137900020A70000000000000000509D65
:107F60000019B3004686000000000000000ECC118E
:107F7000000079B5B717000000000000000002649F
:107F8000000000000000000000000000000004FFEE
:107F9000000000000000000000000000000004FFDE
:107FA00000000000000000000000000030ECEDFFC9
:107FB000ECEC2C000000000000000000061C20FF7C
:107FC0001C1C05000000000000000000000004FF71
:107FD0000000000000000000000000000000029C03
:107FE0000000000000000000000000004CF4F4DD80
:107FF0000000000000000000000000000B2424210D
:1080000000000000000000000000000037B40A007B
:108010000000000000000000000000004DEC110016
:108020000000000000000000000000000000000050
:108030003A4B0000000000000000000000000000BB
:10804000B25A000000000000000000000000000B19
:10805000F1100000000000000000000000000054CB
:10806000B80000000000000000000000000000A6B2
:10807000660000000000000000000000000006EEA6
:10808000180000000000000000000000000048C4CC
:1080900000000000000000000000000000009A72D4
:1080A0000000000000000000000000000002E822C4
:1080B000000000000000000000000000003CD100B3
:1080C000000000000000000000000000008E7E00A4
:1080D00000000000000000000000000000DE2E0094
:1080E0000000000000000000000000002EDD000085
:1080F000000000000000000000000000000A99F1EC
:10810000F19A0B00000000000000000000A6CF4420
:1081100042CEA900000000000000000021FE260061
:108120000023FE2100000000000000005ADD0000D6
:108130000000D95A00000000000000006ACA0000D8
:108140000000C66A00000000000000005ADD0000C8
:108150000000D95A000000000000000021FE2600A7
:108160000023FE21000000000000000000A6CF4315
:1081700041CEA9000000000000000000000A99F1B3
:10818000F29A0B000000000000000000E8FFFF3042
:108190000000000000000000000000002128FF3067
:1081A0000000000000000000000000000004FF309C
:1081B0000000000000000000000000000004FF308C
:1081C0000000000000000000000000000004FF307C
:1081D0000000000000000000000000000004FF306C
:1081E0000000000000000000000000000004FF305C
:1081F0000000000000000000000000000004FF304C
:108200000000000000000000000000000004FF303B
:108210000000000000000000000000001BA4EEFCB5
:10822000C8340000000000000000000090AF42369B
:10823000A6E60400000000000000000003020000A9
:108240001CFF1B00000000000000000000000000F8
:108250004BEC0300000000000000000000000020C4
:10826000E4630000000000000000000000001EDFCA
:10827000800000000000000000000000001CDE86FE
:108280000000000000000000000000001BDCAA2429
:108290002424110000000000000000008FFFFFFFF9
:1082A000FFFF7C00000000000000000090FFFFFFC7
:1082B000FFFB000000000000000000001424244127
:1082C000EF6700000000000000000000000018DB65
:1082D0006F000000000000000000000000009BFF95
:1082E000BF33000000000000000000000000142B5D
:1082F00094EA0D00000000000000000000000000F3
:1083000003EF480000000000000000001100000022
:1083100005F245000000000000000000C09D40374D
:10832000A3E80A00000000000000000037B4F2F9E2
:10833000C331000000000000000000000000000049
:108340009AB4000000000000000000000000004996
:10835000EC1800000000000000000000000013E620
:108360005600000000000000000000000000AAA667
:10837000000702000000000000000000005AE513A2
:1083800000D8480000000000000000001BEE49007B
:1083900000D84800000000000000000088FFF8F846
:1083A000F8FFFCDD0000000000000000162828286F
:1083B00028E8662400000000000000000000000023
:1083C00000E04800000000000000000000CAFFFFBD
:1083D000FFFF0000000000000000000000E6532442
:1083E00024240000000000000000000004FE1C0027
:1083F0000000000000000000000000001EFFFAF175
:10840000C4440000000000000000000007282836D7
:108410008BFA2500000000000000000000000000B2
:1084200000D26E0000000000000000000E000000FE
:1084300000D1690000000000000000009BB047313F
:1084400086F71D00000000000000000026A6EDFDDC
:10845000D04400000000000000000000000274DEB4
:10846000FCE559000000000000000000008BDD5218
:1084700024392000000000000000000017FA280046
:1084800000000000000000000000000055D76AD97D
:10849000E9A61500000000000000000069F7C437DD
:1084A00033BDB90000000000000000005FFF2A009B
:1084B0000029FF0B00000000000000002BFF25003A
:1084C000002AFE08000000000000000000B8B825E7
:1084D00024B8B10000000000000000000011A0F16D
:1084E000F6A912000000000000000000A4FFFFFF3A
:1084F000FFFFB3000000000000000000A496242449
:1085000024DE73000000000000000000786100001D
:108510003BF6110000000000000000000000000019
:10852000A79B0000000000000000000000000018F1
:10853000FB31000000000000000000000000007F90
:10854000C40000000000000000000000000005E57D
:10855000590000000000000000000000000056E884
:108560000500000000000000000000000000C282C2
:108570000000000000000000000000000033C3F90C
:10858000F1A41200000000000000000007E98C1AAE
:1085900029C0AA00000000000000000027FF0B0017
:1085A0000050E300000000000000000008EB68013C
:1085B00009A5AE0000000000000000000087FFFFDA
:1085C000FFFF410000000000000000003FF33C00FE
:1085D0000473ED0B000000000000000073C40000F5
:1085E0000009FF2F000000000000000038FB6518A4
:1085F0002197E90900000000000000000059D2FBAB
:10860000F5BA2F000000000000000000017BE6FB2F
:10861000CE450000000000000000000065E54016A7
:1086200057EE2A000000000000000000A3890000AF
:1086300000AF940000000000000000007CD51D0089
:1086400036EEC70000000000000000000AA9FDF59A
:10865000DE99D100000000000000000000000E19AB
:10866000017DBD00000000000000000000000000CF
:1086700003D17A000000000000000000005E2838EE
:10868000B0E10F00000000000000000014CAF9F281
:10869000AB1E000000000000000000000000000011
:1086A0006AFF32000000000000000000000000012E
:1086B000D6D69E000000000000000000000000432D
:1086C000E42BF7140000000000000000000000B1DF
:1086D0007F00BC780000000000000000000020F8CF
:1086E000190053E00300000000000000000088AA09
:1086F000000004E44F000000000000000008ECF659
:10870000ECECECFBBD000000000000000062D71D97
:108710001C1C1C31FB2A00000000000000CE6D0074
:1087200000000000AD96000000000000BCFFFFFF4D
:10873000F8C12F000000000000000000BC7D1010F8
:1087400021A4DD000000000000000000BC74000057
:10875000002FFF070000000000000000BC740000B4
:10876000068BC4000000000000000000BCF8F0F020
:10877000FBFF5A000000000000000000BC87202022
:108780002560F6380000000000000000BC74000006
:108790000000C5760000000000000000BC7D101045
:1087A0001450F64D0000000000000000BCFFFFFF69
:1087B000FDDC7500000000000000000000003EBD70
:1087C000F7F7C24000000000000000000056FA92D7
:1087D0003D3685E50E000000000000000CEE6C0048
:1087E0000000000B000000000000000050ED03003E
:1087F0000000000000000000000000006ACE000041
:1088000000000000000000000000000050ED030028
:108810000000000000000000000000000CEF6C00F1
:108820000000000C00000000000000000057FA8F5C
:108830003D3685E70C00000000000000000041BE4E
:10884000F7F7BE3C0000000000000000BCFFFFFF87
:10885000F2B639000000000000000000BC882425AA
:108860003893F94E0000000000000000BC740000C6
:10887000000076E70600000000000000BC74000065
:10888000000008F73E00000000000000BC7400007B
:10889000000000DE5600000000000000BC74000074
:1088A000000009F73E00000000000000BC7400005A
:1088B000000077E70600000000000000BC882424C8
:1088C0003893F94E0000000000000000BCFFFFFFDD
:1088D000F2B639000000000000000000BCFFFFFFFE
:1088E000FFFF30000000000000000000BC882424CE
:1088F000242407000000000000000000BC740000F9
:10890000000000000000000000000000BC74000037
:10891000000000000000000000000000BCFAF4F4B9
:10892000F4A400000000000000000000BC89242422
:10893000241800000000000000000000BC740000CB
:10894000000000000000000000000000BC8824249B
:1089500024240D000000000000000000BCFFFFFF09
:10896000FFFF5C000000000000000000BCFFFFFFF4
:10897000FFFF30000000000000000000BC8824243D
:10898000242407000000000000000000BC74000068
:10899000000000000000000000000000BC740000A7
:1089A000000000000000000000000000BCFCF8F81F
:1089B000F8A700000000000000000000BC8B282881
:1089C000281B00000000000000000000BC74000034
:1089D000000000000000000000000000BC74000067
:1089E000000000000000000000000000BC74000057
:1089F00000000000000000000000000000003EBC7D
:108A0000F5F9C84F00000000000000000056FB937D
:108A10003F3675E618000000000000000CEE6D0007
:108A200000000008000000000000000050ED0300FE
:108A30000000000000000000000000006ACE0000FE
:108A400000000081210000000000000050ED030044
:108A5000000000EC3C000000000000000CEE6D0087
:108A6000000000EC3C000000000000000056FB93FA
:108A70003D3673FD3C0000000000000000003EBDDC
:108A8000F7F9C85B0000000000000000BC740000A3
:108A90000000B87C0000000000000000BC74000072
:108AA0000000B87C0000000000000000BC74000062
:108AB0000000B87C0000000000000000BC74000052
:108AC0000000B87C0000000000000000BCFCF8F8CA
:108AD000F8F8FE7C0000000000000000BC8B282895
:108AE0002828C47C0000000000000000BC740000C6
:108AF0000000B87C0000000000000000BC74000012
:108B00000000B87C0000000000000000BC74000001
:108B10000000B87C0000000000000000BC740000F1
:108B2000000000000000000000000000BC74000015
:108B3000000000000000000000000000BC74000005
:108B4000000000000000000000000000BC740000F5
:108B5000000000000000000000000000BC740000E5
:108B6000000000000000000000000000BC740000D5
:108B7000000000000000000000000000BC740000C5
:108B8000000000000000000000000000BC740000B5
:108B9000000000000000000000000000BC740000A5
:108BA0000000000000000000000000000040FFFF87
:108BB000FFF800000000000000000000000924246D
:108BC00054F8000000000000000000000000000059
:108BD00038F8000000000000000000000000000065
:108BE00038F8000000000000000000000000000055
:108BF00038F8000000000000000000000000000045
:108C000038F800000000000000000000000600002E
:108C100042F10000000000000000000004D35D28C5
:108C2000B1B9000000000000000000000057DEFBAA
:108C3000C72600000000000000000000BC74000017
:108C40000070DD160000000000000000BC74000091
:108C500058E825000000000000000000BC74004639
:108C6000F03600000000000000000000BC7434EF8B
:108C70004D0000000000000000000000BC98EAF970
:108C8000300000000000000000000000BCFF8796DC
:108C9000DD1000000000000000000000BCAB010679
:108CA000C4B001000000000000000000BC7400001F
:108CB00018E575000000000000000000BC74000012
:108CC0000036F43E0000000000000000BC7400000C
:108CD000000000000000000000000000BC74000064
:108CE000000000000000000000000000BC74000054
:108CF000000000000000000000000000BC74000044
:108D0000000000000000000000000000BC74000033
:108D1000000000000000000000000000BC74000023
:108D2000000000000000000000000000BC74000013
:108D3000000000000000000000000000BC882424A7
:108D4000242401000000000000000000BCFFFFFF21
:108D5000FFFF04000000000000000000BC860000CF
:108D60000000001CF630000000000000BCF71C00F2
:108D70000000009DFF30000000000000BCF0A100DA
:108D800000002BEFFC30000000000000BC7FF13041
:108D90000000B47AF830000000000000BC687ABB24
:108DA0000040E109F831000000000000BC6809E162
:108DB0004ACA5B00F734000000000000BC68005A9B
:108DC000F1C90100F434000000000000BC6800019B
:108DD000BD3D0000F434000000000000BC6800004D
:108DE00000000000F434000000000000BC9D000002
:108DF0000000B87C0000000000000000BCFF5B0029
:108E00000000B87C0000000000000000BCC2F22698
:108E10000000B87C0000000000000000BC7492CE8E
:108E20000700B87C0000000000000000BC7407CE02
:108E30009200B87C0000000000000000BC74002517
:108E4000F150B87C0000000000000000BC7400007D
:108E50005AEED37C0000000000000000BC7400004B
:108E6000009CFF7C0000000000000000BC740000BB
:108E7000000AD57C000000000000000000003CBC9F
:108E8000F5F8C44C00000000000000000053F98F0A
:108E90003C3983F96B000000000000000CED6C0011
:108EA00000000058F7180000000000004FED03001C
:108EB00000000000DC640000000000006ACE00003A
:108EC00000000000BA7E0000000000004FED03002B
:108ED00000000000DC640000000000000CED6C00ED
:108EE00000000058F8180000000000000053F98F3F
:108EF0003B3883F96B0000000000000000003BBB22
:108F0000F6F9C44C0000000000000000BCFFFFFFA9
:108F1000E8920A000000000000000000BC8924253F
:108F200049D5A2000000000000000000BC74000051
:108F30000041F9030000000000000000BC740000C4
:108F40000037FD060000000000000000BC740000B7
:108F50001EBBB8000000000000000000BCFCF8F9D7
:108F6000FFB918000000000000000000BC8B28279B
:108F7000110000000000000000000000BC740000B0
:108F8000000000000000000000000000BC740000B1
:108F900000000000000000000000000000003CBCD9
:108FA000F5F8C44C00000000000000000053F98FE9
:108FB0003C3983F96B000000000000000CED6C00F0
:108FC00000000058F7180000000000004FED0300FB
:108FD00000000000DC640000000000006ACE000019
:108FE00000000000BA7E0000000000004FED040009
:108FF00000000000DD640000000000000CED6F00C8
:1090000000000059F8180000000000000053FA8F1B
:109010003B3883F96B0000000000000000003BBB00
:10902000F7FFCC4C00000000000000000000000032
:109030000CD2A909288A00000000000000000000EE
:109040000016BBF8F36F00000000000000000000F5
:10905000000000130900000000000000BCFFFFFF3B
:10906000E6900A000000000000000000BC892425F2
:1090700049D5A2000000000000000000BC74000000
:109080000041F9030000000000000000BC74000073
:109090000037FD050000000000000000BC74000067
:1090A00019BBB8000000000000000000BCFAF4F595
:1090B000FFBE18000000000000000000BC8924234F
:1090C000B89800000000000000000000BC74000020
:1090D0001FF43E000000000000000000BC7400000F
:1090E0000070D80700000000000000000044CCF928
:1090F000F2BA3800000000000000000019F87C26D9
:109100002C744B00000000000000000048EA000042
:109110000000000000000000000000001BF58B2193
:109120000000000000000000000000000036B5F85C
:10913000DC880E00000000000000000000000009B4
:109140004ACDB40000000000000000000201000051
:109150000043F000000000000000000055BB4D205F
:1091600031B7B60000000000000000000C86DCFDF6
:10917000EFA616000000000000000000F4FFFFFF53
:10918000FFFFFF000000000000000000222435FF68
:109190003C2424000000000000000000000014FF38
:1091A0001C0000000000000000000000000014FF90
:1091B0001C0000000000000000000000000014FF80
:1091C0001C0000000000000000000000000014FF70
:1091D0001C0000000000000000000000000014FF60
:1091E0001C0000000000000000000000000014FF50
:1091F0001C0000000000000000000000000014FF40
:109200001C0000000000000000000000D06400000E
:109210000000E04C0000000000000000D0640000EE
:109220000000E04C0000000000000000D0640000DE
:109230000000E04C0000000000000000D0640000CE
:109240000000E04C0000000000000000D0640000BE
:109250000000E04C0000000000000000CA6C0000AC
:109260000000E9450000000000000000A1A7000088
:109270000024FF1D000000000000000037FB8134C7
:109280004AD0B0000000000000000000004ACFF902
:10929000EB990D00000000000000000000CF7C00F2
:1092A00000000001D85C0000000000000066E3033D
:1092B00000000042EB07000000000000000CF14E2F
:1092C000000000AC8A00000000000000000093B71E
:1092D00000001AF9220000000000000000002AFD32
:1092E00022007EB90000000000000000000000C164
:1092F0008804E44F00000000000000000000005857
:10930000EB58E3030000000000000000000000052F
:10931000E8F17D00000000000000000000000000F7
:1093200085FB1900000000000000000075C6000069
:109330000002E8840000002EF106000026FE18005E
:10934000003CFED60000007EA700000000D66600AC
:10935000008E99F7260000CE560000000086B60069
:1093600001DF3CB276001FF80D0000000036F90D59
:1093700032E8025FC6006EB7000000000001E5564B
:1093800084970012FA18BE6700000000000096A53E
:10939000D6460000BD78FA1800000000000046F82C
:1093A000EE0500006AF6C60000000000000006F3AB
:1093B000A20000001BFE77000000000052F21E0019
:1093C000000EE25C000000000000000000A6BA01F0
:1093D000009FAE0000000000000000000013E768DE
:1093E0004BE91500000000000000000000004BF4F5
:1093F000E75200000000000000000000000003DE53
:10940000E60600000000000000000000000075D823
:10941000D38600000000000000000000002CF63899
:1094200030F73800000000000000000005CD8B0080
:10943000007BDB0B000000000000000082D708006A
:109440000004C895000000000000000001C2850073
:10945000000000A987000000000000000034F51F94
:1094600000003BE80D000000000000000000A0A686
:109470000001CA66000000000000000000001AF3AE
:10948000375ED10300000000000000000000007DF6
:10949000C9E44200000000000000000000000009D4
:1094A000E4B4000000000000000000000000000024
:1094B000BA7A000000000000000000000000000078
:1094C000B87800000000000000000000000000006C
:1094D000B8780000000000000000000068FFFFFFF7
:1094E000FFFFFF5F00000000000000000F242424A5
:1094F000249ADD0E000000000000000000000000C3
:1095000043F63200000000000000000000000018D8
:10951000E86A00000000000000000000000003C036
:10952000A90000000000000000000000000084DB33
:109530000E00000000000000000000000047F631AF
:109540000000000000000000000000001CEA8C2465
:109550002424241300000000000000007BFFFFFF14
:10956000FFFFFF8800000000000000000A8FE5FCFC
:10957000D33C0000000000000000000007993820E4
:109580008EE4010000000000000000000000000068
:109590000DFF1A0000000000000000000390DEE054
:1095A000E2FF200000000000000000004FE010007B
:1095B00005FF2000000000000000000053DF0E0146
:1095C00070FF200000000000000000000496EAE1A7
:1095D00090F520000000000000000000E8400000BE
:1095E000000000000000000000000000E840000053
:1095F000000000000000000000000000E840000043
:10960000000000000000000000000000E87BD2FB2A
:10961000D34800000000000000000000E8ED4F1EED
:1096200074F92D000000000000000000E86C00004C
:1096300000AC90000000000000000000E8410000C5
:10964000007FAE000000000000000000E86D000098
:1096500000AD90000000000000000000E8ED4F1E8B
:1096600075F92C000000000000000000E86FD2FC3B
:10967000D348000000000000000000000024B7F8FC
:10968000ED8A030000000000000000000CE19D24B2
:109690003BD0360000000000000000005EDA02004F
:1096A0000002000000000000000000007EAE00008C
:1096B0000000000000000000000000005DDA030070
:1096C0000002000000000000000000000BE09D24EC
:1096D0003BCF380000000000000000000022B7F877
:1096E000ED88030000000000000000000000000002
:1096F0000010FF1800000000000000000000000043
:109700000010FF1800000000000000000000000032
:109710000010FF180000000000000000002BC1FA3C
:10972000E06AFF1800000000000000000FE89A2324
:109730003BD9FF18000000000000000060DA0200C2
:10974000003CFF1800000000000000007EAF000099
:10975000000FFF18000000000000000060DB0300A5
:10976000003EFF1800000000000000000EE89B23F0
:109770003BD7FF180000000000000000002BC1FBD9
:10978000E260FF180000000000000000002BC1FB99
:10979000E266000000000000000000000EE87D18F6
:1097A00043E84B00000000000000000060C700001C
:1097B0000066B20000000000000000007EF6D8D86D
:1097C000D8DEC40000000000000000005ED00100F0
:1097D0000000000000000000000000000CE19A25DD
:1097E0002B992A0000000000000000000023B7F7BA
:1097F000F19F0E0000000000000000000022D2FBDC
:10980000750000000000000000000000009D9F1196
:109810001D000000000000000000000000BB65000B
:10982000000000000000000000000000D0FFFFFF6B
:109830003C000000000000000000000007BF6E08B0
:1098400002000000000000000000000000BC6800F2
:1098500000000000000000000000000000BC6800E4
:1098600000000000000000000000000000BC6800D4
:1098700000000000000000000000000000BC6800C4
:1098800000000000000000000000000000BC6800B4
:10989000000000000000000000000000002ABFFAE5
:1098A000E467EC2C00000000000000000EE59015BD
:1098B00026C2FE2C000000000000000060D801005D
:1098C0000023FF2C00000000000000007EB000001C
:1098D0000000FF2C00000000000000005EDD04001E
:1098E000002AFF2C00000000000000000DE4A32966
:1098F0003AD0FF2C00000000000000000028BFFB51
:10990000E262FB29000000000000000000010000EE
:10991000001DFF11000000000000000007C35D20D3
:109920002EB7B9000000000000000000026DD2FA5E
:10993000F2AB16000000000000000000E84000004C
:10994000000000000000000000000000E8400000EF
:10995000000000000000000000000000E8400000DF
:10996000000000000000000000000000E881D4FDBD
:10997000D03100000000000000000000E8E5472AA8
:10998000A7D800000000000000000000E86600000A
:109990001DFF17000000000000000000E84200006A
:1099A00008FF20000000000000000000E840000068
:1099B00008FF20000000000000000000E840000058
:1099C00008FF20000000000000000000E840000048
:1099D00008FF200000000000000000000CE850001C
:1099E000000000000000000000000000038C2900BF
:1099F0000000000000000000000000000000000067
:109A000000000000000000000000000000E840002E
:109A100000000000000000000000000000E840001E
:109A200000000000000000000000000000E840000E
:109A300000000000000000000000000000E84000FE
:109A400000000000000000000000000000E84000EE
:109A500000000000000000000000000000E84000DE
:109A600000000000000000000000000000E84000CE
:109A7000000000000000000000000000000003E300
:109A80005F000000000000000000000000000087F0
:109A90003200000000000000000000000000000094
:109AA000000000000000000000000000000000D8DE
:109AB0004C0000000000000000000000000000D882
:109AC0004C0000000000000000000000000000D872
:109AD0004C0000000000000000000000000000D862
:109AE0004C0000000000000000000000000000D852
:109AF0004C0000000000000000000000000000D842
:109B00004C0000000000000000000000000000D831
:109B10004C0000000000000000000000000000D920
:109B20004B0000000000000000000000002927F6A4
:109B30002D000000000000000000000005DBF79091
:109B4000000000000000000000000000E8400000ED
:109B5000000000000000000000000000E8400000DD
:109B6000000000000000000000000000E8400000CD
:109B7000000000000000000000000000E840000AB3
:109B8000BEA402000000000000000000E84009BD83
:109B9000B50500000000000000000000E849BBC857
:109BA000090000000000000000000000E8E2F1D41D
:109BB000090000000000000000000000E8C617D8FF
:109BC000940000000000000000000000E841002EAA
:109BD000F74D00000000000000000000E840000019
:109BE0006BEA19000000000000000000E8400000DF
:109BF000000000000000000000000000E84000003D
:109C0000000000000000000000000000E84000002C
:109C1000000000000000000000000000E84000001C
:109C2000000000000000000000000000E84000000C
:109C3000000000000000000000000000E8400000FC
:109C4000000000000000000000000000E8400000EC
:109C5000000000000000000000000000E8400000DC
:109C6000000000000000000000000000E8400000CC
:109C7000000000000000000000000000E8400000BC
:109C8000000000000000000000000000E87EDAFB99
:109C9000C22694F0F492030000000000E8DD331EB9
:109CA000BBF7AA1E37EA600000000000E86200006F
:109CB00045FF150000919F0000000000E8410000F2
:109CC00034F500000080A80000000000E84000001B
:109CD00034F400000080A80000000000E84000000C
:109CE00034F400000080A80000000000E8400000FC
:109CF00034F400000080A80000000000E87AD6FDDF
:109D0000D03100000000000000000000E8DF381A39
:109D10009BD800000000000000000000E862000086
:109D20001AFF17000000000000000000E8410000DA
:109D300008FF20000000000000000000E8400000D4
:109D400008FF20000000000000000000E8400000C4
:109D500008FF20000000000000000000E8400000B4
:109D600008FF200000000000000000000025BBF8F4
:109D7000EB8B050000000000000000000CE29A23BD
:109D80003BD7900000000000000000005EDA0200F7
:109D9000003BF60500000000000000007EAF000060
:109DA000000FFF1A00000000000000005DDB030050
:109DB000003BF50500000000000000000BE09B23C5
:109DC0003BD78C0000000000000000000023B9F821
:109DD000EB8904000000000000000000E872D3FCE2
:109DE000D34800000000000000000000E8ED4F1E16
:109DF00074F92D000000000000000000E86C000075
:109E000000AC90000000000000000000E8410000ED
:109E1000007FAE000000000000000000E86D0000C0
:109E200000AD90000000000000000000E8EE4F1EB2
:109E300075F92C000000000000000000E879D1FC5A
:109E4000D34800000000000000000000E8400000CF
:109E5000000000000000000000000000E8400000DA
:109E6000000000000000000000000000E8400000CA
:109E7000000000000000000000000000002BC1FAFC
:109E8000E262FF1800000000000000000FE89A23C3
:109E90003BD7FF18000000000000000060DA02005D
:109EA000003BFF1800000000000000007EAF000033
:109EB000000FFF18000000000000000060DB03003E
:109EC000003FFF1800000000000000000EE89B2388
:109ED0003BD9FF180000000000000000002BC1FB70
:109EE000E067FF1800000000000000000000000014
:109EF0000010FF180000000000000000000000003B
:109F00000010FF180000000000000000000000002A
:109F10000010FF180000000000000000E875D68364
:109F2000000000000000000000000000E8E65116FC
:109F3000000000000000000000000000E86A0000CF
:109F4000000000000000000000000000E8430000E6
:109F5000000000000000000000000000E8400000D9
:109F6000000000000000000000000000E8400000C9
:109F7000000000000000000000000000E8400000B9
:109F80000000000000000000000000000799F1F947
:109F9000CB310000000000000000000068D42B1C42
:109FA00061130000000000000000000075D42801CB
:109FB0000000000000000000000000000FA5F4ED0C
:109FC000A516000000000000000000000000032CA7
:109FD000BE93000000000000000000005167222036
:109FE000B88E000000000000000000004BC6F8F52D
:109FF000A91200000000000000000000005E340014
:10A0000000000000000000000000000000BC68002C
:10A01000000000000000000000000000D0FFFFFF73
:10A020003C000000000000000000000007BF6E08B8
:10A0300002000000000000000000000000BC6800FA
:10A0400000000000000000000000000000BC6800EC
:10A0500000000000000000000000000000BC6800DC
:10A0600000000000000000000000000000A6A21890
:10A070001E0000000000000000000000002FDAF8C1
:10A08000700000000000000000000000F830000038
:10A0900020FF04000000000000000000F830000075
:10A0A00020FF04000000000000000000F830000065
:10A0B00020FF04000000000000000000F830000055
:10A0C00022FF04000000000000000000EF45000037
:10A0D00046FF04000000000000000000AEC4303B5A
:10A0E000D4FF040000000000000000001BBAFAE3E7
:10A0F0006CFF0400000000000000000000D55E00BE
:10A1000000009B850000000000000000006FC100FF
:10A11000000DF22200000000000000000011F726F0
:10A120000066BA0000000000000000000000A289E4
:10A1300000CB5300000000000000000000003CE8DD
:10A1400036E805000000000000000000000000D616
:10A15000DB89000000000000000000000000006F2C
:10A16000FF2400000000000000000000C1530000B8
:10A170003CFD1600007C8D00000000006BA8000074
:10A1800094F8690000D336000000000017F10904BC
:10A19000E871C0002ADD01000000000000BE51454A
:10A1A000C408EF1980880000000000000068A79E26
:10A1B0006B00A26CD8310000000000000016EFEC2C
:10A1C000160049E4DA000000000000000000BCB9FD
:10A1D000000004EC84000000000000005EDE0D00C2
:10A1E00049E51300000000000000000000AE9A13D3
:10A1F000E448000000000000000000000013E7CE6B
:10A20000930000000000000000000000000086FF36
:10A210001E00000000000000000000000022EDB45D
:10A22000B1000000000000000000000003C47E0A2E
:10A23000D966000000000000000000007AC9040098
:10A2400037F12500000000000000000000D75C008E
:10A250000000988600000000000000000074BC00B0
:10A260000008EF2500000000000000000015F921A3
:10A270000058C10000000000000000000000AD8098
:10A2800000B95F00000000000000000000004ADF8D
:10A290001DEF0A000000000000000000000003E4C1
:10A2A000BB990000000000000000000000000084D6
:10A2B000FF37000000000000000000000000005711
:10A2C000D4000000000000000000000001531FC97E
:10A2D00069000000000000000000000017D4F9A48D
:10A2E00004000000000000000000000074FFFFFFF9
:10A2F000FFB5000000000000000000000408082E68
:10A30000F33D00000000000000000000000006CE49
:10A310007E000000000000000000000000008EBF72
:10A32000030000000000000000000000004AEA1ADC
:10A330000000000000000000000000001AEA5208BF
:10A3400008070000000000000000000080FFFFFF81
:10A35000FFD000000000000000000000000000002E
:10A360000000000000004003000000000000200A80
:10A370000A09000090000007070700010001A0047F
:10A38000040200022001C002030200004001400458
:10A39000060DFFFF1002000808090000A00270046B
:10A3A000040900003003E00607090000C003E006CE
:10A3B000070900005004000808090000E004E00656
:10A3C0000709000070056007080900000006300753
:10A3D000070900009006C007080900002007600771
:10A3E00007090000B007D0080A09FF00400810095B
:10A3F00008090100D0089008090900006009F00967
:10A4000009090100F009100807090100800AA007E6
:10A4100007090100100B400909090000A00BC00941
:10A4200008090100300CC00302090100C00C20061D
:10A430000609FF00500DA00808090100E00D2007E3
:10A4400007090100700E700B0A090100000FC00916
:10A4500008090100900F100A0A0900002010B00836
:10A4600008090100B010100A0A0C00FD7011C008A4
:10A470000809010000127007070900009012100778
:10A48000070900002013800908090100B013900893
:10A490000A09FF004014800D0E090000D0141008B6
:10A4A000080900006015C0070909FF00F015E00762
:10A4B000080900008016300707070000F016300872
:10A4C000070A01009017E00607070000001830088F
:10A4D000080A0000A01860070707000010194004D0
:10A4E000050A0000B0194008080A00FD501A30089B
:10A4F000070A0100F01A6003030A0000901B7003B2
:10A50000050DFEFD601C6007070A0100001D6003C9
:10A51000020A0100A01DB00C0B070100101E30083C
:10A5200007070100801EA00708070000F01E300882
:10A53000070A01FD901F3008080A00FD3020F004D2
:10A5400004070100A0200006060700001021F00407
:10A5500005090000A0212008070701001022B0060D
:10A560000807FF008022D00A0B070000F022A00697
:10A57000070700006023B006080AFFFD002440061C
:10A5800006070000000005000B000000200000008E
:10A590000C00010084A50408000000000300030073
:10A5A0002D0000000D00040000000000000000006D
:10A5B00000000200410000001A001100000000002D
:10A5C0000000000000000200610000001A002B00E3
:10A5D000000000000000000000000200EC7E040803
:10A5E0005CA304088CA5040800000000000004100F
:10A5F00010000000D7050208A501020800000000B5
:10A600000F0000000400000008FF0100DCA50408A2
:10A610005C5B0408000000000191C8CC440000000D
:10A62000A07000000000000050A60015DC01004CE6
:10A63000C30200000000000079710000D90C13DD96
:10A64000250000000000000047BD062DD800A570C1
:10A650000000000000000000007ED9CB3650C34847
:10A66000D1D14700000000000000000013DE2EDE04
:10A670001E1FDF0B0000000000000000A56F3AAEB7
:10A680000000AE3E0000000000000050C2023CA8E6
:10A690000000A83F00000000000013DD24000CD8DB
:10A6A0000C0CDA0D000000000000A76D0000005443
:10A6B000CFCF5500000000000000006B89000000B3
:10A6C000000000000000000000000084A80000005E
:10A6D000000000000000000000000084A80000004E
:10A6E000000000000000000010FFFFFFFFFFFF342C
:10A6F00000000000000000000330309CBA30300A37
:10A70000000000000000000000000084A80000001D
:10A7100000000000000000000000005B740000006A
:10A72000000000000000000002080808050000000A
:10A73000000000000000000034FFFFFF9000000058
:10A7400000000000000000000B3838382000000036
:10A7500000000000000000000005000000000000F4
:10A76000000000000000000037FA5B00000000005D
:10A77000000000000000000031F254000000000062
:10A7800000000000000000000000000004EB490091
:10A7900000000000000000000000000043EF060081
:10A7A00000000000000000000000000098A0000071
:10A7B000000000000000000000000003E94D000060
:10A7C000000000000000000000000040F107000051
:10A7D000000000000000000000000095A300000041
:10A7E0000000000000000000000002E84E00000031
:10A7F000000000000000000000003FF20700000021
:10A800000000000000000000000093A50000000010
:10A8100000000000000000000002E65100000000FF
:10A820000000000000000000003CF30900000000F0
:10A8300000000000000000000091A70000000000E0
:10A84000000000000000000001E5530000000000CF
:10A8500000000000000000003AF5090000000000C0
:10A86000000000000000000000004ECEFBE6850660
:10A8700000000000000000000051FEA95A7FF4A86B
:10A88000000000000000000002E0AB00000053FFE9
:10A890003A000000000000002EFF4200000001E925
:10A8A00086000000000000004EFF1B00000000C3F7
:10A8B000A6000000000000004EFF1B00000000C3C7
:10A8C000A6000000000000002DFF4200000001E98A
:10A8D000860000000000000002DEAB00000053FF15
:10A8E00039000000000000000050FEAC5E81F4A7BB
:10A8F000000000000000000000004DCEFBE68306D3
:10A900000000000000000000E4FFFFB400000000B1
:10A910000000000000000000444CC7B4000000002C
:10A9200000000000000000000000ACB400000000C7
:10A9300000000000000000000000ACB400000000B7
:10A9400000000000000000000000ACB400000000A7
:10A9500000000000000000000000ACB40000000097
:10A9600000000000000000000000ACB40000000087
:10A9700000000000000000000000ACB40000000077
:10A9800000000000000000000000ACB40000000067
:10A9900000000000000000000000ACB40000000057
:10A9A0000000000000000000077DD7FCF2AD1E0093
:10A9B00000000000000000008DED845873EAD30110
:10A9C0000000000000000000091D0000005BFF1CEB
:10A9D000000000000000000000000000005CFC0E11
:10A9E0000000000000000000000000000ED5A000E4
:10A9F00000000000000000000000000FC6CA0D00AB
:10AA00000000000000000000000014CDC70F00008F
:10AA100000000000000000000019D4C10E0000007A
:10AA200000000000000000001FDCE9564C4C4C2BDD
:10AA300000000000000000007CFFFFFFFFFFFF9010
:10AA400000000000000000007CFFFFFFFFFFFC0093
:10AA50000000000000000000254C4C4C66FB9300F9
:10AA600000000000000000000000000ACCB9040053
:10AA70000000000000000000000002ACD510000043
:10AA80000000000000000000000039FFF9BD3200A6
:10AA9000000000000000000000000C354FC5EE1261
:10AAA000000000000000000000000000001AFF5439
:10AAB0000000000000000000200500000027FF4EFD
:10AAC0000000000000000000BDDA7E5C72DEE109DB
:10AAD00000000000000000001E96E0FCEFAC21002A
:10AAE0000000000000000000000000000BD2A901DF
:10AAF000000000000000000000000001AAD20B00CE
:10AB000000000000000000000000007AEE210000BC
:10AB1000000000000000000000004CFA45001C0A84
:10AB200000000000000000000028F1730000FC5845
:10AB3000000000000000000010DAAD0C0C0CFD61FC
:10AB40000C0200000000000074FFFFFFFFFFFFFF8A
:10AB5000FF340000000000001C3C3C3C3C40FF80F7
:10AB60003C0C000000000000000000000004FF5842
:10AB70000000000000000000000000000004FF587A
:10AB800000000000000000000095FFFFFFFFFF0035
:10AB9000000000000000000000AEBC4C4C4C4C001B
:10ABA000000000000000000000C786000000000058
:10ABB000000000000000000000E0770B0100000032
:10ABC000000000000000000001F9FFFFFAC4470088
:10ABD0000000000000000000023C3C3F58B9FC2F80
:10ABE0000000000000000000000000000005EE80F2
:10ABF0000000000000000000140C0000000BF27ABE
:10AC0000000000000000000091E6885D69CBF4229E
:10AC100000000000000000001084D7FBF4BD3500E8
:10AC2000000000000000000000002CADEDFCDD6421
:10AC300000000000000000000038F6C9624C7145B9
:10AC4000000000000000000000D0BF050000000070
:10AC5000000000000000000026FF48000100000086
:10AC600000000000000000004CFF4DC0FAF6B121CA
:10AC7000000000000000000050FFEF773A53D2DCE4
:10AC8000050000000000000035FF8500000031FFD6
:10AC9000390000000000000005EB8600000034FFD2
:10ACA00033000000000000000065F97B3F56D8CD5E
:10ACB000020000000000000000005AD0FBEEA115C9
:10ACC000000000000000000094FFFFFFFFFFFFD026
:10ACD000000000000000000094D64C4C4C4EF19A4D
:10ACE000000000000000000094C40000004EFF2996
:10ACF00000000000000000000C0F000000BFB700C3
:10AD000000000000000000000000000032FF4600CC
:10AD1000000000000000000000000000A3D50100BA
:10AD200000000000000000000000001BFB630000AA
:10AD3000000000000000000000000086EA0800009B
:10AD4000000000000000000000000BEF8200000087
:10AD5000000000000000000000006AF91700000079
:10AD6000000000000000000000159BE9FEE99B15B3
:10AD7000000000000000000000C1E15E3A5EDEC29B
:10AD8000000000000000000004FF670000005FFFFB
:10AD9000070000000000000000CCBF200020BAD057
:10ADA00000000000000000000044FFFFFFFFFF461E
:10ADB000000000000000000013EDAC1F001FAAED12
:10ADC00015000000000000005AFF130000000FFFF4
:10ADD0005D0000000000000052FF2800000025FF79
:10ADE00056000000000000000BE0D85B3A5BD8E2A0
:10ADF0000C00000000000000001DA3EAFEEAA21EF5
:10AE00000000000000000000003CC3F9F2B52C0077
:10AE100000000000000000002BF8AB4649B1EE1F17
:10AE2000000000000000000088DD02000003DF9643
:10AE3000000000000000000094D100000000D3D901
:10AE400000000000000000004CFF76101786FFF4A1
:10AE500000000000000000000079F6FFFFCA94F037
:10AE6000000000000000000000000B2F1F00A1C91F
:10AE70000000000000000000000000000027F57244
:10AE8000000000000000000000785E527FEDC70760
:10AE9000000000000000000004AAEEFCDD850B00AD
:10AEA00000000000000000000000000000CEF613CB
:10AEB0000000000000000000000000003EFAE07A00
:10AEC000000000000000000000000000B2A36BE6DC
:10AED000060000000000000000000024FE360DF116
:10AEE0005E0000000000000000000094C700009019
:10AEF000D000000000000000000011F55A000024FE
:10AF0000FE42000000000000000077FFFFFFFFFF8F
:10AF1000FFB50000000000000005E4903030303044
:10AF200062FF270000000000005AF917000000002F
:10AF300001D89A000000000000CBA2000000000031
:10AF4000006AF7140000000088FFFFFFFFF5C850FB
:10AF5000000000000000000088E734343446AFFDF4
:10AF60002B0000000000000088E0000000000EFF41
:10AF70005A0000000000000088E0000000127FF48A
:10AF80001F0000000000000088FFFFFFFFFFFF8F91
:10AF9000010000000000000088E83030303876F80A
:10AFA000730000000000000088E00000000000992D
:10AFB000D40000000000000088E000000000009ABB
:10AFC000D90000000000000088E73838383F7BF9DE
:10AFD000880000000000000088FFFFFFFFFBDD7F0E
:10AFE000040000000000000000000A7AD6FBF3C055
:10AFF0004D000000000000000014D1F6955C62A72F
:10B00000FE5300000000000000ABEA280000000032
:10B0100036030000000000001CFF65000000000077
:10B0200000000000000000004CFF1E0000000000B7
:10B0300000000000000000004CFF1E0000000000A7
:10B0400000000000000000001CFF6600000000007F
:10B05000000000000000000000ABEB2B000000002F
:10B060003B050000000000000015D3F7986066ADB6
:10B07000FF5400000000000000000B7CD6FBF3BF73
:10B080004B0000000000000088FFFFFFFFEEB84704
:10B09000000000000000000088EA4C4C4D65B7FF3E
:10B0A000850000000000000088E000000000007241
:10B0B000FF4600000000000088E0000000000000E3
:10B0C000CEB000000000000088E00000000000009A
:10B0D0008EDD00000000000088E00000000000009D
:10B0E0008FDC00000000000088E00000000000008D
:10B0F000CFAE00000000000088E0000000000074F7
:10B10000FF4500000000000088EA4C4C4D66BAFF85
:10B11000850000000000000088FFFFFFFFEEB84739
:10B12000000000000000000088FFFFFFFFFFFF6439
:10B13000000000000000000088EA4C4C4C4C4C1E03
:10B14000000000000000000088E000000000000097
:10B15000000000000000000088E20808080806005F
:10B16000000000000000000088FFFFFFFFFFC80094
:10B17000000000000000000088E8383838382C0053
:10B18000000000000000000088E000000000000057
:10B19000000000000000000088E000000000000047
:10B1A000000000000000000088EA4C4C4C4C4C2C85
:10B1B000000000000000000088FFFFFFFFFFFF9479
:10B1C000000000000000000088FFFFFFFFFFFF6499
:10B1D000000000000000000088EA4C4C4C4C4C1E63
:10B1E000000000000000000088E0000000000000F7
:10B1F000000000000000000088E0000000000000E7
:10B20000000000000000000088E30C0C0C0C09009A
:10B21000000000000000000088FFFFFFFFFFC800E3
:10B22000000000000000000088E83C3C3C3C2F008F
:10B23000000000000000000088E0000000000000A6
:10B24000000000000000000088E000000000000096
:10B25000000000000000000088E000000000000086
:10B26000000000000000000000000878D2F9F6C6D7
:10B270005D000000000000000013D0F7985D5E9FA5
:10B28000FA6C00000000000000ABEB290000000099
:10B290002E090000000000001CFF650000000000F7
:10B2A00000000000000000004CFF1E000000000035
:10B2B0000C0A0000000000004CFF1F00000000000E
:10B2C000BC9C0000000000001CFF680000000000A3
:10B2D000BC9C00000000000000ABED2F000000004F
:10B2E000BD9C0000000000000014D1F79A61649C2E
:10B2F000F88B00000000000000000A7AD5FBF6C7BA
:10B30000660300000000000088E0000000000080EC
:10B31000E40000000000000088E000000000008061
:10B32000E40000000000000088E000000000008051
:10B33000E40000000000000088E30C0C0C0C0C86FC
:10B34000E40000000000000088FFFFFFFFFFFFFF98
:10B35000E40000000000000088E83C3C3C3C3C9ECF
:10B36000E40000000000000088E000000000008011
:10B37000E40000000000000088E000000000008001
:10B38000E40000000000000088E0000000000080F1
:10B39000E40000000000000088E0000000000080E1
:10B3A000E40000000000000088E000000000000051
:10B3B000000000000000000088E000000000000025
:10B3C000000000000000000088E000000000000015
:10B3D000000000000000000088E000000000000005
:10B3E000000000000000000088E0000000000000F5
:10B3F000000000000000000088E0000000000000E5
:10B40000000000000000000088E0000000000000D4
:10B41000000000000000000088E0000000000000C4
:10B42000000000000000000088E0000000000000B4
:10B43000000000000000000088E0000000000000A4
:10B4400000000000000000000020FFFFFFFFCC0014
:10B450000000000000000000000A4C4C4CB7CC007B
:10B460000000000000000000000000000098CC0078
:10B470000000000000000000000000000098CC0068
:10B480000000000000000000000000000098CC0058
:10B490000000000000000000000000000098CC0048
:10B4A0000000000000000000000000000099CB0038
:10B4B0000000000000000000002C010000B3B900F3
:10B4C000000000000000000005E8AE547AFD6F00A7
:10B4D0000000000000000000003AC5FBEB8A0400F9
:10B4E000000000000000000088E0000000004EF8AE
:10B4F000530000000000000088E000000045F864F0
:10B50000000000000000000088E000003CF676002B
:10B51000000000000000000088E00033F186000019
:10B52000000000000000000088E02CEDD2010000C7
:10B53000000000000000000088F0E7D2FF69000072
:10B54000000000000000000088FFB7078CFA3C00F4
:10B55000000000000000000088F0090002B2E91DB0
:10B56000000000000000000088E00000000CCFCDCB
:10B57000090000000000000088E0000000001DE657
:10B58000A30000000000000088E0000000000000B0
:10B59000000000000000000088E000000000000043
:10B5A000000000000000000088E000000000000033
:10B5B000000000000000000088E000000000000023
:10B5C000000000000000000088E000000000000013
:10B5D000000000000000000088E000000000000003
:10B5E000000000000000000088E0000000000000F3
:10B5F000000000000000000088E0000000000000E3
:10B60000000000000000000088EA4C4C4C4C4C0D3F
:10B61000000000000000000088FFFFFFFFFFFF2C7C
:10B62000000000000000000088E20A0000000000A6
:10B63000008EE4000000000088FF80000000000091
:10B6400028FBE4000000000088F5F720000000005F
:10B65000B8F1E4000000000088D0ACAC0000004B62
:10B66000EF87E4000000000088D021F7430006D9EE
:10B670006E74E4000000000088D00085D40473D903
:10B680000574E7000000000088D0000CE685F14A50
:10B690000072E8000000000088D000005EFFB900E2
:10B6A0000070E8000000000088D0000001A72A0018
:10B6B0000070E8000000000088D0000000000000DA
:10B6C0000070E8000000000088E81800000000801A
:10B6D000E40000000000000088FFBD0300000080BF
:10B6E000E40000000000000088E9D981000000802B
:10B6F000E40000000000000088E02EF54600008015
:10B70000E40000000000000088E00064EA1A008005
:10B71000E40000000000000088E00000A4C10380F5
:10B72000E40000000000000088E000000CD88580E4
:10B73000E40000000000000088E00000002DF3C3DA
:10B74000E40000000000000088E00000000061FF4D
:10B75000E40000000000000088E00000000000A0FD
:10B76000E40000000000000000000878D2FAF6C5EE
:10B770005C010000000000000012CFF6935B62AB9A
:10B78000FEA602000000000000AAEB290000000055
:10B7900053FE6F00000000001AFE6500000000006C
:10B7A00000A4DE00000000004CFF1E0000000000AE
:10B7B000005AFF10000000004CFF1E0000000000B7
:10B7C000005BFF10000000001AFE67000000000090
:10B7D00000A5DE000000000000AAEC2C0000000024
:10B7E00056FE6F00000000000012CFF7985F66AFB2
:10B7F000FFA602000000000000000878D2FAF6C59B
:10B800005C0100000000000088FFFFFFFDE08C0CE1
:10B81000000000000000000088EB4C4C517FF1BF9D
:10B82000010000000000000088E0000000004AFF66
:10B83000380000000000000088E00000000009FF60
:10B840005C0000000000000088E0000000002EFF07
:10B85000460000000000000088E30C0C1040D2DD20
:10B86000060000000000000088FFFFFFFFFFC32468
:10B87000000000000000000088E83C3C391B00008C
:10B88000000000000000000088E000000000000050
:10B89000000000000000000088E000000000000040
:10B8A000000000000000000000000878D2FAF6C591
:10B8B0005C010000000000000012CFF6935B62AB59
:10B8C000FEA602000000000000AAEB290000000014
:10B8D00053FE6F00000000001AFE6500000000002B
:10B8E00000A4DE00000000004CFF1E00000000006D
:10B8F000005AFF10000000004CFF1F000000000075
:10B90000005CFF10000000001AFE6900000000004B
:10B9100000A7DE000000000000AAEE2F00000000DB
:10B9200059FE6F00000000000012CFF7985F66AF6D
:10B93000FFA602000000000000000878D2FDFFCE44
:10B940005C01000000000000000000000020E4CBCB
:10B9500026109842000000000000000000001FBFF9
:10B96000FFFFD626000000000000000000000000DD
:10B970001E2601000000000088FFFFFFFDDE890B8E
:10B98000000000000000000088EB4C4C517FF1BF2C
:10B99000010000000000000088E0000000004AFFF5
:10B9A000390000000000000088E00000000009FFEE
:10B9B0005C0000000000000088E0000000002EFF96
:10B9C000460000000000000088E208080C3CD0DDC2
:10B9D000060000000000000088FFFFFFFFFFC724F3
:10B9E000000000000000000088E8383839CDAE01C2
:10B9F000000000000000000088E000000023F26D5D
:10BA0000000000000000000088E0000000005AF97B
:10BA100033000000000000000018A0E9FEE8AA358D
:10BA2000000000000000000002D1DE664660AC7934
:10BA3000000000000000000028FF4400000000019A
:10BA4000000000000000000015FD7F010000000064
:10BA50000000000000000000006AF7DC94510B00B9
:10BA6000000000000000000000001460A0E9EF5496
:10BA7000000000000000000000000000000597F634
:10BA80000A0000000000000002220000000052FF37
:10BA9000180000000000000041F89E5B4C6DE3C000
:10BAA00000000000000000000051B9F0FEE4941115
:10BAB0000000000000000000F0FFFFFFFFFFFFFF9D
:10BAC0002800000000000000474C4CB4DB4C4C4CFC
:10BAD0000C0000000000000000000094CC000000FA
:10BAE000000000000000000000000094CC000000F6
:10BAF000000000000000000000000094CC000000E6
:10BB0000000000000000000000000094CC000000D5
:10BB1000000000000000000000000094CC000000C5
:10BB2000000000000000000000000094CC000000B5
:10BB3000000000000000000000000094CC000000A5
:10BB4000000000000000000000000094CC00000095
:10BB500000000000000000009CC80000000000B0D1
:10BB6000AC000000000000009CC80000000000B015
:10BB7000AC000000000000009CC80000000000B005
:10BB8000AC000000000000009CC80000000000B0F5
:10BB9000AC000000000000009CC80000000000B0E5
:10BBA000AC000000000000009CC90000000000B1D3
:10BBB000AB000000000000008CE00000000000C8A6
:10BBC0009C0000000000000053FF3F00000029FD22
:10BBD000630000000000000004C9F1855D7DE9D527
:10BBE0000900000000000000001093E7FEE99B152B
:10BBF000000000000000000000CDB70000000000C1
:10BC000000A2C60000000000005EFE26000000004A
:10BC100017FA5600000000000007EA92000000003A
:10BC200082E5050000000000000082F30D0000071F
:10BC3000E97A000000000000000019FB6F00005EC0
:10BC4000F815000000000000000000A5DB0200CD98
:10BC50009E0000000000000000000036FF4A3AFF8E
:10BC6000320000000000000000000000C8B8AAC2B6
:10BC700000000000000000000000000059FFFC561A
:10BC800000000000000000000000000005E5E304E3
:10BC9000000000000000000063FC1200000001DF53
:10BCA000BF000000002FFF2713FC6200000036FFDA
:10BCB000FD1700000083D20000BCB50000008DC05D
:10BCC000EA68000000D87F000068F90F0001E36710
:10BCD00099BD00002CFF2B000017FD5D003CFC15FA
:10BCE00044FD160081D800000000C0B10091BC00E6
:10BCF00004EB6800D584000000006DF70FE66500D6
:10BD00000099BD2AFF31000000001BFE97FC1300C4
:10BD10000044FC94DD000000000000C6FFB90000F4
:10BD20000004EBFF8900000000000072FF630000C8
:10BD300000009AFF3600000041FE5B0000000BD9B6
:10BD4000A1000000000000000088F120000099DD43
:10BD50000E000000000000000006CDC50351FC38B5
:10BD60000000000000000000000027F595ED7D00B8
:10BD700000000000000000000000006EFFC903008A
:10BD8000000000000000000000000097FFEB1A0018
:10BD9000000000000000000000004FFE4CD6BB0178
:10BDA0000000000000000000001AED8D002EF97365
:10BDB000000000000000000002BCD307000071F981
:10BDC000300000000000000075F92D00000001BBEC
:10BDD000D70A00000000000001C3BC000000000002
:10BDE00091CE030000000000002EFC550000002E44
:10BDF000FA39000000000000000092E30B0001C3CC
:10BE00009E0000000000000000000FE986005DF0C9
:10BE100016000000000000000000005EF934E86D2C
:10BE2000000000000000000000000001C4F4D10385
:10BE300000000000000000000000000044FF50006F
:10BE400000000000000000000000000028FF380093
:10BE500000000000000000000000000028FF380083
:10BE600000000000000000000000000028FF380073
:10BE700000000000000000004CFFFFFFFFFFFFFF7D
:10BE80009C00000000000000174C4C4C4C4CADFBDB
:10BE90003E0000000000000000000000003DFB6EBE
:10BEA0000000000000000000000000001BE9A300EB
:10BEB000000000000000000000000007C9CE0900DB
:10BEC00000000000000000000000009DEC1F0000CA
:10BED000000000000000000000006AFD46000000B5
:10BEE0000000000000000000003CFA7600000000A6
:10BEF00000000000000000001BE7D94D4C4C4C4CEA
:10BF00003D0000000000000064FFFFFFFFFFFFFF97
:10BF1000CC00000000000000005ECAF9F4B620006A
:10BF2000000000000000000002B0764354D8CC00AE
:10BF30000000000000000000000000000049FF16A3
:10BF40000000000000000000004CC8E9ECF1FF28F0
:10BF500000000000000000001BFA82211C49FF289D
:10BF6000000000000000000048FF10000045FF280E
:10BF700000000000000000001BFA780A31D6FF28FC
:10BF800000000000000000000052DBFCD86EFF281B
:10BF90000000000000000000B8A000000000000049
:10BFA0000000000000000000B8A000000000000039
:10BFB0000000000000000000B8A000000000000029
:10BFC0000000000000000000B8A485EBF9C63F00A7
:10BFD0000000000000000000B8F9CF574DB2FA3859
:10BFE0000000000000000000B8ED11000002C5B61E
:10BFF0000000000000000000B8AC0000000070EC81
:10C000000000000000000000B8AC0000000073EB6E
:10C010000000000000000000B8ED12000003C8B5E9
:10C020000000000000000000B8F5D15B51B5FA38FF
:10C030000000000000000000B89485EBF9C73F0045
:10C04000000000000000000000047ADFFDDE6F0049
:10C050000000000000000000009AF4774580FA4ECE
:10C06000000000000000000027FF5700000027002C
:10C0700000000000000000005FFB05000000000061
:10C0800000000000000000005EFB05000000000052
:10C09000000000000000000025FF590000002A01F8
:10C0A00000000000000000000098F57A4882FA4D78
:10C0B0000000000000000000000377DEFEDD6900E4
:10C0C000000000000000000000000000000010FF61
:10C0D000480000000000000000000000000010FF09
:10C0E000480000000000000000000000000010FFF9
:10C0F0004800000000000000000687E7FBC94CFF75
:10C10000480000000000000000A6F3754480F3FF23
:10C1100048000000000000002AFF5700000072FFE6
:10C12000480000000000000060FB050000001CFF4C
:10C1300048000000000000005FFB060000001CFF3C
:10C14000480000000000000029FF5A00000073FFB3
:10C15000480000000000000000A6F5784884F1FFC8
:10C160004800000000000000000687E7FBCA3FFF10
:10C170004800000000000000000787E7FCD35600DD
:10C18000000000000000000000A6E35A397AF956CA
:10C19000000000000000000029FF380000007FCFF1
:10C1A000000000000000000060FFF8F8F8F8FAF462
:10C1B00000000000000000005FF20100000000002D
:10C1C000000000000000000026FF4E0000001B00E1
:10C1D0000000000000000000009AF47E496EEA4A68
:10C1E0000000000000000000000378DEFCE5870688
:10C1F0000000000000000000000397F5EE3F000083
:10C2000000000000000000000059F84E4710000038
:10C2100000000000000000000085CC0000000000CD
:10C220000000000000000000CCFFFFFFF000000055
:10C23000000000000000000026A0DC302D000000FF
:10C2400000000000000000000088D0000000000096
:10C2500000000000000000000088D0000000000086
:10C2600000000000000000000088D0000000000076
:10C2700000000000000000000088D0000000000066
:10C2800000000000000000000088D0000000000056
:10C2900000000000000000000088D0000000000046
:10C2A0000000000000000000000684E4FCCF4AE823
:10C2B000600000000000000000A4EF673567E9FAA5
:10C2C00060000000000000002AFF4F0000004FFF48
:10C2D000600000000000000060FB0300000003FF9E
:10C2E00060000000000000005FFD0600000004FF89
:10C2F000600000000000000028FF5D0000005AFF01
:10C30000600000000000000000A2F67D497BEFFE07
:10C310006000000000000000000583E4FCCE44FD46
:10C32000590000000000000000060000000038FF77
:10C330002E0000000000000000C5AA604968E1C0AE
:10C3400000000000000000000035AAE9FDE7981099
:10C350000000000000000000B8A000000000000085
:10C360000000000000000000B8A000000000000075
:10C370000000000000000000B8A000000000000065
:10C380000000000000000000B8A78EECFBC12B00ED
:10C390000000000000000000B8FDBE555CDADF05BB
:10C3A0000000000000000000B8E407000039FF3A78
:10C3B0000000000000000000B8A80000000BFF4FC4
:10C3C0000000000000000000B8A000000008FF50BE
:10C3D0000000000000000000B8A000000008FF50AE
:10C3E0000000000000000000B8A000000008FF509E
:10C3F0000000000000000000B8A000000008FF508E
:10C400000000000000000000CCB0000000000000B0
:10C410000000000000000000AB91000000000000E0
:10C42000000000000000000000000000000000000C
:10C430000000000000000000B8A0000000000000A4
:10C440000000000000000000B8A000000000000094
:10C450000000000000000000B8A000000000000084
:10C460000000000000000000B8A000000000000074
:10C470000000000000000000B8A000000000000064
:10C480000000000000000000B8A000000000000054
:10C490000000000000000000B8A000000000000044
:10C4A0000000000000000000B8A000000000000034
:10C4B0000000000000000000000000B6BE00000008
:10C4C00000000000000000000000009A9E00000034
:10C4D000000000000000000000000000000000005C
:10C4E0000000000000000000000000A8B0000000F4
:10C4F0000000000000000000000000A8B0000000E4
:10C500000000000000000000000000A8B0000000D3
:10C510000000000000000000000000A8B0000000C3
:10C520000000000000000000000000A8B0000000B3
:10C530000000000000000000000000A8B0000000A3
:10C540000000000000000000000000A8B000000093
:10C550000000000000000000000000A8B000000083
:10C560000000000000000000000000ACAD00000072
:10C570000000000000000000025F4AEC7D000000A7
:10C5800000000000000000001FE0FAB30D000000F2
:10C590000000000000000000B8A000000000000043
:10C5A0000000000000000000B8A000000000000033
:10C5B0000000000000000000B8A000000000000023
:10C5C0000000000000000000B8A000000FC9C60A6B
:10C5D0000000000000000000B8A00012CBD0100046
:10C5E0000000000000000000B8A012CEDA16000023
:10C5F0000000000000000000B8B2CEFF680000009C
:10C600000000000000000000B8FFD5B3EE1D0000E0
:10C610000000000000000000B8DF170FDFC20300B9
:10C620000000000000000000B8A0000035FA800003
:10C630000000000000000000B8A000000070FD3FF6
:10C640000000000000000000B8A000000000000092
:10C650000000000000000000B8A000000000000082
:10C660000000000000000000B8A000000000000072
:10C670000000000000000000B8A000000000000062
:10C680000000000000000000B8A000000000000052
:10C690000000000000000000B8A000000000000042
:10C6A0000000000000000000B8A000000000000032
:10C6B0000000000000000000B8A000000000000022
:10C6C0000000000000000000B8A000000000000012
:10C6D0000000000000000000B8A000000000000002
:10C6E0000000000000000000B8A0000000000000F2
:10C6F0000000000000000000B89A98EFF8B219613D
:10C70000D9FCDD5B00000000B8FCAD4358E7E3EC6A
:10C710006240A2FE30000000B8DE04000066FF5E4A
:10C72000000004E781000000B8A70000003FFF23DD
:10C73000000000C397000000B8A00000003CFF1CF0
:10C74000000000C098000000B8A00000003CFF1CE2
:10C75000000000C098000000B8A00000003CFF1CD2
:10C76000000000C098000000B8A00000003CFF1CC2
:10C77000000000C098000000B89993ECFBC12B00AA
:10C780000000000000000000B8FBB2454DD2DF05FC
:10C790000000000000000000B8DF05000033FF3A91
:10C7A0000000000000000000B8A70000000BFF4FD1
:10C7B0000000000000000000B8A000000008FF50CA
:10C7C0000000000000000000B8A000000008FF50BA
:10C7D0000000000000000000B8A000000008FF50AA
:10C7E0000000000000000000B8A000000008FF509A
:10C7F000000000000000000000047EE1FCDA6E0191
:10C800000000000000000000009CF375447FF983E5
:10C81000000000000000000027FF570000006FFA32
:10C8200012000000000000005FFB050000001BFF7D
:10C8300044000000000000005EFB060000001CFF3A
:10C84000420000000000000025FF5A00000072F8BE
:10C8500011000000000000000098F5784883FA807D
:10C86000000000000000000000037CE1FCDA6C0125
:10C870000000000000000000B8958BEBF9C63F00F7
:10C880000000000000000000B8F7CF574DB2FA38A2
:10C890000000000000000000B8ED11000002C5B665
:10C8A0000000000000000000B8A90000000070ECCB
:10C8B0000000000000000000B8AD0000000073EBB5
:10C8C0000000000000000000B8ED12000003C8B531
:10C8D0000000000000000000B8F7D15B51B5FA3845
:10C8E0000000000000000000B8A380E9F9C73F0085
:10C8F0000000000000000000B8A0000000000000E0
:10C900000000000000000000B8A0000000000000CF
:10C910000000000000000000B8A0000000000000BF
:10C920000000000000000000000687E7FBCD43FF89
:10C93000480000000000000000A6F3754480F1FFED
:10C9400048000000000000002AFF5700000071FFAF
:10C95000480000000000000060FB050000001CFF14
:10C9600048000000000000005FFB060000001CFF04
:10C97000480000000000000029FF5A00000074FF7A
:10C98000480000000000000000A6F5784884F3FF8E
:10C990004800000000000000000687E7FBC848FFD1
:10C9A000480000000000000000000000000010FF30
:10C9B000480000000000000000000000000010FF20
:10C9C000480000000000000000000000000010FF10
:10C9D0004800000000000000B89692EC44000000FF
:10C9E0000000000000000000B8F7CB631600000054
:10C9F0000000000000000000B8EA0C000000000089
:10CA00000000000000000000B8AC000000000000C2
:10CA10000000000000000000B8A0000000000000BE
:10CA20000000000000000000B8A0000000000000AE
:10CA30000000000000000000B8A00000000000009E
:10CA40000000000000000000B8A00000000000008E
:10CA500000000000000000000067DAFCECB12100DB
:10CA600000000000000000003DFF793D50A10E00D5
:10CA7000000000000000000067F309000000000053
:10CA8000000000000000000023F0E39B651A000096
:10CA9000000000000000000000176BA2E0F73D005E
:10CAA00000000000000000000100000003D3960019
:10CAB000000000000000000062BC614468F56B00EB
:10CAC000000000000000000030ABECFEE27E02003F
:10CAD00000000000000000000088D00000000000FE
:10CAE00000000000000000000088D00000000000EE
:10CAF0000000000000000000CCFFFFFFF00000007D
:10CB0000000000000000000026A0DC302D00000026
:10CB100000000000000000000088D00000000000BD
:10CB200000000000000000000088D00000000000AD
:10CB300000000000000000000088D000000000009D
:10CB400000000000000000000085D400000000008C
:10CB50000000000000000000005CFC5C55170000B5
:10CB600000000000000000000005A0F7E73B000007
:10CB70000000000000000000CC8C00000028FF3006
:10CB80000000000000000000CC8C00000028FF30F6
:10CB90000000000000000000CC8C00000028FF30E6
:10CBA0000000000000000000CC8C00000028FF30D6
:10CBB0000000000000000000CB8F00000030FF30BC
:10CBC0000000000000000000B4BE00000076FF304E
:10CBD00000000000000000005EFF95507FF1FF3074
:10CBE00000000000000000000076E4FCCC4EFF30A6
:10CBF000000000000000000000D39300000000AD22
:10CC0000A400000000000000006DF00A000019FB05
:10CC10003C00000000000000000FF55E00007DD326
:10CC2000000000000000000000009CC30003E36D52
:10CC30000000000000000000000034FF294EF50F46
:10CC40000000000000000000000000CC8EB59C0039
:10CC5000000000000000000000000064F1FE34004D
:10CC600000000000000000000000000BF1CC0000FC
:10CC70000000000000000000C0880000006DFC14EF
:10CC8000000001DF5400000068DD000000C7FF68FD
:10CC9000000038F20900000014FB340022FD9EC0A1
:10CCA000000092A20000000000B68B007BBF27FDB1
:10CCB0001903E74A00000000005EE101D56400CDE1
:10CCC0006E42ED0500000000000EF766F80F0072DE
:10CCD000C6999900000000000000ADF6AA00001AF5
:10CCE000FCF4400000000000000054FF4E00000073
:10CCF000BEE60200000000004EFB33000072EB199C
:10CD000000000000000000000099D90B2EF94F0030
:10CD10000000000000000000000BD9A1D397000024
:10CD20000000000000000000000033FFDB0A0000EC
:10CD3000000000000000000000004DFFEA180000A5
:10CD400000000000000000000019EA78BDBA0100F0
:10CD5000000000000000000001B8BF021CEF7300DB
:10CD6000000000000000000071EE1C00005AFA32C2
:10CD7000000000000000000000D39300000000ADA0
:10CD8000A4000000000000000069F10B000018FB87
:10CD90003A00000000000000000DF36200007AD0AD
:10CDA0000000000000000000000098CB0002DF68D7
:10CDB000000000000000000000002DFF3248F20CCF
:10CDC0000000000000000000000000C49AB09500C0
:10CDD00000000000000000000000005AF6FC2C00DB
:10CDE000000000000000000000000007EBC300008E
:10CDF00000000000000000000000000BF05A0000DE
:10CE00000000000000000000079045A3E0060000BD
:10CE100000000000000000001BC3FAD33300000034
:10CE200000000000000000005CFFFFFFFFFFA80003
:10CE30000000000000000000113030307CFD430095
:10CE400000000000000000000000001CED80000059
:10CE50000000000000000000000004C5BE03000048
:10CE60000000000000000000000087E9180000003A
:10CE700000000000000000000047FC460000000029
:10CE800000000000000000001AEAAA30303026003E
:10CE9000000000000000000070FFFFFFFFFFC8005F
:10CEA0000000000000000000000000000000000082
:10CEB0000000C003000000000000D00B0C0A0000BE
:10CEC000A000200808070002100160050503000308
:10CED00040013003030300007001F004070EFFFF60
:10CEE00050025009090A0000F0023005040A00004F
:10CEF00090031008080A000030040008080A000027
:10CF0000D00460090A0A000070051008080A000031
:10CF10001006A008090A0000B0066008080A000010
:10CF200050070009090A0000F007A008080A0000DD
:10CF30009008400A0C0AFF003009A00A090A010003
:10CF4000D009000A0A0A0000700A900B0A0A0100C0
:10CF5000100B6009080A0100B00BE008080A010084
:10CF6000500CD00A0A0A0000F00C600B090A0100FC
:10CF7000900D5004020A0100300E3007070AFF002E
:10CF8000D00E100A0A0A0100700F5008080A0100AA
:10CF90001010600D0B0A0100B010600B090A0100AF
:10CFA0005011C00B0C0A0000F011200A090A010000
:10CFB0009012C00B0C0D00FD6013300A090A01002D
:10CFC0000014B008090A0000A0143008090A000083
:10CFD0004015100B090A0100E015F0090B0AFF00CB
:10CFE0008016C00F100A0000201770090A0A0000FE
:10CFF000C01710090B0AFF0060183009090A000069
:10D00000001960080808000080199009080B010049
:10D01000301A000808080000B01A9009090B000037
:10D02000601B900808080000E01BF004060B0000DD
:10D03000901CB009090B00FD401D9009080B010070
:10D04000F01DE003020B0100A01E0004050EFEFD12
:10D05000801FA008080B01003020E003020B010034
:10D06000E020D00E0D0801006021900908080100A1
:10D07000E021E0080908000060229009080B01FD8A
:10D0800010239009090B00FDC023C005050801000D
:10D090004024000707080000C024D005060A00004D
:10D0A0006025800908080100E025D0070908FF0075
:10D0B0006026900C0D080000E026C007080800005C
:10D0C0006027D007090BFFFD102850070708000054
:10D0D000000005000B000000200000000C00010013
:10D0E000D0D0040800000000030003002D00000061
:10D0F0000D0004000000000000000000000002001D
:10D10000410000001A0011000000000000000000B3
:10D1100000000200610000001A002B000000000067
:10D12000000000000000020018A60408A8CE0408B1
:10D13000D8D0040800000000000004101000000017
:10D14000D7050208A5010208000000001100000038
:10D150000400000008FF010028D104085C5B0408FB
:10D160000000000000003AC4F9ED980F0000000034
:10D1700000006AFF700000000000000000000000D6
:10D18000000000000033F8B74860E7C2020000006A
:10D190000023F5C3020000000000000000000000B2
:10D1A0000000000000B9DF06000047FF5200000049
:10D1B00002C2F52300000000000000000000000093
:10D1C0000000000006FA8F00000001F19600000048
:10D1D00070FF6A0000000000000000000000000076
:10D1E0000000000019FF7800000000DCAD00002600
:10D1F000F6BC01000000000000000000000000007C
:10D20000000000000CFF8900000000ECA00003C833
:10D21000F21F0000000000000000000000000000FD
:10D220000000000000D4D301000036FF690075FF44
:10D230006500000000000000000000000000000089
:10D2400000000000005FFF97243CD7E90F2CF9B5E0
:10D2500001000414020000000000000000000000B3
:10D260000000000000007CFAFFFFDE3404CCF01B5D
:10D270000792F5FFEF7C01000000000000000000B5
:10D280000000000000000013413503007DFF5B003B
:10D29000A1FD864F9AFF7E00000000000000000004
:10D2A000000000000000000000000030FAB0002480
:10D2B000FF86000000AAF60D00000000000000003C
:10D2C0000000000000000000000006D0EC17006025
:10D2D000FF2E00000052FF4300000000000000008D
:10D2E0000000000000000000000083FF56000072F4
:10D2F000FF160000003BFF5500000000000000008A
:10D3000000000000000000000034FCAA0000005DE6
:10D31000FF2B00000050FF40000000000000000054
:10D32000000000000000000007D4E9140000001D08
:10D33000FD80000000A4F1090000000000000000D2
:10D3400000000000000000008AFF50000000000004
:10D3500090FB79428CFF6F0000000000000000008D
:10D360000000000000000038FDA2000000000000E6
:10D370000379E1FCD9650000000000000000000016
:10D38000000000000000000004807E00000000009B
:10D39000000000000000000008FFFC00000000008A
:10D3A000000000000000000008FFFC00000000007A
:10D3B000000000000000000008FFFC00000000006A
:10D3C000000000000000000008FFFC00000000005A
:10D3D000000000005CECECECEEFFFFECECECEC553C
:10D3E0000000000064FFFFFFFFFFFFFFFFFFFF5C87
:10D3F000000000000000000008FFFC00000000002A
:10D40000000000000000000008FFFC000000000019
:10D41000000000000000000008FFFC000000000009
:10D42000000000000000000008FFFC0000000000F9
:10D43000000000000000000004807E0000000000EA
:10D4400000000000030404040404030000000000C2
:10D4500000000000A0FFFFFFFFFFD400000000005D
:10D4600000000000A0FFFFFFFFFFD400000000004D
:10D47000000000000547210000000000000000003F
:10D4800000000000A5FFF61F0000000000000000E3
:10D4900000000000DCFFFF4800000000000000006A
:10D4A0000000000063F3C10900000000000000005C
:10D4B000000000000000000000000003E9FF2C0055
:10D4C000000000000000000000000044FFD4000045
:10D4D00000000000000000000000009CFF7C000035
:10D4E0000000000000000000000006EEFF24000025
:10D4F000000000000000000000004EFFCC00000013
:10D5000000000000000000000000A6FF7200000004
:10D510000000000000000000000AF4FE1C000000F3
:10D5200000000000000000000056FFC200000000E4
:10D53000000000000000000000AEFF6A00000000D4
:10D5400000000000000000000EF7FC1600000000C4
:10D5500000000000000000005EFFBA0000000000B4
:10D560000000000000000000B6FF620000000000A4
:10D570000000000000000013FBF911000000000093
:10D580000000000000000067FFB200000000000083
:10D5900000000000000000BEFF5900000000000075
:10D5A00000000000000019FDF60C00000000000063
:10D5B0000000000000006FFFAA0000000000000053
:10D5C000000000000000C8FF510000000000000043
:10D5D000000000000020FFF1070000000000000034
:10D5E000000000000078FFA0000000000000000024
:10D5F0000000000000D0FF48000000000000000014
:10D600000000000028FFEC04000000000000000003
:10D610000000000080FF98000000000000000000F3
:10D62000000000000000001181D2F6F7D282120043
:10D6300000000000000038E8FFFFFFFFFFFFEA3DA9
:10D64000000000000023F0FFED77383874EAFFF3A4
:10D650002800000000B9FFE921000000001FE6FFDC
:10D66000C00000002FFFFF5C0000000000005AFF18
:10D67000FF3400007FFFEF0500000000000004EF12
:10D68000FF840000B0FFB70000000000000000B7FA
:10D69000FFB50000CDFF97000000000000000097DC
:10D6A000FFD10000D6FF8E00000000000000008EB9
:10D6B000FFDA0000CDFF9700000000000000009797
:10D6C000FFD10000B0FFB70000000000000000B76D
:10D6D000FFB5000080FFEF0400000000000004EE32
:10D6E000FF84000030FFFF5B00000000000058FFD7
:10D6F000FF34000000BDFFE61F000000001DE4FF36
:10D70000C20000000026F2FFEB7335326FE8FFF431
:10D710002A000000000039E9FFFFFFFFFFFFEA3F9A
:10D72000000000000000001282D2F6F9D38313003B
:10D7300000000000D0FFFFFFFFFF5C0000000000C2
:10D7400000000000D0FFFFFFFFFF5C0000000000B2
:10D7500000000000171C1C20FFFF5C000000000000
:10D760000000000000000004FFFF5C00000000005B
:10D770000000000000000004FFFF5C00000000004B
:10D780000000000000000004FFFF5C00000000003B
:10D790000000000000000004FFFF5C00000000002B
:10D7A0000000000000000004FFFF5C00000000001B
:10D7B0000000000000000004FFFF5C00000000000B
:10D7C0000000000000000004FFFF5C0000000000FB
:10D7D0000000000000000004FFFF5C0000000000EB
:10D7E0000000000000000004FFFF5C0000000000DB
:10D7F0000000000000000004FFFF5C0000000000CB
:10D800000000000000000004FFFF5C0000000000BA
:10D810000000000000000004FFFF5C0000000000AA
:10D820000000000000000004FFFF5C00000000009A
:10D830000000000000000004FFFF5C00000000008A
:10D840000000000000002488CDF2FEEFC46E080046
:10D85000000000000286FCFFFFFFFFFFFFFFD41760
:10D860000000000067FFFFC867392F4FABFFFFB311
:10D870000000000003947901000000000096FFFE04
:10D880001600000000000000000000000036FFFF4E
:10D890003800000000000000000000000038FFFF1A
:10D8A0002A00000000000000000000000081FFEEE0
:10D8B00005000000000000000000000028F4FF7FC9
:10D8C000000000000000000000000020E1FFCA0787
:10D8D0000000000000000000000025E2FFD5160057
:10D8E0000000000000000000002BE7FFD41700003C
:10D8F000000000000000000032EBFFCE1500000029
:10D900000000000000000038EFFFC9110000000017
:10D910000000000000003FF2FFC30E000000000006
:10D92000000000000046F6FFD2271C1C1C1C1C1C1B
:10D930001B00000014F8FFFFFFFFFFFFFFFFFFFFCA
:10D94000F40000001CFFFFFFFFFFFFFFFFFFFFFFD2
:10D95000F40000001CFFFFFFFFFFFFFFFFFFFFF8C9
:10D96000000000001CFFFFFFFFFFFFFFFFFFFFEBBA
:10D9700000000000031C1C1C1C1C1C1C7AFFFE4B1E
:10D98000000000000000000000000036F8FF7A00F0
:10D99000000000000000000000001AE5FFA90100DF
:10D9A00000000000000000000007C8FFCD0A0000D2
:10D9B000000000000000000000A0FFEA1F000000BF
:10D9C000000000000000000039FFFFFAD18C1E00AB
:10D9D00000000000000000003EF8FBFFFFFFF446DF
:10D9E0000000000000000000000000165CE4FFF0F2
:10D9F0001500000000000000000000000029FCFFEE
:10DA00007200000000000000000000000000CCFFD9
:10DA10009D00000000000000000000000000D5FF95
:10DA20009600000018AB1A0000000000004AFFFF3B
:10DA30005C0000009EFFF7A459332B4593FAFFDDED
:10DA40000800000040DBFFFFFFFFFFFFFFFFE22BAE
:10DA500000000000000450A2D9F6FEEFC3740D00D0
:10DA60000000000000000000000000000CD6FFB61F
:10DA7000010000000000000000000000A4FFE3130C
:10DA8000000000000000000000000066FFFB3A00FC
:10DA90000000000000000000000031F8FF750000E9
:10DAA0000000000000000000000FDDFFB3010000D7
:10DAB000000000000000000001AFFFE212000000C3
:10DAC000000000000000000071FFFA3700000000B5
:10DAD000000000000000003AFBFF7000000095D835
:10DAE0007D000000000015E3FFAF01000000B0FF63
:10DAF000940000000002B8FFDF1000000000B0FF3B
:10DB000094000000007CFFFF4C1818181818BAFF8A
:10DB1000A018181213FDFFFFFFFFFFFFFFFFFFFF1D
:10DB2000FFFFFFC418FFFFFFFFFFFFFFFFFFFFFF27
:10DB3000FFFFFFC400000000000000000000C0FF65
:10DB40009400000000000000000000000000C0FF82
:10DB50009400000000000000000000000000C0FF72
:10DB60009400000000000000000000000000C0FF62
:10DB700094000000000089FFFFFFFFFFFFFFFFFF91
:10DB8000000000000000A2FFFFFFFFFFFFFFFFFFFC
:10DB9000000000000000BCFF8E1C1C1C1C1C1C1C78
:10DBA000000000000000D5FF66000000000000003B
:10DBB000000000000000EEFF4E000000000000002A
:10DBC000000000000008FFFF34000000000000001B
:10DBD000000000000021FFFF3B201C0B00000000A4
:10DBE00000000000003AFFFFFFFFFFFFE7A83D0035
:10DBF000000000000054FFFFFFFFFFFFFFFFFF8D4D
:10DC0000000000000000000000010A2460D2FFFFB5
:10DC10005900000000000000000000000009D9FFCA
:10DC2000C00000000000000000000000000084FFB1
:10DC3000EA000000000000000000000000008AFF71
:10DC4000E200000000943500000000000017E6FF2D
:10DC5000A900000053FFFFBB6A392A3A73E6FFFCB4
:10DC6000340000001BB6FFFFFFFFFFFFFFFFF85E61
:10DC7000000000000000338DCBEFFEF5D3902200B2
:10DC8000000000000000000040A1DBF7FAE6B964E4
:10DC900005000000000010B0FFFFFFFFFFFFFFF0D6
:10DCA00012000000000ACBFFFC9F48221C30676274
:10DCB000000000000091FFF33E00000000000000A3
:10DCC0000000000019FAFF600000000000000000E2
:10DCD000000000006CFFE8030000000000000000EE
:10DCE00000000000A6FFAB015AB8E8F4E2A73C0030
:10DCF00000000000C9FF97B2FFFFFFFFFFFFFF8496
:10DD000000000000D5FFF5FFC642090B3DBDFFFF37
:10DD10005B000000D0FFFFC7070000000003C0FF4A
:10DD2000D7000000B9FFFF490000000000004EFFCF
:10DD3000FF1400008FFFFF240000000000002FFFF1
:10DD4000FF24000047FFFF470000000000004FFFD6
:10DD5000FF0E000003DAFFC3040000000003C0FF51
:10DD6000C70000000042FDFFBE3803012EB5FFFED4
:10DD700043000000000057F5FFFFFDFAFFFFFB67BF
:10DD8000000000000000001E8CD2F6FCE19C2B007D
:10DD90000000000048FFFFFFFFFFFFFFFFFFFFFF46
:10DDA000FF64000048FFFFFFFFFFFFFFFFFFFFFFD3
:10DDB000FF5D000048FFFF241C1C1C1C1C1C8FFF67
:10DDC000F311000048FFFF08000000000006E5FF17
:10DDD0009400000048FFFF0800000000005EFFFE06
:10DDE000240000000A2424010000000000CFFFB13D
:10DDF00000000000000000000000000042FFFF3EA5
:10DE0000000000000000000000000000B3FFCE0092
:10DE1000000000000000000000000027FEFF5C0082
:10DE2000000000000000000000000098FFE5050071
:10DE30000000000000000000000013F7FF7A00005F
:10DE4000000000000000000000007DFFF51200004F
:10DE500000000000000000000007E8FF960000003E
:10DE600000000000000000000061FFFE270000002D
:10DE7000000000000000000001D3FFB2000000001D
:10DE8000000000000000000046FFFF42000000000C
:10DE90000000000000000000B7FFD00000000000FC
:10DEA0000000000000000A6BBFECFEF6D6952A00C9
:10DEB000000000000023DBFFFFFFFCFFFFFFFC74FE
:10DEC0000000000002D3FFF06B1700073DBCFFFF0E
:10DED0004500000039FFFF50000000000004D1FFA2
:10DEE000AB00000053FFFF0E00000000000092FF97
:10DEF000C600000034FFFF3E000000000000C3FF2A
:10DF0000A800000001C4FFE1450200001A9AFFFDCD
:10DF10003B0000000015BCFFFFF4DCE6FFFFEF56FE
:10DF2000000000000030C8FFFFFFFFFFFFFFEF749D
:10DF30000100000029F3FFD85B1B040C389BFFFF96
:10DF40008C000000AAFFDE0E00000000000077FF3A
:10DF5000FE1F0000E4FF82000000000000000FFF31
:10DF6000FF5B0000E9FF83000000000000000FFFDE
:10DF7000FF600000B5FFDE0E00000000000077FF2C
:10DF8000FF2C00003FFDFFD4520F00032F94FEFF33
:10DF9000B2000000005EF6FFFFFFF8FDFFFFFFB9D3
:10DFA0000F00000000001E84C9EFFEF7DBA44C0147
:10DFB0000000000000000150B4EAFDF1C979100032
:10DFC000000000000009B0FFFFFFFCFFFFFFE73982
:10DFD000000000000099FFFC831E00073EBEFFF01A
:10DFE0002200000016FCFF70000000000004C3FFC8
:10DFF000B000000048FFFF0F0000000000005DFFC0
:10E00000FE1B00004DFFFF0D0000000000005EFF42
:10E01000FF5F000020FFFF69000000000005C6FF51
:10E02000FF89000000B3FFFA7E1C00043DC0FFFF23
:10E03000FFA000000014CCFFFFFFFAFDFFFFA9C501
:10E04000FFA5000000000668C3F1FEECB85601CC45
:10E05000FF9900000000000000000000000001EE39
:10E06000FF7700000000000000000000000035FF06
:10E07000FF3E000000000000000000000000ABFFB9
:10E08000E10300000000000000000000007BFFFF33
:10E090006200000000009A682E172155BEFFFFABFA
:10E0A000010000000039FFFFFFFFFFFFFFFF9505A4
:10E0B00000000000001178C1EBFDF6D4963000009E
:10E0C000000000000000000000000000A5FFFF2E7F
:10E0D0000000000000000000000000000000000040
:10E0E00000000000000000000000001CFBFFFFA17A
:10E0F0000000000000000000000000000000000020
:10E1000000000000000000000000008AFFE4FFFAA9
:10E110001A000000000000000000000000000000E5
:10E12000000000000000000000000DF1FF51CEFFD4
:10E130008600000000000000000000000000000059
:10E140000000000000000000000071FFDF035EFF20
:10E15000EF0B0000000000000000000000000000C5
:10E1600000000000000000000003DFFF720006E86E
:10E17000FF6C000000000000000000000000000034
:10E1800000000000000000000056FFF30F00007EBA
:10E19000FFDD0300000000000000000000000000A0
:10E1A000000000000000000000C7FF9600000016FD
:10E1B000F8FF540000000000000000000000000014
:10E1C00000000000000000003AFFFE2700000000F1
:10E1D0009EFFC600000000000000000000000000DC
:10E1E0000000000000000000ACFFB60000000000CE
:10E1F00032FFFF39000000000000000000000000B6
:10E200000000000000000022FDFF460000000000AA
:10E2100000C2FFAB00000000000000000000000092
:10E220000000000000000092FFFFFFFFFFFFFFFF64
:10E23000FFFFFFFD220000000000000000000000C2
:10E2400000000000000011F3FFF5F0F0F0F0F0F036
:10E25000F0F0FCFF93000000000000000000000050
:10E2600000000000000078FFEF0B0000000000003D
:10E27000000072FFF5110000000000000000000027
:10E28000000000000005E5FF8A000000000000001B
:10E2900000000FF3FF780000000000000000000005
:10E2A00000000000005CFFFC1F00000000000000F8
:10E2B00000000094FFE506000000000000000000E0
:10E2C0000000000000CEFFAA0000000000000000D7
:10E2D00000000024FEFF5E000000000000000000BF
:10E2E000000000007CFFFFFFFFFFFFFFFCE8B960BC
:10E2F000040000007CFFFFF8F8F8F8F8FFFFFFFFCC
:10E30000C40E00007CFFEC0000000000022887FD26
:10E31000FF9A00007CFFEC00000000000000008C71
:10E32000FFF502007CFFEC0000000000000000543C
:10E33000FFFF11007CFFEC00000000000000008BDC
:10E34000FFF603007CFFEC0000000000022786FDC2
:10E35000FFA500007CFFFFF8F8F8F8F8FFFFFFFFCB
:10E36000D91600007CFFFFFFFFFFFFFFFFFFFFFB51
:10E370006D0400007CFFEC0000000000021348C0A8
:10E38000FFBF09007CFFEC0000000000000000055A
:10E39000D1FF87007CFFEC000000000000000000BF
:10E3A00080FFDD007CFFEC000000000000000000AA
:10E3B0007EFFF6007CFFEC00000000000000000380
:10E3C000CCFFDA007CFFEC0000000000000A40BB3C
:10E3D000FFFF7E007CFFFFF8F8F8F8F8FAFFFFFF78
:10E3E000FFAD06007CFFFFFFFFFFFFFFFFF7DCA78D
:10E3F0004C000000000000000558ABE0F9FBE4B25F
:10E400006008000000000043DCFFFFFFFFFFFFFF8C
:10E41000FFE14000000061FDFFFCAA5C36304F9434
:10E42000F3FFFB300040FDFFD52D00000000000091
:10E4300018C1880004DAFFDD1400000000000000AD
:10E440000004000051FFFF47000000000000000032
:10E45000000000009EFFDB00000000000000000044
:10E4600000000000C7FFA100000000000000000045
:10E4700000000000D6FF8E00000000000000000039
:10E4800000000000C7FFA100000000000000000025
:10E49000000000009FFFDA00000000000000000004
:10E4A0000000000052FFFF460000000000000000D6
:10E4B0000000000004DAFFDD120000000000000090
:10E4C000000500000041FDFFD3290000000000000E
:10E4D00018C28B01000065FDFFFBA657322C4C9340
:10E4E000F2FFFA2F00000047E1FFFFFFFFFFFFFFF1
:10E4F000FFDE3E0000000000085EAFE3FBFBE4B17E
:10E500005F0600007CFFFFFFFFFFFFFFF6D9A24D73
:10E5100002000000000000000000000000000000F9
:10E52000000000007CFFFFFFFFFFFFFFFFFFFFFF7A
:10E53000D1340000000000000000000000000000D6
:10E54000000000007CFFEE1C1C1C1C1E2D5AABFDA5
:10E55000FFF84E0000000000000000000000000076
:10E56000000000007CFFEC00000000000000003212
:10E57000DEFFF82D00000000000000000000000099
:10E58000000000007CFFEC00000000000000000024
:10E590001EECFFC3000000000000000000000000AF
:10E5A000000000007CFFEC00000000000000000004
:10E5B0000067FFFF310000000000000000000000C5
:10E5C000000000007CFFEC000000000000000000E4
:10E5D000000BF8FF760000000000000000000000C3
:10E5E000000000007CFFEC000000000000000000C4
:10E5F0000000D0FF9E0000000000000000000000AE
:10E60000000000007CFFEC000000000000000000A3
:10E610000000BFFFAA000000000000000000000092
:10E62000000000007CFFEC00000000000000000083
:10E630000000D0FF9E00000000000000000000006D
:10E64000000000007CFFEC00000000000000000063
:10E65000000DF9FF7700000000000000000000003E
:10E66000000000007CFFEC00000000000000000043
:10E670000068FFFF31000000000000000000000003
:10E68000000000007CFFEC00000000000000000023
:10E690001FEDFFC3000000000000000000000000AC
:10E6A000000000007CFFEC000000000000000031D2
:10E6B000DFFFF82D00000000000000000000000057
:10E6C000000000007CFFEE1C1C1C1C1E2D5AABFD24
:10E6D000FFF84E00000000000000000000000000F5
:10E6E000000000007CFFFFFFFFFFFFFFFFFFFFFFB9
:10E6F000D134000000000000000000000000000015
:10E70000000000007CFFFFFFFFFFFFFFF6D9A34ED4
:10E7100002000000000000000000000000000000F7
:10E72000000000007CFFFFFFFFFFFFFFFFFFFFFF78
:10E73000600000007CFFFFFFFFFFFFFFFFFFFFFF08
:10E74000600000007CFFEE1C1C1C1C1C1C1C1C1C04
:10E750000B0000007CFFEC00000000000000000047
:10E76000000000007CFFEC00000000000000000042
:10E77000000000007CFFEC00000000000000000032
:10E78000000000007CFFEC00000000000000000022
:10E79000000000007CFFFFFFFFFFFFFFFFFFFF58AF
:10E7A000000000007CFFFFFFFFFFFFFFFFFFFF589F
:10E7B000000000007CFFF010101010101010100668
:10E7C000000000007CFFEC000000000000000000E2
:10E7D000000000007CFFEC000000000000000000D2
:10E7E000000000007CFFEC000000000000000000C2
:10E7F000000000007CFFEC000000000000000000B2
:10E80000000000007CFFEE1C1C1C1C1C1C1C1C1CA3
:10E81000140000007CFFFFFFFFFFFFFFFFFFFFFF73
:10E82000B80000007CFFFFFFFFFFFFFFFFFFFFFFBF
:10E83000B80000007CFFFFFFFFFFFFFFFFFFFFFFAF
:10E84000600000007CFFFFFFFFFFFFFFFFFFFFFFF7
:10E85000600000007CFFEE1C1C1C1C1C1C1C1C1CF3
:10E860000B0000007CFFEC00000000000000000036
:10E87000000000007CFFEC00000000000000000031
:10E88000000000007CFFEC00000000000000000021
:10E89000000000007CFFEC00000000000000000011
:10E8A000000000007CFFEC00000000000000000001
:10E8B000000000007CFFFFFFFFFFFFFFFFFFFF588E
:10E8C000000000007CFFFFFFFFFFFFFFFFFFFF587E
:10E8D000000000007CFFF118181818181818180804
:10E8E000000000007CFFEC000000000000000000C1
:10E8F000000000007CFFEC000000000000000000B1
:10E90000000000007CFFEC000000000000000000A0
:10E91000000000007CFFEC00000000000000000090
:10E92000000000007CFFEC00000000000000000080
:10E93000000000007CFFEC00000000000000000070
:10E9400000000000000000000455ABDFF9FCE8BB4C
:10E95000721100000000003ED9FFFFFFFFFFFFFF24
:10E96000FFF0600000005EFCFFFDAF61372F4783C2
:10E97000E3FFFF58003EFCFFD92F0000000000001D
:10E98000078EB20604DAFFDF150000000000000069
:10E990000000020051FFFF480000000000000000DE
:10E9A000000000009EFFDB000000000000000000EF
:10E9B00000000000C7FFA1000000000000000000F0
:10E9C00000000000D6FF8E000000000000000000E4
:10E9D000007D9445C7FFA10000000000000000007A
:10E9E00000D8FF789FFFDE0000000000000000005C
:10E9F00000D8FF7852FFFF4A00000000000000002E
:10EA000000D8FF7804DAFFDF1600000000000000E5
:10EA100000D8FF780041FDFFD72E00000000000065
:10EA200003E2FF78000063FDFFFCAA5A332B437B0F
:10EA3000D8FFFF7900000045DFFFFFFFFFFFFFFF6A
:10EA4000FFF8880700000000065AADDFF9FCE8BBBC
:10EA5000751A00007CFFEC000000000000000000C0
:10EA600070FFF8007CFFEC000000000000000000D8
:10EA700070FFF8007CFFEC000000000000000000C8
:10EA800070FFF8007CFFEC000000000000000000B8
:10EA900070FFF8007CFFEC000000000000000000A8
:10EAA00070FFF8007CFFEC00000000000000000098
:10EAB00070FFF8007CFFEC00000000000000000088
:10EAC00070FFF8007CFFFFFFFFFFFFFFFFFFFFFF6E
:10EAD000FFFFF8007CFFFFFFFFFFFFFFFFFFFFFFCF
:10EAE000FFFFF8007CFFF11C1C1C1C1C1C1C1C1CC8
:10EAF00082FFF8007CFFEC00000000000000000036
:10EB000070FFF8007CFFEC00000000000000000037
:10EB100070FFF8007CFFEC00000000000000000027
:10EB200070FFF8007CFFEC00000000000000000017
:10EB300070FFF8007CFFEC00000000000000000007
:10EB400070FFF8007CFFEC000000000000000000F7
:10EB500070FFF8007CFFEC000000000000000000E7
:10EB600070FFF8007CFFEC000000000000000000D7
:10EB7000000000007CFFEC0000000000000000002E
:10EB8000000000007CFFEC0000000000000000001E
:10EB9000000000007CFFEC0000000000000000000E
:10EBA000000000007CFFEC000000000000000000FE
:10EBB000000000007CFFEC000000000000000000EE
:10EBC000000000007CFFEC000000000000000000DE
:10EBD000000000007CFFEC000000000000000000CE
:10EBE000000000007CFFEC000000000000000000BE
:10EBF000000000007CFFEC000000000000000000AE
:10EC0000000000007CFFEC0000000000000000009D
:10EC1000000000007CFFEC0000000000000000008D
:10EC2000000000007CFFEC0000000000000000007D
:10EC3000000000007CFFEC0000000000000000006D
:10EC4000000000007CFFEC0000000000000000005D
:10EC5000000000007CFFEC0000000000000000004D
:10EC6000000000007CFFEC0000000000000000003D
:10EC700000000000000084FFFFFFFFFFFFFFF00027
:10EC800000000000000084FFFFFFFFFFFFFFF00017
:10EC90000000000000000E1C1C1C1C1C80FFF0006B
:10ECA00000000000000000000000000070FFF00005
:10ECB00000000000000000000000000070FFF000F5
:10ECC00000000000000000000000000070FFF000E5
:10ECD00000000000000000000000000070FFF000D5
:10ECE00000000000000000000000000070FFF000C5
:10ECF00000000000000000000000000070FFF000B5
:10ED000000000000000000000000000070FFF000A4
:10ED100000000000000000000000000070FFF00094
:10ED200000000000000000000000000071FFEF0084
:10ED300000000000000001000000000086FFDF006E
:10ED4000000000000051A40300000002D1FFB20047
:10ED5000000000000FF4FFC247192FA6FFFF560066
:10ED6000000000000066FBFFFFFFFFFFFFAB01009C
:10ED70000000000000002D9DE3FDF3C766020000C7
:10ED8000000000007CFFEC00000000000000006FAD
:10ED9000FFFD53007CFFEC0000000000000065FF59
:10EDA000FF6100007CFFEC0000000000005CFEFF43
:10EDB000700000007CFFEC000000000053FCFF7EB0
:10EDC000000000007CFFEC000000004BFAFF8E000A
:10EDD000000000007CFFEC00000043F8FF9F0100F2
:10EDE000000000007CFFEC00003BF5FFAC030000DE
:10EDF000000000007CFFEC0034F1FFD606000000AC
:10EE0000000000007CFFEC2DEEFFFFFE4C00000038
:10EE1000000000007CFFF7E9FFDADFFFF22A0000C4
:10EE2000000000007CFFFFFFDC1B2BF0FFDB12006B
:10EE3000000000007CFFFFDF1E000045FCFFBB035D
:10EE4000000000007CFFFB200000000066FFFF8F39
:10EE5000000000007CFFEC0000000000008DFFFFC0
:10EE6000600000007CFFEC00000000000002B2FF28
:10EE7000F93800007CFFEC000000000000000CCF1F
:10EE8000FFE61B007CFFEC00000000000000001CFF
:10EE9000E5FFCA087CFFEC00000000000000000055
:10EEA000000000007CFFEC000000000000000000FB
:10EEB000000000007CFFEC000000000000000000EB
:10EEC000000000007CFFEC000000000000000000DB
:10EED000000000007CFFEC000000000000000000CB
:10EEE000000000007CFFEC000000000000000000BB
:10EEF000000000007CFFEC000000000000000000AB
:10EF0000000000007CFFEC0000000000000000009A
:10EF1000000000007CFFEC0000000000000000008A
:10EF2000000000007CFFEC0000000000000000007A
:10EF3000000000007CFFEC0000000000000000006A
:10EF4000000000007CFFEC0000000000000000005A
:10EF5000000000007CFFEC0000000000000000004A
:10EF6000000000007CFFEC0000000000000000003A
:10EF7000000000007CFFEE1C1C1C1C1C1C1C1C1C2C
:10EF8000000000007CFFFFFFFFFFFFFFFFFFFFFF10
:10EF9000040000007CFFFFFFFFFFFFFFFFFFFFFFFC
:10EFA000040000007CFFC60100000000000000001B
:10EFB00000000006DCFF6000000000000000000010
:10EFC000000000007CFFFF5D00000000000000006A
:10EFD00000000075FFFF600000000000000000005E
:10EFE000000000007CFFFFE50C00000000000000B6
:10EFF000000016F1FFFF60000000000000000000AC
:10F00000000000007CFFFFFF870000000000000000
:10F0100000009AFFFFFF60000000000000000000F9
:10F02000000000007CFFFFFFF9220000000000004C
:10F030000030FDFFFFFF6200000000000000000044
:10F04000000000007CFFDAD8FFB0000000000000E4
:10F0500000C2FFB8ECFF64000000000000000000E8
:10F06000000000007CFFD444FFFF450000000000CA
:10F0700053FFF925ECFF64000000000000000000D1
:10F08000000000007CFFD400A8FFD60500000007A8
:10F09000DFFF8400ECFF64000000000000000000BF
:10F0A000000000007CFFD40019F3FF6F000000791E
:10F0B000FFDF0A00ECFF6400000000000000000019
:10F0C000000000007CFFD4000070FFEF15001AF371
:10F0D000FF500000ECFF6400000000000000000092
:10F0E000000000007CFFD4000004D1FF9A009FFFC5
:10F0F000B5000000ECFF640000000000000000000C
:10F10000000000007CFFD40000003BFFFD65FEF71F
:10F1100022000000E9FF6400000000000000000081
:10F12000000000007CFFD4000000009EFFFFFF8075
:10F1300000000000E8FF6400000000000000000084
:10F14000000000007CFFD40000000015EFFFDD0888
:10F1500000000000E8FF6800000000000000000060
:10F16000000000007CFFD4000000000067FC4A00A3
:10F1700000000000E8FF6800000000000000000040
:10F18000000000007CFFD400000000000000000030
:10F1900000000000E8FF6800000000000000000020
:10F1A000000000007CFFD400000000000000000010
:10F1B00000000000E8FF6800000000000000000000
:10F1C000000000007CFFD50C0000000000000000E3
:10F1D00070FFF8007CFFFFAD0100000000000000A0
:10F1E00070FFF8007CFFFFFF7900000000000000C6
:10F1F00070FFF8007CFFFFFFFD47000000000000EB
:10F2000070FFF8007CFFF4DEFFEE2200000000003B
:10F2100070FFF8007CFFEC2EF6FFD20B0000000020
:10F2200070FFF8007CFFEC005AFFFFA80000000010
:10F2300070FFF8007CFFEC000090FFFF73000000FF
:10F2400070FFF8007CFFEC000004BFFFFC410000F1
:10F2500070FFF8007CFFEC00000015E2FFEB1F00E0
:10F2600070FFF8007CFFEC0000000034F8FFCD09CF
:10F2700070FFF8007CFFEC000000000060FFFFA1C1
:10F2800070FFF8007CFFEC00000000000094FFFF1E
:10F29000D2FFF8007CFFEC00000000000005C4FF76
:10F2A000FFFFF8007CFFEC0000000000000018E504
:10F2B000FFFFF8007CFFEC000000000000000037BA
:10F2C000F9FFF8007CFFEC000000000000000000E7
:10F2D00066FFF800000000000456ABDFF9FCE8B65A
:10F2E000690D0000000000000000000000000000A8
:10F2F000000000000000003ED9FFFFFFFFFFFFFFFE
:10F30000FFEB5D00000000000000000000000000B6
:10F310000000000000005CFCFFFBA8593431509550
:10F32000F3FFFF8900000000000000000000000063
:10F3300000000000003BFCFFD62C00000000000095
:10F3400018BCFFFF6B000000000000000000000080
:10F350000000000003D7FFDF1500000000000000E0
:10F360000007C2FFF51800000000000000000000C8
:10F370000000000050FFFF490000000000000000F6
:10F38000000026FCFF7F00000000000000000000DD
:10F39000000000009CFFDB000000000000000000F7
:10F3A000000000B4FFCB00000000000000000000DF
:10F3B00000000000C7FFA1000000000000000000E6
:10F3C00000000079FFF300000000000000000000D2
:10F3D00000000000D6FF8E000000000000000000CA
:10F3E00000000066FFFF02000000000000000000B7
:10F3F00000000000C7FFA1000000000000000000A6
:10F4000000000079FFF30000000000000000000091
:10F41000000000009DFFDB00000000000000000075
:10F42000000000B4FFCB000000000000000000005E
:10F430000000000050FFFF48000000000000000036
:10F44000000024FCFF80000000000000000000001D
:10F450000000000003D8FFDF1400000000000000DF
:10F460000006C2FFF51900000000000000000000C7
:10F4700000000000003EFCFFD42900000000000056
:10F4800016B9FFFF6B000000000000000000000044
:10F490000000000000005EFCFFFAA455302D4C91E6
:10F4A000F2FFFF8B000000000000000000000000E1
:10F4B000000000000000003FD9FFFFFFFFFFFFFF3B
:10F4C000FFED6100000000000000000000000000EF
:10F4D00000000000000000000454ABDFF9FCE8B8B5
:10F4E0006B0E0000000000000000000000000000A3
:10F4F000000000007CFFFFFFFFFFFFFBE8BB6C0A82
:10F50000000000007CFFFFFFFFFFFFFFFFFFFFE1A8
:10F51000330000007CFFF11C1C1C1C21408CF6FFFA
:10F52000ED1C00007CFFEC0000000000000034F641
:10F53000FF9700007CFFEC0000000000000000933B
:10F54000FFE900007CFFEC00000000000000005913
:10F55000FFFF0E007CFFEC000000000000000059DF
:10F56000FFFF0E007CFFEC00000000000000009395
:10F57000FFE900007CFFEC0000000000000034F612
:10F58000FF9700007CFFF11C1C1C1C21408BF6FF28
:10F59000EC1B00007CFFFFFFFFFFFFFFFFFFFFE012
:10F5A000310000007CFFFFFFFFFFFFFCE8BB6809A4
:10F5B000000000007CFFEC000000000000000000E4
:10F5C000000000007CFFEC000000000000000000D4
:10F5D000000000007CFFEC000000000000000000C4
:10F5E000000000007CFFEC000000000000000000B4
:10F5F000000000007CFFEC000000000000000000A4
:10F6000000000000000000000456ABDFF9FCE8B683
:10F61000690D000000000000000000000000000074
:10F62000000000000000003ED9FFFFFFFFFFFFFFCA
:10F63000FFEB5D0000000000000000000000000083
:10F640000000000000005CFCFFFBA859343150951D
:10F65000F3FFFF8900000000000000000000000030
:10F6600000000000003BFCFFD62C00000000000062
:10F6700018BCFFFF6B00000000000000000000004D
:10F680000000000003D7FFDF1500000000000000AD
:10F690000007C2FFF5180000000000000000000095
:10F6A0000000000050FFFF490000000000000000C3
:10F6B000000026FCFF7F00000000000000000000AA
:10F6C000000000009CFFDB000000000000000000C4
:10F6D000000000B4FFCB00000000000000000000AC
:10F6E00000000000C7FFA1000000000000000000B3
:10F6F00000000079FFF3000000000000000000009F
:10F7000000000000D6FF8E00000000000000000096
:10F7100000000066FFFF0200000000000000000083
:10F7200000000000C7FFA100000000000000000072
:10F7300000000079FFF3000000000000000000005E
:10F74000000000009DFFDE0100000000000000003E
:10F75000000000B6FFCB0000000000000000000029
:10F760000000000050FFFF4A000000000000000001
:10F77000000026FCFF8000000000000000000000E8
:10F780000000000003D8FFDF1600000000000000AA
:10F790000007C5FFF5190000000000000000000090
:10F7A00000000000003EFCFFD62A00000000000020
:10F7B00017BBFFFF6B00000000000000000000000E
:10F7C0000000000000005EFCFFFBA455302D4C91B2
:10F7D000F2FFFF8B000000000000000000000000AE
:10F7E000000000000000003FD9FFFFFFFFFFFFFF08
:10F7F000FFED6100000000000000000000000000BC
:10F8000000000000000000000454ABDFFDFFFFE239
:10F810006B0E00000000000000000000000000006F
:10F8200000000000000000000000000018CFFFFEF4
:10F830008C1B00064BCD4E000000000000000000B5
:10F84000000000000000000000000000000B9DFF11
:10F85000FFFFF1FCFFFC5E00000000000000000064
:10F860000000000000000000000000000000003A5E
:10F87000A9E6FCECAC330000000000000000000032
:10F88000000000007CFFFFFFFFFFFFFCE8BB6A0AEF
:10F89000000000007CFFFFFFFFFFFFFFFFFFFFE016
:10F8A000320000007CFFF11C1C1C1C21408CF6FF68
:10F8B000ED1D00007CFFEC0000000000000034F6AD
:10F8C000FF9A00007CFFEC000000000000000093A5
:10F8D000FFEA00007CFFEC0000000000000000597F
:10F8E000FFFF0D007CFFEC0000000000000000594D
:10F8F000FFFF0E007CFFEC00000000000000009005
:10F90000FFE900007CFFEC000000000000002FF584
:10F91000FF9700007CFFF010101010153481F4FFE9
:10F92000ED1C00007CFFFFFFFFFFFFFFFFFFFFE17B
:10F93000340000007CFFFFFFFFFFFFFCFFFFB50A64
:10F94000000000007CFFEC000000000074FFF72BBB
:10F95000000000007CFFEC000000000002BDFFD2B0
:10F96000080000007CFFEC0000000000001BEDFF21
:10F97000930000007CFFEC0000000000000051FF3D
:10F98000FF4B00007CFFEC00000000000000009B2B
:10F99000FFEA19000000000E76C3ECFCF8DEAC5D57
:10F9A00009000000000035E6FFFFFFFFFFFFFFFF3B
:10F9B000E31300000010E9FFE96F2B131A3E7FE00C
:10F9C000CF000000006BFFF92500000000000005DB
:10F9D000270000000097FFC80000000000000000A2
:10F9E00000000000008CFFE708000000000000009D
:10F9F000000000000040FFFFC133000000000000D5
:10FA00000000000000008BFFFFFFDE975415000090
:10FA10000000000000000047BDFEFFFFFFFFC75DC4
:10FA2000020000000000000000175C9CDDFFFFFFEB
:10FA3000BB0900000000000000000000002CA6FF31
:10FA4000FF8700000000000000000000000000AB85
:10FA5000FFD800000000000000000000000000755A
:10FA6000FFE600000058820900000000000003C209
:10FA7000FFBB000000D3FFEA8D451D122050BFFFE1
:10FA8000FF4800000044DCFFFFFFFFFFFFFFFFFB1C
:10FA90006E0000000000044D9FD5F5FEF2D08E26CA
:10FAA00000000000E8FFFFFFFFFFFFFFFFFFFFFF79
:10FAB000FFFC0000E8FFFFFFFFFFFFFFFFFFFFFF6E
:10FAC000FFFC0000191C1C1C1C3CFFFF511C1C1CD3
:10FAD0001C1C0000000000000024FFFF3C00000090
:10FAE00000000000000000000024FFFF3C000000B8
:10FAF00000000000000000000024FFFF3C000000A8
:10FB000000000000000000000024FFFF3C00000097
:10FB100000000000000000000024FFFF3C00000087
:10FB200000000000000000000024FFFF3C00000077
:10FB300000000000000000000024FFFF3C00000067
:10FB400000000000000000000024FFFF3C00000057
:10FB500000000000000000000024FFFF3C00000047
:10FB600000000000000000000024FFFF3C00000037
:10FB700000000000000000000024FFFF3C00000027
:10FB800000000000000000000024FFFF3C00000017
:10FB900000000000000000000024FFFF3C00000007
:10FBA00000000000000000000024FFFF3C000000F7
:10FBB00000000000A0FFC8000000000000000000DE
:10FBC000C0FF9400A0FFC80000000000000000007B
:10FBD000C0FF9400A0FFC80000000000000000006B
:10FBE000C0FF9400A0FFC80000000000000000005B
:10FBF000C0FF9400A0FFC80000000000000000004B
:10FC0000C0FF9400A0FFC80000000000000000003A
:10FC1000C0FF9400A0FFC80000000000000000002A
:10FC2000C0FF9400A0FFC80000000000000000001A
:10FC3000C0FF9400A0FFC80000000000000000000A
:10FC4000C0FF94009FFFC9000000000000000000FA
:10FC5000C1FF930095FFD6000000000000000000E7
:10FC6000CEFF890075FFF9080000000000000004C5
:10FC7000F4FF69003AFFFF57000000000000005049
:10FC8000FFFF2F0001D7FFE31E00000000001BE074
:10FC9000FFCC00000040FCFFEE7E3D2A3D7EECFFE5
:10FCA000FA390000000051F2FFFFFFFFFFFFFFEFF6
:10FCB0004B0000000000001782CCF3FEF3CA7E1553
:10FCC0000000000000D0FFC600000000000000009F
:10FCD00000000080FFE104000000000000000000C0
:10FCE000000000000062FFFF36000000000000007E
:10FCF000000007E9FF76000000000000000000009F
:10FD0000000000000008EAFFA6000000000000005C
:10FD100000005EFFF5110000000000000000000080
:10FD200000000000000082FFFB1A0000000000003D
:10FD30000000CEFF9800000000000000000000005E
:10FD400000000000000018FAFF8200000000000020
:10FD5000003EFFFF2B00000000000000000000003C
:10FD600000000000000000A2FFEA08000000000000
:10FD700000AFFFBA0000000000000000000000001B
:10FD80000000000000000032FFFF620000000000E1
:10FD900021FDFF4B000000000000000000000000FB
:10FDA0000000000000000000C2FFCF0000000000C3
:10FDB0008EFFDC02000000000000000000000000D8
:10FDC000000000000000000056FFFF3E0000000D94
:10FDD000F1FF6F00000000000000000000000000C4
:10FDE000000000000000000004E1FFAD0000006C16
:10FDF000FFF10D0000000000000000000000000006
:10FE000000000000000000000075FFFD210002DC82
:10FE1000FF90000000000000000000000000000053
:10FE200000000000000000000011F5FF8B004DFFF6
:10FE3000FE240000000000000000000000000000A0
:10FE40000000000000000000000096FFEF0BBEFF66
:10FE5000B2000000000000000000000000000000F0
:10FE60000000000000000000000027FFFF95FFFFDA
:10FE7000430000000000000000000000000000003F
:10FE80000000000000000000000000B7FFFFFFD5E9
:10FE90000100000000000000000000000000000061
:10FEA000000000000000000000000046FFFFFF67A8
:10FEB0000000000000000000000000000000000042
:10FEC000000000000000000000000001D7FFED0A64
:10FED0000000000000000000000000000000000022
:10FEE0000000000015FDFF6700000000000000009A
:10FEF000ACFFE2010000000000000033FFFE18002C
:10FF00000000000000BDFFBB000000000000000C6E
:10FF1000F7FFFF380000000000000088FFC100006C
:10FF2000000000000068FFFC130000000000005A01
:10FF3000FFFFFF8D00000000000000DDFF6D0000EE
:10FF4000000000000017FDFF63000000000000B289
:10FF5000FFE3FFE201000000000033FFFE1A000093
:10FF6000000000000000BFFFB800000000000FF913
:10FF7000FF49FEFF38000000000088FFC4000000B9
:10FF80000000000000006AFFFB120000000060FF9C
:10FF9000D800C1FF8D0000000000DCFF6F000000F2
:10FFA00000000000000018FDFF6000000000B8FF26
:10FFB00081006BFFE20100000031FFFF1B00000029
:10FFC00000000000000000C1FFB500000013FBFFAF
:10FFD0002B0017FDFF3700000087FFC7000000005F
:10FFE000000000000000006CFFF910000066FFD464
:10FFF000000000BEFF8C000000DCFF72000000006B
:020000040805ED
:10000000000000000000001AFEFF5D0000BCFF7E43
:1000100000000068FFE0010031FFFF1E000000004B
:100020000000000000000000C3FFB20017FDFF2722
:1000300000000015FCFF370087FFC800000000002B
:1000400000000000000000006EFFF90E6BFFD10001
:1000500000000000BCFF8B00DCFF7400000000000B
:1000600000000000000000001BFEFF5AC2FF7A00E3
:100070000000000064FFDF32FFFF210000000000ED
:10008000000000000000000000C4FFC8FEFF2300C5
:100090000000000013FCFFBBFFCC000000000000CC
:1000A0000000000000000000006FFFFFFFCD000017
:1000B0000000000000B8FFFFFF7800000000000013
:1000C0000000000000000000001CFFFFFF760000A1
:1000D000000000000062FFFFFF230000000000009E
:1000E00000000000000000000000C7FFFF2100002A
:1000F000000000000012FAFFCE0000000000000027
:100100000000000010E0FFC7040000000000000035
:1001100091FFEE1D003CFDFF830000000000004940
:10012000FFFF5400000081FFFD3C0000000016E9C5
:10013000FF9A0000000004C7FFE111000001B6FFB4
:10014000D80B000000000022F2FFAB00006DFFF9A9
:1001500031000000000000005CFFFF612EF8FF701E
:10016000000000000000000000A6FFF4D9FFB60167
:100170000000000000000000000FE0FFFFE9170092
:10018000000000000000000000009DFFFFBB010018
:1001900000000000000000000042FEFFFFFF6D00B5
:1001A000000000000000000015E6FFAD95FFF82EEE
:1001B0000000000000000001B4FFE51309D5FFD5E1
:1001C000090000000000006DFFFE4300002EF9FF53
:1001D0009900000000002EF8FF8F000000006FFF64
:1001E000FF520000000BD6FFD2070000000001B64E
:1001F000FFED1C00009AFFF82D0000000000001722
:10020000E9FFBF0354FFFF6E000000000000000084
:1002100049FFFF7C02C9FFC401000000000000008C
:10022000001BF3FF5300000000000000000000006E
:10023000000000000034FDFF5E0000000000000030
:1002400000A7FFBA0000000000000000000000004E
:1002500000000000000097FFE90F00000000000010
:1002600041FFFA260000000000000000000000002E
:1002700000000000000011ECFF92000000000005EB
:10028000D6FF860000000000000000000000000013
:100290000000000000000062FFFC2F00000000775B
:1002A000FFE20B0000000000000000000000000062
:1002B0000000000000000002C7FFC40100001DF3A1
:1002C000FF520000000000000000000000000000DD
:1002D000000000000000000032FDFF5E0000AAFFE9
:1002E000B900000000000000000000000000000055
:1002F00000000000000000000095FFE90F44FFF936
:1003000026000000000000000000000000000000C7
:1003100000000000000000000011EAFF98D8FF86EE
:1003200000000000000000000000000000000000CD
:100330000000000000000000000062FFFFFFE20A72
:1003400000000000000000000000000000000000AD
:100350000000000000000000000001C6FFFF520086
:10036000000000000000000000000000000000008D
:10037000000000000000000000000072FFFA000012
:10038000000000000000000000000000000000006D
:1003900000000000000000000000006CFFF40000FE
:1003A000000000000000000000000000000000004D
:1003B00000000000000000000000006CFFF40000DE
:1003C000000000000000000000000000000000002D
:1003D00000000000000000000000006CFFF40000BE
:1003E000000000000000000000000000000000000D
:1003F00000000000000000000000006CFFF400009E
:1004000000000000000000000000000000000000EC
:1004100000000000000000000000006CFFF400007D
:1004200000000000000000000000000000000000CC
:1004300000000000CCFFFFFFFFFFFFFFFFFFFFFFFB
:10044000FFC40000CCFFFFFFFFFFFFFFFFFFFFFF28
:10045000FFB80000161C1C1C1C1C1C1C1C1FCAFF07
:10046000F126000000000000000000000087FFFFF0
:100470004F000000000000000000000053FFFF8359
:1004800000000000000000000000002BF4FFB50297
:100490000000000000000000000010DBFFDC100086
:1004A00000000000000000000002B5FFF42D000075
:1004B00000000000000000000083FFFF5500000066
:1004C000000000000000000051FFFF890000000054
:1004D000000000000000002AF3FFBA030000000043
:1004E0000000000000000FDAFFE013000000000031
:1004F000000000000002B3FFF7320000000000001F
:1005000000000000007FFFFF5D0000000000000011
:10051000000000004CFEFFA71C1C1C1C1C1C1C1C0B
:100520001C1C0200ECFFFFFFFFFFFFFFFFFFFFFFB0
:10053000FFFF1400F8FFFFFFFFFFFFFFFFFFFFFFBC
:10054000FFFF1400000C6BB9E8FDF8D4891400001B
:100550000000000030E9FFFFFFFFFFFFFFE4220083
:10056000000000000DE6B45319061C70F7FFB90037
:100570000000000000160000000000006CFFFE14E8
:100580000000000000000000000000001BFFFF3A18
:100590000000000000003983A3ACACACB2FFFF4404
:1005A0000000000004A6FFFFFFFFFFFFFFFFFF4466
:1005B000000000006DFFF95E110000000CFFFF4419
:1005C00000000000BCFF9A00000000000DFFFF4487
:1005D00000000000C4FF8B000000000059FFFF4432
:1005E0000000000089FFE82400000044EEFFFF4403
:1005F0000000000012D8FFF9BEACD4FFCCF2FF44DB
:1006000000000000000F86DAFBF8D47E0BECFF44FC
:1006100000000000D0FF7C0000000000000000008F
:1006200000000000D0FF7C0000000000000000007F
:1006300000000000D0FF7C0000000000000000006F
:1006400000000000D0FF7C0000000000000000005F
:1006500000000000D0FF7C0000000000000000004F
:1006600000000000D0FF7C0C7CD2FAF6D284160089
:1006700000000000D0FF9ADBFFFFFFFFFFFFEC4010
:1006800000000000D0FFFFFFA638111F68E8FFF44C
:1006900028000000D0FFFF8100000000001CE5FFE3
:1006A000B8000000D0FFDC030000000000005FFF86
:1006B000FE190000D0FF910000000000000011FFB3
:1006C000FF4A0000D0FF7E0000000000000000FA9A
:1006D000FF5A0000D0FF920000000000000013FF4E
:1006E000FF4A0000D0FFDD0400000000000062FFB0
:1006F000FE170000D0FFFF8200000000001CE6FF94
:10070000B8000000D0FFFEFFA5360C1B65E6FFF425
:1007100028000000D0FF84DDFFFFFFFFFFFFED4258
:1007200000000000D0FF640E80D4FAF7D3841600D6
:100730000000000000000045AAE5FDF4C9710900B1
:10074000000000000009A8FFFFFFFFFFFFFFD51A10
:100750000000000000ACFFFE9A36102171F0FFADE2
:10076000000000004FFFFF6400000000002E9D14F9
:1007700000000000B1FFC000000000000000000009
:1007800000000000E8FF7100000000000000000011
:1007900000000000FAFF5A00000000000000000006
:1007A00000000000E8FF71000000000000000000F1
:1007B00000000000B1FFC0000000000000000000C9
:1007C000000000004DFFFF6500000000002D9A149E
:1007D0000000000000A9FFFE96320C1D6EEFFFAC7A
:1007E000000000000008A4FFFFFFFFFFFFFFD2177B
:1007F0000000000000000044AAE5FDF4C66E0700FA
:10080000000000000000000000000000000020FFC9
:10081000FF3000000000000000000000000020FF8A
:10082000FF3000000000000000000000000020FF7A
:10083000FF3000000000000000000000000020FF6A
:10084000FF3000000000000000000000000020FF5A
:10085000FF3000000000015ABAEEFCE5A42E20FF94
:10086000FF300000000FBBFFFFFFFFFFFFFB7EFF1D
:10087000FF30000001BBFFFE9632102475F2FFFF2F
:10088000FF30000058FFFF6300000000002EF3FF60
:10089000FF300000B8FFC0000000000000007FFF34
:1008A000FF300000EAFF710000000000000031FF8F
:1008B000FF300000FAFF5A000000000000001AFF9D
:1008C000FF300000EAFF730000000000000033FF6B
:1008D000FF300000B6FFC30000000000000080FFF2
:1008E000FF30000057FFFF6500000000002EF5FFFD
:1008F000FF30000001BDFFFE942E0C2073F1FEFFBF
:10090000FF3000000010BFFFFFFFFFFFFFFC6BFF89
:10091000FF3000000000025BBCEEFCE9A73108FFDD
:10092000FF3000000000025BBBEEFCE8AE420000BE
:1009300000000000000FBBFFFFFFFCFFFFFF97025E
:100940000000000001BAFFEE6610001B7AF8FF807D
:100950000000000055FFF82F00000000004DFFFAD6
:100960001B000000B5FF9700000000000000C1FF61
:100970006F000000EAFFC49C9C9C9C9C9C9CD5FF43
:100980009E000000FAFFFFFFFFFFFFFFFFFFFFFFDA
:10099000AD000000E8FF5C00000000000000000067
:1009A00000000000B1FFAD000000000000000000EA
:1009B000000000004FFFFF590000000000015C0232
:1009C0000000000000AAFFFE9B360F1244B9FF840E
:1009D000000000000009A5FFFFFFFFFFFFFFF34D30
:1009E0000000000000000042A9E3FBF8D48A1C00CC
:1009F000000000000000000783DEFCEEAE190000DE
:100A000000000000000000B0FFFFF5FAF40E000047
:100A100000000000000038FFFF61010839000000FD
:100A200000000000000071FFDB000000000000007B
:100A30000000000000007CFFC80000000000000073
:100A400000000000A4FFFFFFFFFFFFFF7800000091
:100A50000000000097ECF6FFFFECECEC6F000000EC
:100A60000000000000007CFFD40000000000000037
:100A70000000000000007CFFD40000000000000027
:100A80000000000000007CFFD40000000000000017
:100A90000000000000007CFFD40000000000000007
:100AA0000000000000007CFFD400000000000000F7
:100AB0000000000000007CFFD400000000000000E7
:100AC0000000000000007CFFD400000000000000D7
:100AD0000000000000007CFFD400000000000000C7
:100AE0000000000000007CFFD400000000000000B7
:100AF0000000000000007CFFD400000000000000A7
:100B00000000000000007CFFD40000000000000096
:100B10000000000000000159B9EEFDE9AD3E00D42F
:100B2000FF5C0000000FBAFFFFFFF0FAFFFF84D464
:100B3000FF5C000001B7FFF97C16000445D1FFFC03
:100B4000FF5C000056FFFF4F00000000000DD4FFC7
:100B5000FF5C0000B6FFB70000000000000048FF87
:100B6000FF5C0000EAFF6F0000000000000005FAD3
:100B7000FF5C0000FAFF5C0000000000000000ECD9
:100B8000FF5C0000E8FF760000000000000009FFA5
:100B9000FF5C0000B2FFC80000000000000058FF2A
:100BA000FF5C000050FFFF6E00000000001BE3FF31
:100BB000FF5C000001B4FFFF9F360F1E65E5FFFFDD
:100BC000FF5C0000000DB7FFFFFFFFFFFFFF7BF49E
:100BD000FF5A000000000158B9EEFDE9A93902FDF5
:100BE000FF4B00000000000000000000000030FF8C
:100BF000FF24000000311D00000000000001ABFFD9
:100C0000DA0000000DDFF79C4F200E1846B6FFFFFC
:100C10005C00000010AAFFFFFFFFFFFFFFFFFE8147
:100C20000000000000002D89C7EEFEF8DA9C3400B9
:100C300000000000D0FF7C00000000000000000069
:100C400000000000D0FF7C00000000000000000059
:100C500000000000D0FF7C00000000000000000049
:100C600000000000D0FF7C00000000000000000039
:100C700000000000D0FF7C00000000000000000029
:100C800000000000D0FF7C1689D8FAF8D17B0A005A
:100C900000000000D0FFA9E9FFFFFFFFFFFFCE0D1E
:100CA00000000000D0FFFFFB8A341C37A1FFFF9239
:100CB00000000000D0FFFF540000000000A2FFF47D
:100CC00006000000D0FFC800000000000037FFFF52
:100CD0002D000000D0FF8C00000000000012FFFF7C
:100CE0003E000000D0FF7D0000000000000CFFFF70
:100CF00040000000D0FF7C0000000000000CFFFF5F
:100D000040000000D0FF7C0000000000000CFFFF4E
:100D100040000000D0FF7C0000000000000CFFFF3E
:100D200040000000D0FF7C0000000000000CFFFF2E
:100D300040000000D0FF7C0000000000000CFFFF1E
:100D400040000000D0FF7C0000000000000CFFFF0E
:100D50004000000005BBF873000000000000000028
:100D60000000000030FFFFDC000000000000000079
:100D70000000000006C3FD78000000000000000035
:100D80000000000000000300000000000000000060
:100D90000000000000000000000000000000000053
:100DA0000000000000D0FF7C0000000000000000F8
:100DB0000000000000D0FF7C0000000000000000E8
:100DC0000000000000D0FF7C0000000000000000D8
:100DD0000000000000D0FF7C0000000000000000C8
:100DE0000000000000D0FF7C0000000000000000B8
:100DF0000000000000D0FF7C0000000000000000A8
:100E00000000000000D0FF7C000000000000000097
:100E10000000000000D0FF7C000000000000000087
:100E20000000000000D0FF7C000000000000000077
:100E30000000000000D0FF7C000000000000000067
:100E40000000000000D0FF7C000000000000000057
:100E50000000000000D0FF7C000000000000000047
:100E60000000000000D0FF7C000000000000000037
:100E7000000000000000000000A4F98E0000000047
:100E8000000000000000000014FFFFFC0000000054
:100E9000000000000000000000ACFF960000000011
:100EA000000000000000000000000300000000003F
:100EB0000000000000000000000000000000000032
:100EC000000000000000000000B4FF9C00000000D3
:100ED000000000000000000000B4FF9C00000000C3
:100EE000000000000000000000B4FF9C00000000B3
:100EF000000000000000000000B4FF9C00000000A3
:100F0000000000000000000000B4FF9C0000000092
:100F1000000000000000000000B4FF9C0000000082
:100F2000000000000000000000B4FF9C0000000072
:100F3000000000000000000000B4FF9C0000000062
:100F4000000000000000000000B4FF9C0000000052
:100F5000000000000000000000B4FF9C0000000042
:100F6000000000000000000000B4FF9C0000000032
:100F7000000000000000000000B4FF9C0000000022
:100F8000000000000000000000B4FF9C0000000012
:100F9000000000000000000000B5FF9C0000000001
:100FA000000000000000000000CBFF8B00000000EC
:100FB0000000000000461B0155FEFF51000000002C
:100FC0000000000004E5FFFCFFFFC9030000000073
:100FD000000000000C99E5FCE999110000000000F8
:100FE00000000000D0FF7C000000000000000000B6
:100FF00000000000D0FF7C000000000000000000A6
:1010000000000000D0FF7C00000000000000000095
:1010100000000000D0FF7C00000000000000000085
:1010200000000000D0FF7C00000000000000000075
:1010300000000000D0FF7C000000000033EAFFB099
:1010400005000000D0FF7C000000003EF1FFB2066A
:1010500000000000D0FF7C00000048F6FFB2060050
:1010600000000000D0FF7C000057FAFFB20600002D
:1010700000000000D0FF7C0065FDFFB50700000008
:1010800000000000D0FF7C76FFFFFE1A0000000089
:1010900000000000D0FFDFFFFFFFFFB902000000EB
:1010A00000000000D0FFFFFF8770FFFF80000000FE
:1010B00000000000D0FFFF7C0000A7FFFE470000FB
:1010C00000000000D0FF990000000BD2FFEC1E00D2
:1010D00000000000D0FF7C0000000023EEFFC906E6
:1010E00000000000D0FF7C000000000049FEFF94DB
:1010F00000000000D0FF7C0000000000007DFFFF2A
:101100005A000000D0FF7C0000000000000000003A
:1011100000000000D0FF7C00000000000000000084
:1011200000000000D0FF7C00000000000000000074
:1011300000000000D0FF7C00000000000000000064
:1011400000000000D0FF7C00000000000000000054
:1011500000000000D0FF7C00000000000000000044
:1011600000000000D0FF7C00000000000000000034
:1011700000000000D0FF7C00000000000000000024
:1011800000000000D0FF7C00000000000000000014
:1011900000000000D0FF7C00000000000000000004
:1011A00000000000D0FF7C000000000000000000F4
:1011B00000000000D0FF7C000000000000000000E4
:1011C00000000000D0FF7C000000000000000000D4
:1011D00000000000D0FF7C000000000000000000C4
:1011E00000000000D0FF7C000000000000000000B4
:1011F00000000000D0FF7C000000000000000000A4
:1012000000000000D0FF7C00000000000000000093
:1012100000000000D0FF7C00000000000000000083
:1012200000000000D0FF642297DFFCF3BF590000EC
:10123000117FD0F6FAD8840F0000000000000000F3
:1012400000000000D0FFA1F3FFFFFDFFFFFF962D80
:10125000E4FFFFFCFFFFFFDA1500000000000000C4
:1012600000000000D0FFFFEF630E012AB6FFFFF081
:10127000FF9D24011071FBFFA3000000000000008F
:1012800000000000D0FFFF3E0000000008DEFFFF6E
:101290009E000000000081FFFA0C0000000000002A
:1012A00000000000D0FFC00000000000008BFFFF26
:1012B00025000000000023FFFF39000000000000AF
:1012C00000000000D0FF890000000000006EFFF168
:1012D00000000000000006FFFF4A000000000000C0
:1012E00000000000D0FF7C00000000000068FFE468
:1012F00000000000000000FFFF4C000000000000A4
:1013000000000000D0FF7C00000000000068FFE447
:1013100000000000000000FFFF4C00000000000083
:1013200000000000D0FF7C00000000000068FFE427
:1013300000000000000000FFFF4C00000000000063
:1013400000000000D0FF7C00000000000068FFE407
:1013500000000000000000FFFF4C00000000000043
:1013600000000000D0FF7C00000000000068FFE4E7
:1013700000000000000000FFFF4C00000000000023
:1013800000000000D0FF7C00000000000068FFE4C7
:1013900000000000000000FFFF4C00000000000003
:1013A00000000000D0FF7C00000000000068FFE4A7
:1013B00000000000000000FFFF4C000000000000E3
:1013C00000000000D0FF641B8DD9FAF8D17B0A0021
:1013D00000000000D0FF9DEFFFFFFDFFFFFFCE0DDF
:1013E00000000000D0FFFFF36D15001781FEFF9293
:1013F00000000000D0FFFF41000000000090FFF45B
:1014000006000000D0FFC100000000000031FFFF17
:101410002D000000D0FF8A00000000000012FFFF36
:101420003E000000D0FF7C0000000000000CFFFF29
:1014300040000000D0FF7C0000000000000CFFFF17
:1014400040000000D0FF7C0000000000000CFFFF07
:1014500040000000D0FF7C0000000000000CFFFFF7
:1014600040000000D0FF7C0000000000000CFFFFE7
:1014700040000000D0FF7C0000000000000CFFFFD7
:1014800040000000D0FF7C0000000000000CFFFFC7
:10149000400000000000004AAFE8FCF0C26907000D
:1014A000000000000009AAFFFFFFFFFFFFFFD4229A
:1014B0000000000000ADFFFE9632102373F0FFE045
:1014C000100000004FFFFF6300000000002BF2FF40
:1014D00090000000B1FFC0000000000000007DFF90
:1014E000EF040000E8FF710000000000000031FF81
:1014F000FF280000FAFF5A000000000000001AFF59
:10150000FF3A0000E8FF730000000000000032FF17
:10151000FF280000B0FFC30000000000000080FFB3
:10152000EE03000049FFFF6500000000002DF3FFFF
:101530008D00000000A9FFFE942E0C2072F0FFDD4C
:101540000E0000000008A8FFFFFFFFFFFFFFD221F1
:101550000000000000000048AEE8FCF0C066060095
:1015600000000000D0FF640F80D4FAF6D284160089
:1015700000000000D0FF86DFFFFFFFFFFFFFEC4011
:1015800000000000D0FFFEFFA638111F68E8FFF43E
:1015900028000000D0FFFF8100000000001CE5FFD4
:1015A000B8000000D0FFDC030000000000005FFF77
:1015B000FE190000D0FF910000000000000011FFA4
:1015C000FF4A0000D0FF7E0000000000000000FA8B
:1015D000FF5A0000D0FF920000000000000013FF3F
:1015E000FF4A0000D0FFDD0400000000000062FFA1
:1015F000FE170000D0FFFF8200000000001CE6FF85
:10160000B8000000D0FFFFFFA5360C1B65E6FFF415
:1016100028000000D0FF98D8FFFFFFFFFFFFED423A
:1016200000000000D0FF7C0B7BD2FAF7D3841600B9
:1016300000000000D0FF7C0000000000000000005F
:1016400000000000D0FF7C0000000000000000004F
:1016500000000000D0FF7C0000000000000000003F
:1016600000000000D0FF7C0000000000000000002F
:1016700000000000D0FF7C0000000000000000001F
:10168000000000000000015ABAEEFCE8A93408FF8F
:10169000FF300000000FBBFFFFFFFFFFFFFD6DFFEE
:1016A000FF30000001BBFFFE9632102475F2FFFFF1
:1016B000FF30000058FFFF6300000000002EF3FF22
:1016C000FF300000B8FFC0000000000000007FFFF6
:1016D000FF300000EAFF710000000000000031FF51
:1016E000FF300000FAFF5A000000000000001AFF5F
:1016F000FF300000EAFF730000000000000033FF2D
:10170000FF300000B6FFC30000000000000080FFB3
:10171000FF30000057FFFF6500000000002EF5FFBE
:10172000FF30000001BDFFFE942E0C2073F1FFFF7F
:10173000FF3000000010BFFFFFFFFFFFFFFA7AFF3E
:10174000FF3000000000025BBCEEFCE5A42C20FF93
:10175000FF3000000000000000000000000020FF3B
:10176000FF3000000000000000000000000020FF2B
:10177000FF3000000000000000000000000020FF1B
:10178000FF3000000000000000000000000020FF0B
:10179000FF3000000000000000000000000020FFFB
:1017A000FF300000D0FF641890D9FA080000000054
:1017B00000000000D0FF8EEAFFFFFF0800000000DD
:1017C00000000000D0FFFEFE974025010000000051
:1017D00000000000D0FFFF640000000000000000D7
:1017E00000000000D0FFD200000000000000000058
:1017F00000000000D0FF9100000000000000000089
:1018000000000000D0FF7D0000000000000000008C
:1018100000000000D0FF7C0000000000000000007D
:1018200000000000D0FF7C0000000000000000006D
:1018300000000000D0FF7C0000000000000000005D
:1018400000000000D0FF7C0000000000000000004D
:1018500000000000D0FF7C0000000000000000003D
:1018600000000000D0FF7C0000000000000000002D
:101870000000000000001688D2F5FEEBC17F1A00C0
:10188000000000000029E9FFFFFFFFFFFFFFB60097
:101890000000000000BEFFDA450D031B54BF3600F8
:1018A0000000000001FBFF540000000000000000E9
:1018B0000000000000F4FF8F0100000000000000A5
:1018C00000000000009AFFFFD99462340400000079
:1018D0000000000000088EF4FFFFFFFFF0961500E7
:1018E00000000000000000094375A2D8FFFFD405E6
:1018F00000000000000000000000000050FFFF405A
:1019000000000000001D00000000000008FEFF4D68
:101910000000000006E1CD6B2A0A0A2BA7FFF91789
:101920000000000035F6FFFFFFFFFFFFFFFD650031
:1019300000000000001674BBE9FDF9DD9E2F0000D9
:101940000000000000007CFFD40000000000000048
:101950000000000000007CFFD40000000000000038
:101960000000000000007CFFD40000000000000028
:1019700000000000A4FFFFFFFFFFFFFF7800000052
:101980000000000097ECF6FFFFECECEC6F000000AD
:101990000000000000007CFFD400000000000000F8
:1019A0000000000000007CFFD400000000000000E8
:1019B0000000000000007CFFD400000000000000D8
:1019C0000000000000007CFFD400000000000000C8
:1019D0000000000000007CFFD400000000000000B8
:1019E0000000000000007CFFD400000000000000A8
:1019F0000000000000007CFFD40000000000000098
:101A000000000000000073FFE8010000000000007B
:101A100000000000000044FFFF7305104E000000AE
:101A200000000000000002C6FFFFFDFFFB1B0000DE
:101A3000000000000000001095E8FEE69A12000089
:101A400000000000F0FF6000000000000044FFFF05
:101A50000C000000F0FF6000000000000044FFFFE9
:101A60000C000000F0FF6000000000000044FFFFD9
:101A70000C000000F0FF6000000000000044FFFFC9
:101A80000C000000F0FF6000000000000044FFFFB9
:101A90000C000000F0FF6000000000000044FFFFA9
:101AA0000C000000F0FF6000000000000045FFFF98
:101AB0000C000000EEFF6600000000000055FFFF74
:101AC0000C000000DCFF8B00000000000092FFFF14
:101AD0000C000000A8FFE60F0000000025F4FFFF47
:101AE0000C00000040FFFFCF4A1A2469EAFFFFFF05
:101AF0000C0000000084FFFFFFFFFFFFFC81FFFFE1
:101B00000C00000000004BB3ECFEE9A93224FFFFFB
:101B10000C00000001D5FF91000000000000001142
:101B2000F5FF3A000068FFF10C00000000000075AE
:101B3000FFCC0000000BEFFF68000000000003DF97
:101B4000FF5E000000008DFFD4000000000050FF89
:101B5000EA070000000021FDFF3F00000000BEFF7B
:101B600082000000000000B2FFAA0000002CFFFB72
:101B70001B00000000000044FFFB1B000099FFA8B1
:101B80000000000000000001D5FF810011F6FF3ABF
:101B900000000000000000006AFFE80575FFCD00AE
:101BA00000000000000000000BF0FF5BDFFF5E00A4
:101BB0000000000000000000008EFFF0FFEA0800B7
:101BC00000000000000000000023FEFFFF84000072
:101BD00000000000000000000000B3FFFB1B00003D
:101BE00000000000ADFF8200000000000054FFF480
:101BF0000A000000000000CFFF41000000000000CC
:101C00000000000050FFDB010000000000B3FFFFF8
:101C10005B00000000002CFFE2020000000000005A
:101C20000000000007EDFF390000000016FBFFFF79
:101C3000B800000000008AFF8500000000000000DE
:101C4000000000000096FF940000000070FFC1FB40
:101C5000FC1800000003E5FF290000000000000060
:101C6000000000000038FFEB04000000D0FF4BB183
:101C7000FF7100000044FFCC0000000000000000E5
:101C8000000000000001DBFF4B00002DFFE60354C5
:101C9000FFCE000000A4FF6D000000000000000067
:101CA0000000000000007EFFA600008CFF880007F7
:101CB000EDFF2B000CF4FB150000000000000000FD
:101CC00000000000000021FFF60C04E8FF280000DF
:101CD00094FF88005CFFB3000000000000000000DB
:101CE00000000000000000C4FF5D4BFFC8000000C2
:101CF00034FFE302BBFF54000000000000000000BE
:101D00000000000000000067FFB9A9FF67000000A5
:101D100000D4FF5DFDF0080000000000000000009E
:101D20000000000000000010F9FCF9F60F000000B0
:101D30000078FFF3FF9A00000000000000000000A0
:101D40000000000000000000ACFFFFA40000000045
:101D5000001AFDFFFF3C0000000000000000000032
:101D600000000000000000004FFFFF4400000000E2
:101D70000000B8FFDE0100000000000000000000CD
:101D8000000000001EEEFF84000000000042FDFE87
:101D900046000000004DFFFE4500000017E8FF84EC
:101DA0000000000000008CFFE9180002BAFFBD032C
:101DB00000000000000005C7FFBD037CFFE818001D
:101DC000000000000000001EEEFFABFDFD43000020
:101DD00000000000000000004DFFFFFF7F0000003A
:101DE000000000000000000003DCFFFC1700000002
:101DF000000000000000000084FFFFFFB9020000A7
:101E00000000000000000047FEFE5EEDFF7C0000C9
:101E10000000000000001BEAFF83004AFFFD4300B2
:101E2000000000000004C2FFC10300008CFFE81A9C
:101E3000000000000087FFEA1B00000006CAFFC187
:101E40000400000049FEFE49000000000022F1FFEE
:101E50008600000001D5FF92000000000000001184
:101E6000F5FF3A000067FFF10D000000000000726E
:101E7000FFCB0000000AEFFF6A000000000002DC58
:101E8000FF5E0000000089FFD7010000000048FF4E
:101E9000E907000000001EFCFF4400000000B4FF42
:101EA00082000000000000ABFFB100000022FEFB3A
:101EB000190000000000003EFFFD2100008CFFA67D
:101EC0000000000000000000CFFF89000AEFFF388B
:101ED000000000000000000062FFED0962FFCA0080
:101EE000000000000000000008EAFF62CFFF5D0074
:101EF00000000000000000000083FFE9FFE9060089
:101F00000000000000000000001BFBFFFF8000003D
:101F100000000000000000000000A8FFFA17000009
:101F200000000000000000000000A4FFA30000006B
:101F30000000000000000000001FFAFF3600000053
:101F40000000000002A9490823C6FFBB00000000F2
:101F50000000000054FFFFFFFFFFEA230000000025
:101F600000000000097DD7FDEFAA2200000000005C
:101F70000000000000E4FFFFFFFFFFFFFFFFFF6C1A
:101F80000000000000D2ECECECECECECF7FFFF56AC
:101F9000000000000000000000000015E1FFA900A3
:101FA0000000000000000000000003BDFFD30C0093
:101FB0000000000000000000000089FFF024000085
:101FC00000000000000000000055FFFE4C00000073
:101FD00000000000000000002AF4FF830000000061
:101FE000000000000000000EDAFFB5020000000053
:101FF00000000000000001AFFFDC10000000000046
:102000000000000000007CFFF52E00000000000032
:10201000000000000048FDFF590000000000000023
:102020000000000007EEFFFFECECECECECECEC90B9
:10203000000000000CFFFFFFFFFFFFFFFFFFFF9C02
:10204000000000000000000000000000000070061A
:102050000000000000004014141100002002F00DE8
:102060000C0C0103E00230090703010610037005A0
:1020700004040100500370080B17FFFEC004001099
:102080000E110100D005E00807110000E006C00DA8
:102090000D110000F007C00D0D1100000009101017
:1020A00010110000100AC00D0D110000200BD00E01
:1020B0000E110100300C600E0E110000400D700F6B
:1020C0000E110100500ED00E0E110000600F901185
:1020D0001311FF00801130120F1102009012201115
:1020E00010110100A013D01311110200C01510101F
:1020F0000D110200D016400F0D110200E0178012E2
:1021000010110100F01880130F110200001A70075F
:1021100003110200101B500C0B11FF00201C40117A
:1021200010110200301D400E0D110200401EF0166D
:1021300013110200602080130F110200702130146F
:1021400013110100902350110F110200A02430142C
:10215000131401FD202770110F1102003028E00E2A
:102160000E1100004029100E0E110000502A00131D
:102170000F110200602B10111311FF00802D001BA6
:102180001B110000A02F201010110000B030800F94
:102190001111FF00D032C00F0F110100E033600EAB
:1021A0000C0D0100B03460100E120200D035B00DDD
:1021B0000C0D0100A03660100E120100C037B00EE9
:1021C0000D0D0100903880080A120000B0399010FF
:1021D0000E1201FBD03A60100D120200F03BB00667
:1021E00004120100103DD0060917FDFB803EC00E11
:1021F0000D120200A03FB00603120200C040601999
:10220000160D0200604260100D0D02003043400FB9
:102210000E0D0100004460100E1202FB20456010FC
:102220000E1201FB4046D009080D02001047000CB9
:102230000C0D0000E047F0090A100000E0484010D3
:102240000D0D0200B049700D0F0DFF00804A901572
:10225000160D0000204C400D0D0D0000F04C700DCF
:102260000F12FFFB104E800C0C0D0000000005004B
:102270000B000000200000000C0001006C2205088B
:1022800000000000030003002D0000000D0004000A
:1022900000000000000000000000020041000000FB
:1022A0001A00110000000000000000000000020001
:1022B000610000001A002B00000000000000000078
:1022C0000000020064D104084420050874220508B7
:1022D000000000000000041010000000D7050208F4
:1022E000A5010208000000001D000000070000001A
:1022F00008FE0100C42205085C5B04080000000021
:1023000064656661756C745461736B00636F6E74A1
:10231000726F6C00636F6D6D756E69636174696F68
:102320006E0000006163717569736974696F6E0096
:10233000696E64696361746F720000006469737030
:102340006C617900656C6F674173796E63000000A2
:10235000412F0000442F0000452F0000492F0000AE
:10236000562F0000572F00006C765F6F626A0000E6
:102370006C765F627574746F6E0000006C765F6CD3
:102380006162656C00000000A823050800000020C1
:10239000BC0100000E09000808240508BC0100204B
:1023A000F46F0100F24000088132104201037524ED
:1023B000F41AAA0101701314020220202BBC01247C
:1023C00013024032015504024010191032801A08DD
:1023D0000839422B02401F29205A4008291F29187A
:1023E00069306918114A0410720285512C01081EC7
:1023F0005023050858041A64041A5C041A54041A79
:0824000060040111396D210097
:040000050800019955
:00000001FF
