/*
 * Original Font License:
 * ------------------------------------------------------------
 * Copyright 2024 The Montserrat.Git Project Authors (https://github.com/JulietaUla/Montserrat.git).
 * This Font Software is licensed under the SIL Open Font License, Version 1.1.
 * And is also available with a FAQ at: http://scripts.sil.org/OFL
 * ------------------------------------------------------------
 *
 * This file was automatically generated by GUI Guider (NXP Semiconductors):
 * ------------------------------------------------------------
 * Conversion Tool : GUI Guider
 * Vendor          : NXP Semiconductors
 * Version         : 2.0.1
 * Generated on    : 2026/10/4
 * Purpose         : Convert font file into C source code for embedded GUI usage.
 *
 * Disclaimer:
 * This generated file is derived from the original font file and
 * retains its original license terms. Ensure compliance with the
 * font license when using this file in your application.
 * ------------------------------------------------------------
 *//*******************************************************************************
 * Size: 24 px
 * Bpp: 8
 * Opts: undefined
 ******************************************************************************/

#ifdef __has_include
    #if __has_include("lvgl.h")
        #ifndef LV_LVGL_H_INCLUDE_SIMPLE
            #define LV_LVGL_H_INCLUDE_SIMPLE
        #endif
    #endif
#endif

#ifdef LV_LVGL_H_INCLUDE_SIMPLE
    #include "lvgl.h"
#else
    #include "lvgl.h"
#endif

#if !LV_VERSION_CHECK(9, 3, 0)
#error "At least LVGL v9.3 is required to use the stride attribute of the fonts"
#endif

#ifndef LV_FONT_MONTSERRATMEDIUM_24
#define LV_FONT_MONTSERRATMEDIUM_24 1
#endif

#if LV_FONT_MONTSERRATMEDIUM_24

/*-----------------
 *    BITMAPS
 *----------------*/

/*Store the image of the glyphs*/
static LV_ATTRIBUTE_MEM_ALIGN LV_ATTRIBUTE_LARGE_CONST const uint8_t glyph_bitmap[] = {
    /* U+0020 " " */

    /* U+0025 "%" */
    0x00, 0x00, 0x3a, 0xc4, 0xf9, 0xed, 0x98, 0x0f, 0x00, 0x00, 0x00, 0x00, 0x00, 0x00, 0x6a, 0xff, 0x70, 0x00, 0x00, 0x00, 0x00, 0x00, 0x00, 0x00, 0x00, 0x00, 0x00, 0x00, 0x00, 0x00, 0x00, 0x00,
    0x00, 0x33, 0xf8, 0xb7, 0x48, 0x60, 0xe7, 0xc2, 0x02, 0x00, 0x00, 0x00, 0x00, 0x23, 0xf5, 0xc3, 0x02, 0x00, 0x00, 0x00, 0x00, 0x00, 0x00, 0x00, 0x00, 0x00, 0x00, 0x00, 0x00, 0x00, 0x00, 0x00,
    0x00, 0xb9, 0xdf, 0x06, 0x00, 0x00, 0x47, 0xff, 0x52, 0x00, 0x00, 0x00, 0x02, 0xc2, 0xf5, 0x23, 0x00, 0x00, 0x00, 0x00, 0x00, 0x00, 0x00, 0x00, 0x00, 0x00, 0x00, 0x00, 0x00, 0x00, 0x00, 0x00,
    0x06, 0xfa, 0x8f, 0x00, 0x00, 0x00, 0x01, 0xf1, 0x96, 0x00, 0x00, 0x00, 0x70, 0xff, 0x6a, 0x00, 0x00, 0x00, 0x00, 0x00, 0x00, 0x00, 0x00, 0x00, 0x00, 0x00, 0x00, 0x00, 0x00, 0x00, 0x00, 0x00,
    0x19, 0xff, 0x78, 0x00, 0x00, 0x00, 0x00, 0xdc, 0xad, 0x00, 0x00, 0x26, 0xf6, 0xbc, 0x01, 0x00, 0x00, 0x00, 0x00, 0x00, 0x00, 0x00, 0x00, 0x00, 0x00, 0x00, 0x00, 0x00, 0x00, 0x00, 0x00, 0x00,
    0x0c, 0xff, 0x89, 0x00, 0x00, 0x00, 0x00, 0xec, 0xa0, 0x00, 0x03, 0xc8, 0xf2, 0x1f, 0x00, 0x00, 0x00, 0x00, 0x00, 0x00, 0x00, 0x00, 0x00, 0x00, 0x00, 0x00, 0x00, 0x00, 0x00, 0x00, 0x00, 0x00,
    0x00, 0xd4, 0xd3, 0x01, 0x00, 0x00, 0x36, 0xff, 0x69, 0x00, 0x75, 0xff, 0x65, 0x00, 0x00, 0x00, 0x00, 0x00, 0x00, 0x00, 0x00, 0x00, 0x00, 0x00, 0x00, 0x00, 0x00, 0x00, 0x00, 0x00, 0x00, 0x00,
    0x00, 0x5f, 0xff, 0x97, 0x24, 0x3c, 0xd7, 0xe9, 0x0f, 0x2c, 0xf9, 0xb5, 0x01, 0x00, 0x04, 0x14, 0x02, 0x00, 0x00, 0x00, 0x00, 0x00, 0x00, 0x00, 0x00, 0x00, 0x00, 0x00, 0x00, 0x00, 0x00, 0x00,
    0x00, 0x00, 0x7c, 0xfa, 0xff, 0xff, 0xde, 0x34, 0x04, 0xcc, 0xf0, 0x1b, 0x07, 0x92, 0xf5, 0xff, 0xef, 0x7c, 0x01, 0x00, 0x00, 0x00, 0x00, 0x00, 0x00, 0x00, 0x00, 0x00, 0x00, 0x00, 0x00, 0x00,
    0x00, 0x00, 0x00, 0x13, 0x41, 0x35, 0x03, 0x00, 0x7d, 0xff, 0x5b, 0x00, 0xa1, 0xfd, 0x86, 0x4f, 0x9a, 0xff, 0x7e, 0x00, 0x00, 0x00, 0x00, 0x00, 0x00, 0x00, 0x00, 0x00, 0x00, 0x00, 0x00, 0x00,
    0x00, 0x00, 0x00, 0x00, 0x00, 0x00, 0x00, 0x30, 0xfa, 0xb0, 0x00, 0x24, 0xff, 0x86, 0x00, 0x00, 0x00, 0xaa, 0xf6, 0x0d, 0x00, 0x00, 0x00, 0x00, 0x00, 0x00, 0x00, 0x00, 0x00, 0x00, 0x00, 0x00,
    0x00, 0x00, 0x00, 0x00, 0x00, 0x00, 0x06, 0xd0, 0xec, 0x17, 0x00, 0x60, 0xff, 0x2e, 0x00, 0x00, 0x00, 0x52, 0xff, 0x43, 0x00, 0x00, 0x00, 0x00, 0x00, 0x00, 0x00, 0x00, 0x00, 0x00, 0x00, 0x00,
    0x00, 0x00, 0x00, 0x00, 0x00, 0x00, 0x83, 0xff, 0x56, 0x00, 0x00, 0x72, 0xff, 0x16, 0x00, 0x00, 0x00, 0x3b, 0xff, 0x55, 0x00, 0x00, 0x00, 0x00, 0x00, 0x00, 0x00, 0x00, 0x00, 0x00, 0x00, 0x00,
    0x00, 0x00, 0x00, 0x00, 0x00, 0x34, 0xfc, 0xaa, 0x00, 0x00, 0x00, 0x5d, 0xff, 0x2b, 0x00, 0x00, 0x00, 0x50, 0xff, 0x40, 0x00, 0x00, 0x00, 0x00, 0x00, 0x00, 0x00, 0x00, 0x00, 0x00, 0x00, 0x00,
    0x00, 0x00, 0x00, 0x00, 0x07, 0xd4, 0xe9, 0x14, 0x00, 0x00, 0x00, 0x1d, 0xfd, 0x80, 0x00, 0x00, 0x00, 0xa4, 0xf1, 0x09, 0x00, 0x00, 0x00, 0x00, 0x00, 0x00, 0x00, 0x00, 0x00, 0x00, 0x00, 0x00,
    0x00, 0x00, 0x00, 0x00, 0x8a, 0xff, 0x50, 0x00, 0x00, 0x00, 0x00, 0x00, 0x90, 0xfb, 0x79, 0x42, 0x8c, 0xff, 0x6f, 0x00, 0x00, 0x00, 0x00, 0x00, 0x00, 0x00, 0x00, 0x00, 0x00, 0x00, 0x00, 0x00,
    0x00, 0x00, 0x00, 0x38, 0xfd, 0xa2, 0x00, 0x00, 0x00, 0x00, 0x00, 0x00, 0x03, 0x79, 0xe1, 0xfc, 0xd9, 0x65, 0x00, 0x00, 0x00, 0x00, 0x00, 0x00, 0x00, 0x00, 0x00, 0x00, 0x00, 0x00, 0x00, 0x00,

    /* U+002B "+" */
    0x00, 0x00, 0x00, 0x00, 0x04, 0x80, 0x7e, 0x00, 0x00, 0x00, 0x00, 0x00, 0x00, 0x00, 0x00, 0x00,
    0x00, 0x00, 0x00, 0x00, 0x08, 0xff, 0xfc, 0x00, 0x00, 0x00, 0x00, 0x00, 0x00, 0x00, 0x00, 0x00,
    0x00, 0x00, 0x00, 0x00, 0x08, 0xff, 0xfc, 0x00, 0x00, 0x00, 0x00, 0x00, 0x00, 0x00, 0x00, 0x00,
    0x00, 0x00, 0x00, 0x00, 0x08, 0xff, 0xfc, 0x00, 0x00, 0x00, 0x00, 0x00, 0x00, 0x00, 0x00, 0x00,
    0x00, 0x00, 0x00, 0x00, 0x08, 0xff, 0xfc, 0x00, 0x00, 0x00, 0x00, 0x00, 0x00, 0x00, 0x00, 0x00,
    0x5c, 0xec, 0xec, 0xec, 0xee, 0xff, 0xff, 0xec, 0xec, 0xec, 0xec, 0x55, 0x00, 0x00, 0x00, 0x00,
    0x64, 0xff, 0xff, 0xff, 0xff, 0xff, 0xff, 0xff, 0xff, 0xff, 0xff, 0x5c, 0x00, 0x00, 0x00, 0x00,
    0x00, 0x00, 0x00, 0x00, 0x08, 0xff, 0xfc, 0x00, 0x00, 0x00, 0x00, 0x00, 0x00, 0x00, 0x00, 0x00,
    0x00, 0x00, 0x00, 0x00, 0x08, 0xff, 0xfc, 0x00, 0x00, 0x00, 0x00, 0x00, 0x00, 0x00, 0x00, 0x00,
    0x00, 0x00, 0x00, 0x00, 0x08, 0xff, 0xfc, 0x00, 0x00, 0x00, 0x00, 0x00, 0x00, 0x00, 0x00, 0x00,
    0x00, 0x00, 0x00, 0x00, 0x08, 0xff, 0xfc, 0x00, 0x00, 0x00, 0x00, 0x00, 0x00, 0x00, 0x00, 0x00,
    0x00, 0x00, 0x00, 0x00, 0x04, 0x80, 0x7e, 0x00, 0x00, 0x00, 0x00, 0x00, 0x00, 0x00, 0x00, 0x00,

    /* U+002D "-" */
    0x03, 0x04, 0x04, 0x04, 0x04, 0x04, 0x03, 0x00, 0x00, 0x00, 0x00, 0x00, 0x00, 0x00, 0x00, 0x00,
    0xa0, 0xff, 0xff, 0xff, 0xff, 0xff, 0xd4, 0x00, 0x00, 0x00, 0x00, 0x00, 0x00, 0x00, 0x00, 0x00,
    0xa0, 0xff, 0xff, 0xff, 0xff, 0xff, 0xd4, 0x00, 0x00, 0x00, 0x00, 0x00, 0x00, 0x00, 0x00, 0x00,

    /* U+002E "." */
    0x05, 0x47, 0x21, 0x00, 0x00, 0x00, 0x00, 0x00, 0x00, 0x00, 0x00, 0x00, 0x00, 0x00, 0x00, 0x00,
    0xa5, 0xff, 0xf6, 0x1f, 0x00, 0x00, 0x00, 0x00, 0x00, 0x00, 0x00, 0x00, 0x00, 0x00, 0x00, 0x00,
    0xdc, 0xff, 0xff, 0x48, 0x00, 0x00, 0x00, 0x00, 0x00, 0x00, 0x00, 0x00, 0x00, 0x00, 0x00, 0x00,
    0x63, 0xf3, 0xc1, 0x09, 0x00, 0x00, 0x00, 0x00, 0x00, 0x00, 0x00, 0x00, 0x00, 0x00, 0x00, 0x00,

    /* U+002F "/" */
    0x00, 0x00, 0x00, 0x00, 0x00, 0x00, 0x00, 0x03, 0xe9, 0xff, 0x2c, 0x00, 0x00, 0x00, 0x00, 0x00,
    0x00, 0x00, 0x00, 0x00, 0x00, 0x00, 0x00, 0x44, 0xff, 0xd4, 0x00, 0x00, 0x00, 0x00, 0x00, 0x00,
    0x00, 0x00, 0x00, 0x00, 0x00, 0x00, 0x00, 0x9c, 0xff, 0x7c, 0x00, 0x00, 0x00, 0x00, 0x00, 0x00,
    0x00, 0x00, 0x00, 0x00, 0x00, 0x00, 0x06, 0xee, 0xff, 0x24, 0x00, 0x00, 0x00, 0x00, 0x00, 0x00,
    0x00, 0x00, 0x00, 0x00, 0x00, 0x00, 0x4e, 0xff, 0xcc, 0x00, 0x00, 0x00, 0x00, 0x00, 0x00, 0x00,
    0x00, 0x00, 0x00, 0x00, 0x00, 0x00, 0xa6, 0xff, 0x72, 0x00, 0x00, 0x00, 0x00, 0x00, 0x00, 0x00,
    0x00, 0x00, 0x00, 0x00, 0x00, 0x0a, 0xf4, 0xfe, 0x1c, 0x00, 0x00, 0x00, 0x00, 0x00, 0x00, 0x00,
    0x00, 0x00, 0x00, 0x00, 0x00, 0x56, 0xff, 0xc2, 0x00, 0x00, 0x00, 0x00, 0x00, 0x00, 0x00, 0x00,
    0x00, 0x00, 0x00, 0x00, 0x00, 0xae, 0xff, 0x6a, 0x00, 0x00, 0x00, 0x00, 0x00, 0x00, 0x00, 0x00,
    0x00, 0x00, 0x00, 0x00, 0x0e, 0xf7, 0xfc, 0x16, 0x00, 0x00, 0x00, 0x00, 0x00, 0x00, 0x00, 0x00,
    0x00, 0x00, 0x00, 0x00, 0x5e, 0xff, 0xba, 0x00, 0x00, 0x00, 0x00, 0x00, 0x00, 0x00, 0x00, 0x00,
    0x00, 0x00, 0x00, 0x00, 0xb6, 0xff, 0x62, 0x00, 0x00, 0x00, 0x00, 0x00, 0x00, 0x00, 0x00, 0x00,
    0x00, 0x00, 0x00, 0x13, 0xfb, 0xf9, 0x11, 0x00, 0x00, 0x00, 0x00, 0x00, 0x00, 0x00, 0x00, 0x00,
    0x00, 0x00, 0x00, 0x67, 0xff, 0xb2, 0x00, 0x00, 0x00, 0x00, 0x00, 0x00, 0x00, 0x00, 0x00, 0x00,
    0x00, 0x00, 0x00, 0xbe, 0xff, 0x59, 0x00, 0x00, 0x00, 0x00, 0x00, 0x00, 0x00, 0x00, 0x00, 0x00,
    0x00, 0x00, 0x19, 0xfd, 0xf6, 0x0c, 0x00, 0x00, 0x00, 0x00, 0x00, 0x00, 0x00, 0x00, 0x00, 0x00,
    0x00, 0x00, 0x6f, 0xff, 0xaa, 0x00, 0x00, 0x00, 0x00, 0x00, 0x00, 0x00, 0x00, 0x00, 0x00, 0x00,
    0x00, 0x00, 0xc8, 0xff, 0x51, 0x00, 0x00, 0x00, 0x00, 0x00, 0x00, 0x00, 0x00, 0x00, 0x00, 0x00,
    0x00, 0x20, 0xff, 0xf1, 0x07, 0x00, 0x00, 0x00, 0x00, 0x00, 0x00, 0x00, 0x00, 0x00, 0x00, 0x00,
    0x00, 0x78, 0xff, 0xa0, 0x00, 0x00, 0x00, 0x00, 0x00, 0x00, 0x00, 0x00, 0x00, 0x00, 0x00, 0x00,
    0x00, 0xd0, 0xff, 0x48, 0x00, 0x00, 0x00, 0x00, 0x00, 0x00, 0x00, 0x00, 0x00, 0x00, 0x00, 0x00,
    0x28, 0xff, 0xec, 0x04, 0x00, 0x00, 0x00, 0x00, 0x00, 0x00, 0x00, 0x00, 0x00, 0x00, 0x00, 0x00,
    0x80, 0xff, 0x98, 0x00, 0x00, 0x00, 0x00, 0x00, 0x00, 0x00, 0x00, 0x00, 0x00, 0x00, 0x00, 0x00,

    /* U+0030 "0" */
    0x00, 0x00, 0x00, 0x11, 0x81, 0xd2, 0xf6, 0xf7, 0xd2, 0x82, 0x12, 0x00, 0x00, 0x00, 0x00, 0x00,
    0x00, 0x00, 0x38, 0xe8, 0xff, 0xff, 0xff, 0xff, 0xff, 0xff, 0xea, 0x3d, 0x00, 0x00, 0x00, 0x00,
    0x00, 0x23, 0xf0, 0xff, 0xed, 0x77, 0x38, 0x38, 0x74, 0xea, 0xff, 0xf3, 0x28, 0x00, 0x00, 0x00,
    0x00, 0xb9, 0xff, 0xe9, 0x21, 0x00, 0x00, 0x00, 0x00, 0x1f, 0xe6, 0xff, 0xc0, 0x00, 0x00, 0x00,
    0x2f, 0xff, 0xff, 0x5c, 0x00, 0x00, 0x00, 0x00, 0x00, 0x00, 0x5a, 0xff, 0xff, 0x34, 0x00, 0x00,
    0x7f, 0xff, 0xef, 0x05, 0x00, 0x00, 0x00, 0x00, 0x00, 0x00, 0x04, 0xef, 0xff, 0x84, 0x00, 0x00,
    0xb0, 0xff, 0xb7, 0x00, 0x00, 0x00, 0x00, 0x00, 0x00, 0x00, 0x00, 0xb7, 0xff, 0xb5, 0x00, 0x00,
    0xcd, 0xff, 0x97, 0x00, 0x00, 0x00, 0x00, 0x00, 0x00, 0x00, 0x00, 0x97, 0xff, 0xd1, 0x00, 0x00,
    0xd6, 0xff, 0x8e, 0x00, 0x00, 0x00, 0x00, 0x00, 0x00, 0x00, 0x00, 0x8e, 0xff, 0xda, 0x00, 0x00,
    0xcd, 0xff, 0x97, 0x00, 0x00, 0x00, 0x00, 0x00, 0x00, 0x00, 0x00, 0x97, 0xff, 0xd1, 0x00, 0x00,
    0xb0, 0xff, 0xb7, 0x00, 0x00, 0x00, 0x00, 0x00, 0x00, 0x00, 0x00, 0xb7, 0xff, 0xb5, 0x00, 0x00,
    0x80, 0xff, 0xef, 0x04, 0x00, 0x00, 0x00, 0x00, 0x00, 0x00, 0x04, 0xee, 0xff, 0x84, 0x00, 0x00,
    0x30, 0xff, 0xff, 0x5b, 0x00, 0x00, 0x00, 0x00, 0x00, 0x00, 0x58, 0xff, 0xff, 0x34, 0x00, 0x00,
    0x00, 0xbd, 0xff, 0xe6, 0x1f, 0x00, 0x00, 0x00, 0x00, 0x1d, 0xe4, 0xff, 0xc2, 0x00, 0x00, 0x00,
    0x00, 0x26, 0xf2, 0xff, 0xeb, 0x73, 0x35, 0x32, 0x6f, 0xe8, 0xff, 0xf4, 0x2a, 0x00, 0x00, 0x00,
    0x00, 0x00, 0x39, 0xe9, 0xff, 0xff, 0xff, 0xff, 0xff, 0xff, 0xea, 0x3f, 0x00, 0x00, 0x00, 0x00,
    0x00, 0x00, 0x00, 0x12, 0x82, 0xd2, 0xf6, 0xf9, 0xd3, 0x83, 0x13, 0x00, 0x00, 0x00, 0x00, 0x00,

    /* U+0031 "1" */
    0xd0, 0xff, 0xff, 0xff, 0xff, 0xff, 0x5c, 0x00, 0x00, 0x00, 0x00, 0x00, 0x00, 0x00, 0x00, 0x00,
    0xd0, 0xff, 0xff, 0xff, 0xff, 0xff, 0x5c, 0x00, 0x00, 0x00, 0x00, 0x00, 0x00, 0x00, 0x00, 0x00,
    0x17, 0x1c, 0x1c, 0x20, 0xff, 0xff, 0x5c, 0x00, 0x00, 0x00, 0x00, 0x00, 0x00, 0x00, 0x00, 0x00,
    0x00, 0x00, 0x00, 0x04, 0xff, 0xff, 0x5c, 0x00, 0x00, 0x00, 0x00, 0x00, 0x00, 0x00, 0x00, 0x00,
    0x00, 0x00, 0x00, 0x04, 0xff, 0xff, 0x5c, 0x00, 0x00, 0x00, 0x00, 0x00, 0x00, 0x00, 0x00, 0x00,
    0x00, 0x00, 0x00, 0x04, 0xff, 0xff, 0x5c, 0x00, 0x00, 0x00, 0x00, 0x00, 0x00, 0x00, 0x00, 0x00,
    0x00, 0x00, 0x00, 0x04, 0xff, 0xff, 0x5c, 0x00, 0x00, 0x00, 0x00, 0x00, 0x00, 0x00, 0x00, 0x00,
    0x00, 0x00, 0x00, 0x04, 0xff, 0xff, 0x5c, 0x00, 0x00, 0x00, 0x00, 0x00, 0x00, 0x00, 0x00, 0x00,
    0x00, 0x00, 0x00, 0x04, 0xff, 0xff, 0x5c, 0x00, 0x00, 0x00, 0x00, 0x00, 0x00, 0x00, 0x00, 0x00,
    0x00, 0x00, 0x00, 0x04, 0xff, 0xff, 0x5c, 0x00, 0x00, 0x00, 0x00, 0x00, 0x00, 0x00, 0x00, 0x00,
    0x00, 0x00, 0x00, 0x04, 0xff, 0xff, 0x5c, 0x00, 0x00, 0x00, 0x00, 0x00, 0x00, 0x00, 0x00, 0x00,
    0x00, 0x00, 0x00, 0x04, 0xff, 0xff, 0x5c, 0x00, 0x00, 0x00, 0x00, 0x00, 0x00, 0x00, 0x00, 0x00,
    0x00, 0x00, 0x00, 0x04, 0xff, 0xff, 0x5c, 0x00, 0x00, 0x00, 0x00, 0x00, 0x00, 0x00, 0x00, 0x00,
    0x00, 0x00, 0x00, 0x04, 0xff, 0xff, 0x5c, 0x00, 0x00, 0x00, 0x00, 0x00, 0x00, 0x00, 0x00, 0x00,
    0x00, 0x00, 0x00, 0x04, 0xff, 0xff, 0x5c, 0x00, 0x00, 0x00, 0x00, 0x00, 0x00, 0x00, 0x00, 0x00,
    0x00, 0x00, 0x00, 0x04, 0xff, 0xff, 0x5c, 0x00, 0x00, 0x00, 0x00, 0x00, 0x00, 0x00, 0x00, 0x00,
    0x00, 0x00, 0x00, 0x04, 0xff, 0xff, 0x5c, 0x00, 0x00, 0x00, 0x00, 0x00, 0x00, 0x00, 0x00, 0x00,

    /* U+0032 "2" */
    0x00, 0x00, 0x24, 0x88, 0xcd, 0xf2, 0xfe, 0xef, 0xc4, 0x6e, 0x08, 0x00, 0x00, 0x00, 0x00, 0x00,
    0x02, 0x86, 0xfc, 0xff, 0xff, 0xff, 0xff, 0xff, 0xff, 0xff, 0xd4, 0x17, 0x00, 0x00, 0x00, 0x00,
    0x67, 0xff, 0xff, 0xc8, 0x67, 0x39, 0x2f, 0x4f, 0xab, 0xff, 0xff, 0xb3, 0x00, 0x00, 0x00, 0x00,
    0x03, 0x94, 0x79, 0x01, 0x00, 0x00, 0x00, 0x00, 0x00, 0x96, 0xff, 0xfe, 0x16, 0x00, 0x00, 0x00,
    0x00, 0x00, 0x00, 0x00, 0x00, 0x00, 0x00, 0x00, 0x00, 0x36, 0xff, 0xff, 0x38, 0x00, 0x00, 0x00,
    0x00, 0x00, 0x00, 0x00, 0x00, 0x00, 0x00, 0x00, 0x00, 0x38, 0xff, 0xff, 0x2a, 0x00, 0x00, 0x00,
    0x00, 0x00, 0x00, 0x00, 0x00, 0x00, 0x00, 0x00, 0x00, 0x81, 0xff, 0xee, 0x05, 0x00, 0x00, 0x00,
    0x00, 0x00, 0x00, 0x00, 0x00, 0x00, 0x00, 0x00, 0x28, 0xf4, 0xff, 0x7f, 0x00, 0x00, 0x00, 0x00,
    0x00, 0x00, 0x00, 0x00, 0x00, 0x00, 0x00, 0x20, 0xe1, 0xff, 0xca, 0x07, 0x00, 0x00, 0x00, 0x00,
    0x00, 0x00, 0x00, 0x00, 0x00, 0x00, 0x25, 0xe2, 0xff, 0xd5, 0x16, 0x00, 0x00, 0x00, 0x00, 0x00,
    0x00, 0x00, 0x00, 0x00, 0x00, 0x2b, 0xe7, 0xff, 0xd4, 0x17, 0x00, 0x00, 0x00, 0x00, 0x00, 0x00,
    0x00, 0x00, 0x00, 0x00, 0x32, 0xeb, 0xff, 0xce, 0x15, 0x00, 0x00, 0x00, 0x00, 0x00, 0x00, 0x00,
    0x00, 0x00, 0x00, 0x38, 0xef, 0xff, 0xc9, 0x11, 0x00, 0x00, 0x00, 0x00, 0x00, 0x00, 0x00, 0x00,
    0x00, 0x00, 0x3f, 0xf2, 0xff, 0xc3, 0x0e, 0x00, 0x00, 0x00, 0x00, 0x00, 0x00, 0x00, 0x00, 0x00,
    0x00, 0x46, 0xf6, 0xff, 0xd2, 0x27, 0x1c, 0x1c, 0x1c, 0x1c, 0x1c, 0x1c, 0x1b, 0x00, 0x00, 0x00,
    0x14, 0xf8, 0xff, 0xff, 0xff, 0xff, 0xff, 0xff, 0xff, 0xff, 0xff, 0xff, 0xf4, 0x00, 0x00, 0x00,
    0x1c, 0xff, 0xff, 0xff, 0xff, 0xff, 0xff, 0xff, 0xff, 0xff, 0xff, 0xff, 0xf4, 0x00, 0x00, 0x00,

    /* U+0033 "3" */
    0x1c, 0xff, 0xff, 0xff, 0xff, 0xff, 0xff, 0xff, 0xff, 0xff, 0xff, 0xf8, 0x00, 0x00, 0x00, 0x00,
    0x1c, 0xff, 0xff, 0xff, 0xff, 0xff, 0xff, 0xff, 0xff, 0xff, 0xff, 0xeb, 0x00, 0x00, 0x00, 0x00,
    0x03, 0x1c, 0x1c, 0x1c, 0x1c, 0x1c, 0x1c, 0x1c, 0x7a, 0xff, 0xfe, 0x4b, 0x00, 0x00, 0x00, 0x00,
    0x00, 0x00, 0x00, 0x00, 0x00, 0x00, 0x00, 0x36, 0xf8, 0xff, 0x7a, 0x00, 0x00, 0x00, 0x00, 0x00,
    0x00, 0x00, 0x00, 0x00, 0x00, 0x00, 0x1a, 0xe5, 0xff, 0xa9, 0x01, 0x00, 0x00, 0x00, 0x00, 0x00,
    0x00, 0x00, 0x00, 0x00, 0x00, 0x07, 0xc8, 0xff, 0xcd, 0x0a, 0x00, 0x00, 0x00, 0x00, 0x00, 0x00,
    0x00, 0x00, 0x00, 0x00, 0x00, 0xa0, 0xff, 0xea, 0x1f, 0x00, 0x00, 0x00, 0x00, 0x00, 0x00, 0x00,
    0x00, 0x00, 0x00, 0x00, 0x39, 0xff, 0xff, 0xfa, 0xd1, 0x8c, 0x1e, 0x00, 0x00, 0x00, 0x00, 0x00,
    0x00, 0x00, 0x00, 0x00, 0x3e, 0xf8, 0xfb, 0xff, 0xff, 0xff, 0xf4, 0x46, 0x00, 0x00, 0x00, 0x00,
    0x00, 0x00, 0x00, 0x00, 0x00, 0x00, 0x00, 0x16, 0x5c, 0xe4, 0xff, 0xf0, 0x15, 0x00, 0x00, 0x00,
    0x00, 0x00, 0x00, 0x00, 0x00, 0x00, 0x00, 0x00, 0x00, 0x29, 0xfc, 0xff, 0x72, 0x00, 0x00, 0x00,
    0x00, 0x00, 0x00, 0x00, 0x00, 0x00, 0x00, 0x00, 0x00, 0x00, 0xcc, 0xff, 0x9d, 0x00, 0x00, 0x00,
    0x00, 0x00, 0x00, 0x00, 0x00, 0x00, 0x00, 0x00, 0x00, 0x00, 0xd5, 0xff, 0x96, 0x00, 0x00, 0x00,
    0x18, 0xab, 0x1a, 0x00, 0x00, 0x00, 0x00, 0x00, 0x00, 0x4a, 0xff, 0xff, 0x5c, 0x00, 0x00, 0x00,
    0x9e, 0xff, 0xf7, 0xa4, 0x59, 0x33, 0x2b, 0x45, 0x93, 0xfa, 0xff, 0xdd, 0x08, 0x00, 0x00, 0x00,
    0x40, 0xdb, 0xff, 0xff, 0xff, 0xff, 0xff, 0xff, 0xff, 0xff, 0xe2, 0x2b, 0x00, 0x00, 0x00, 0x00,
    0x00, 0x04, 0x50, 0xa2, 0xd9, 0xf6, 0xfe, 0xef, 0xc3, 0x74, 0x0d, 0x00, 0x00, 0x00, 0x00, 0x00,

    /* U+0034 "4" */
    0x00, 0x00, 0x00, 0x00, 0x00, 0x00, 0x00, 0x00, 0x0c, 0xd6, 0xff, 0xb6, 0x01, 0x00, 0x00, 0x00,
    0x00, 0x00, 0x00, 0x00, 0x00, 0x00, 0x00, 0x00, 0xa4, 0xff, 0xe3, 0x13, 0x00, 0x00, 0x00, 0x00,
    0x00, 0x00, 0x00, 0x00, 0x00, 0x00, 0x00, 0x66, 0xff, 0xfb, 0x3a, 0x00, 0x00, 0x00, 0x00, 0x00,
    0x00, 0x00, 0x00, 0x00, 0x00, 0x00, 0x31, 0xf8, 0xff, 0x75, 0x00, 0x00, 0x00, 0x00, 0x00, 0x00,
    0x00, 0x00, 0x00, 0x00, 0x00, 0x0f, 0xdd, 0xff, 0xb3, 0x01, 0x00, 0x00, 0x00, 0x00, 0x00, 0x00,
    0x00, 0x00, 0x00, 0x00, 0x01, 0xaf, 0xff, 0xe2, 0x12, 0x00, 0x00, 0x00, 0x00, 0x00, 0x00, 0x00,
    0x00, 0x00, 0x00, 0x00, 0x71, 0xff, 0xfa, 0x37, 0x00, 0x00, 0x00, 0x00, 0x00, 0x00, 0x00, 0x00,
    0x00, 0x00, 0x00, 0x3a, 0xfb, 0xff, 0x70, 0x00, 0x00, 0x00, 0x95, 0xd8, 0x7d, 0x00, 0x00, 0x00,
    0x00, 0x00, 0x15, 0xe3, 0xff, 0xaf, 0x01, 0x00, 0x00, 0x00, 0xb0, 0xff, 0x94, 0x00, 0x00, 0x00,
    0x00, 0x02, 0xb8, 0xff, 0xdf, 0x10, 0x00, 0x00, 0x00, 0x00, 0xb0, 0xff, 0x94, 0x00, 0x00, 0x00,
    0x00, 0x7c, 0xff, 0xff, 0x4c, 0x18, 0x18, 0x18, 0x18, 0x18, 0xba, 0xff, 0xa0, 0x18, 0x18, 0x12,
    0x13, 0xfd, 0xff, 0xff, 0xff, 0xff, 0xff, 0xff, 0xff, 0xff, 0xff, 0xff, 0xff, 0xff, 0xff, 0xc4,
    0x18, 0xff, 0xff, 0xff, 0xff, 0xff, 0xff, 0xff, 0xff, 0xff, 0xff, 0xff, 0xff, 0xff, 0xff, 0xc4,
    0x00, 0x00, 0x00, 0x00, 0x00, 0x00, 0x00, 0x00, 0x00, 0x00, 0xc0, 0xff, 0x94, 0x00, 0x00, 0x00,
    0x00, 0x00, 0x00, 0x00, 0x00, 0x00, 0x00, 0x00, 0x00, 0x00, 0xc0, 0xff, 0x94, 0x00, 0x00, 0x00,
    0x00, 0x00, 0x00, 0x00, 0x00, 0x00, 0x00, 0x00, 0x00, 0x00, 0xc0, 0xff, 0x94, 0x00, 0x00, 0x00,
    0x00, 0x00, 0x00, 0x00, 0x00, 0x00, 0x00, 0x00, 0x00, 0x00, 0xc0, 0xff, 0x94, 0x00, 0x00, 0x00,

    /* U+0035 "5" */
    0x00, 0x00, 0x89, 0xff, 0xff, 0xff, 0xff, 0xff, 0xff, 0xff, 0xff, 0xff, 0x00, 0x00, 0x00, 0x00,
    0x00, 0x00, 0xa2, 0xff, 0xff, 0xff, 0xff, 0xff, 0xff, 0xff, 0xff, 0xff, 0x00, 0x00, 0x00, 0x00,
    0x00, 0x00, 0xbc, 0xff, 0x8e, 0x1c, 0x1c, 0x1c, 0x1c, 0x1c, 0x1c, 0x1c, 0x00, 0x00, 0x00, 0x00,
    0x00, 0x00, 0xd5, 0xff, 0x66, 0x00, 0x00, 0x00, 0x00, 0x00, 0x00, 0x00, 0x00, 0x00, 0x00, 0x00,
    0x00, 0x00, 0xee, 0xff, 0x4e, 0x00, 0x00, 0x00, 0x00, 0x00, 0x00, 0x00, 0x00, 0x00, 0x00, 0x00,
    0x00, 0x08, 0xff, 0xff, 0x34, 0x00, 0x00, 0x00, 0x00, 0x00, 0x00, 0x00, 0x00, 0x00, 0x00, 0x00,
    0x00, 0x21, 0xff, 0xff, 0x3b, 0x20, 0x1c, 0x0b, 0x00, 0x00, 0x00, 0x00, 0x00, 0x00, 0x00, 0x00,
    0x00, 0x3a, 0xff, 0xff, 0xff, 0xff, 0xff, 0xff, 0xe7, 0xa8, 0x3d, 0x00, 0x00, 0x00, 0x00, 0x00,
    0x00, 0x54, 0xff, 0xff, 0xff, 0xff, 0xff, 0xff, 0xff, 0xff, 0xff, 0x8d, 0x00, 0x00, 0x00, 0x00,
    0x00, 0x00, 0x00, 0x00, 0x00, 0x01, 0x0a, 0x24, 0x60, 0xd2, 0xff, 0xff, 0x59, 0x00, 0x00, 0x00,
    0x00, 0x00, 0x00, 0x00, 0x00, 0x00, 0x00, 0x00, 0x00, 0x09, 0xd9, 0xff, 0xc0, 0x00, 0x00, 0x00,
    0x00, 0x00, 0x00, 0x00, 0x00, 0x00, 0x00, 0x00, 0x00, 0x00, 0x84, 0xff, 0xea, 0x00, 0x00, 0x00,
    0x00, 0x00, 0x00, 0x00, 0x00, 0x00, 0x00, 0x00, 0x00, 0x00, 0x8a, 0xff, 0xe2, 0x00, 0x00, 0x00,
    0x00, 0x94, 0x35, 0x00, 0x00, 0x00, 0x00, 0x00, 0x00, 0x17, 0xe6, 0xff, 0xa9, 0x00, 0x00, 0x00,
    0x53, 0xff, 0xff, 0xbb, 0x6a, 0x39, 0x2a, 0x3a, 0x73, 0xe6, 0xff, 0xfc, 0x34, 0x00, 0x00, 0x00,
    0x1b, 0xb6, 0xff, 0xff, 0xff, 0xff, 0xff, 0xff, 0xff, 0xff, 0xf8, 0x5e, 0x00, 0x00, 0x00, 0x00,
    0x00, 0x00, 0x33, 0x8d, 0xcb, 0xef, 0xfe, 0xf5, 0xd3, 0x90, 0x22, 0x00, 0x00, 0x00, 0x00, 0x00,

    /* U+0036 "6" */
    0x00, 0x00, 0x00, 0x00, 0x40, 0xa1, 0xdb, 0xf7, 0xfa, 0xe6, 0xb9, 0x64, 0x05, 0x00, 0x00, 0x00,
    0x00, 0x00, 0x10, 0xb0, 0xff, 0xff, 0xff, 0xff, 0xff, 0xff, 0xff, 0xf0, 0x12, 0x00, 0x00, 0x00,
    0x00, 0x0a, 0xcb, 0xff, 0xfc, 0x9f, 0x48, 0x22, 0x1c, 0x30, 0x67, 0x62, 0x00, 0x00, 0x00, 0x00,
    0x00, 0x91, 0xff, 0xf3, 0x3e, 0x00, 0x00, 0x00, 0x00, 0x00, 0x00, 0x00, 0x00, 0x00, 0x00, 0x00,
    0x19, 0xfa, 0xff, 0x60, 0x00, 0x00, 0x00, 0x00, 0x00, 0x00, 0x00, 0x00, 0x00, 0x00, 0x00, 0x00,
    0x6c, 0xff, 0xe8, 0x03, 0x00, 0x00, 0x00, 0x00, 0x00, 0x00, 0x00, 0x00, 0x00, 0x00, 0x00, 0x00,
    0xa6, 0xff, 0xab, 0x01, 0x5a, 0xb8, 0xe8, 0xf4, 0xe2, 0xa7, 0x3c, 0x00, 0x00, 0x00, 0x00, 0x00,
    0xc9, 0xff, 0x97, 0xb2, 0xff, 0xff, 0xff, 0xff, 0xff, 0xff, 0xff, 0x84, 0x00, 0x00, 0x00, 0x00,
    0xd5, 0xff, 0xf5, 0xff, 0xc6, 0x42, 0x09, 0x0b, 0x3d, 0xbd, 0xff, 0xff, 0x5b, 0x00, 0x00, 0x00,
    0xd0, 0xff, 0xff, 0xc7, 0x07, 0x00, 0x00, 0x00, 0x00, 0x03, 0xc0, 0xff, 0xd7, 0x00, 0x00, 0x00,
    0xb9, 0xff, 0xff, 0x49, 0x00, 0x00, 0x00, 0x00, 0x00, 0x00, 0x4e, 0xff, 0xff, 0x14, 0x00, 0x00,
    0x8f, 0xff, 0xff, 0x24, 0x00, 0x00, 0x00, 0x00, 0x00, 0x00, 0x2f, 0xff, 0xff, 0x24, 0x00, 0x00,
    0x47, 0xff, 0xff, 0x47, 0x00, 0x00, 0x00, 0x00, 0x00, 0x00, 0x4f, 0xff, 0xff, 0x0e, 0x00, 0x00,
    0x03, 0xda, 0xff, 0xc3, 0x04, 0x00, 0x00, 0x00, 0x00, 0x03, 0xc0, 0xff, 0xc7, 0x00, 0x00, 0x00,
    0x00, 0x42, 0xfd, 0xff, 0xbe, 0x38, 0x03, 0x01, 0x2e, 0xb5, 0xff, 0xfe, 0x43, 0x00, 0x00, 0x00,
    0x00, 0x00, 0x57, 0xf5, 0xff, 0xff, 0xfd, 0xfa, 0xff, 0xff, 0xfb, 0x67, 0x00, 0x00, 0x00, 0x00,
    0x00, 0x00, 0x00, 0x1e, 0x8c, 0xd2, 0xf6, 0xfc, 0xe1, 0x9c, 0x2b, 0x00, 0x00, 0x00, 0x00, 0x00,

    /* U+0037 "7" */
    0x48, 0xff, 0xff, 0xff, 0xff, 0xff, 0xff, 0xff, 0xff, 0xff, 0xff, 0xff, 0xff, 0x64, 0x00, 0x00,
    0x48, 0xff, 0xff, 0xff, 0xff, 0xff, 0xff, 0xff, 0xff, 0xff, 0xff, 0xff, 0xff, 0x5d, 0x00, 0x00,
    0x48, 0xff, 0xff, 0x24, 0x1c, 0x1c, 0x1c, 0x1c, 0x1c, 0x1c, 0x8f, 0xff, 0xf3, 0x11, 0x00, 0x00,
    0x48, 0xff, 0xff, 0x08, 0x00, 0x00, 0x00, 0x00, 0x00, 0x06, 0xe5, 0xff, 0x94, 0x00, 0x00, 0x00,
    0x48, 0xff, 0xff, 0x08, 0x00, 0x00, 0x00, 0x00, 0x00, 0x5e, 0xff, 0xfe, 0x24, 0x00, 0x00, 0x00,
    0x0a, 0x24, 0x24, 0x01, 0x00, 0x00, 0x00, 0x00, 0x00, 0xcf, 0xff, 0xb1, 0x00, 0x00, 0x00, 0x00,
    0x00, 0x00, 0x00, 0x00, 0x00, 0x00, 0x00, 0x00, 0x42, 0xff, 0xff, 0x3e, 0x00, 0x00, 0x00, 0x00,
    0x00, 0x00, 0x00, 0x00, 0x00, 0x00, 0x00, 0x00, 0xb3, 0xff, 0xce, 0x00, 0x00, 0x00, 0x00, 0x00,
    0x00, 0x00, 0x00, 0x00, 0x00, 0x00, 0x00, 0x27, 0xfe, 0xff, 0x5c, 0x00, 0x00, 0x00, 0x00, 0x00,
    0x00, 0x00, 0x00, 0x00, 0x00, 0x00, 0x00, 0x98, 0xff, 0xe5, 0x05, 0x00, 0x00, 0x00, 0x00, 0x00,
    0x00, 0x00, 0x00, 0x00, 0x00, 0x00, 0x13, 0xf7, 0xff, 0x7a, 0x00, 0x00, 0x00, 0x00, 0x00, 0x00,
    0x00, 0x00, 0x00, 0x00, 0x00, 0x00, 0x7d, 0xff, 0xf5, 0x12, 0x00, 0x00, 0x00, 0x00, 0x00, 0x00,
    0x00, 0x00, 0x00, 0x00, 0x00, 0x07, 0xe8, 0xff, 0x96, 0x00, 0x00, 0x00, 0x00, 0x00, 0x00, 0x00,
    0x00, 0x00, 0x00, 0x00, 0x00, 0x61, 0xff, 0xfe, 0x27, 0x00, 0x00, 0x00, 0x00, 0x00, 0x00, 0x00,
    0x00, 0x00, 0x00, 0x00, 0x01, 0xd3, 0xff, 0xb2, 0x00, 0x00, 0x00, 0x00, 0x00, 0x00, 0x00, 0x00,
    0x00, 0x00, 0x00, 0x00, 0x46, 0xff, 0xff, 0x42, 0x00, 0x00, 0x00, 0x00, 0x00, 0x00, 0x00, 0x00,
    0x00, 0x00, 0x00, 0x00, 0xb7, 0xff, 0xd0, 0x00, 0x00, 0x00, 0x00, 0x00, 0x00, 0x00, 0x00, 0x00,

    /* U+0038 "8" */
    0x00, 0x00, 0x0a, 0x6b, 0xbf, 0xec, 0xfe, 0xf6, 0xd6, 0x95, 0x2a, 0x00, 0x00, 0x00, 0x00, 0x00,
    0x00, 0x23, 0xdb, 0xff, 0xff, 0xff, 0xfc, 0xff, 0xff, 0xff, 0xfc, 0x74, 0x00, 0x00, 0x00, 0x00,
    0x02, 0xd3, 0xff, 0xf0, 0x6b, 0x17, 0x00, 0x07, 0x3d, 0xbc, 0xff, 0xff, 0x45, 0x00, 0x00, 0x00,
    0x39, 0xff, 0xff, 0x50, 0x00, 0x00, 0x00, 0x00, 0x00, 0x04, 0xd1, 0xff, 0xab, 0x00, 0x00, 0x00,
    0x53, 0xff, 0xff, 0x0e, 0x00, 0x00, 0x00, 0x00, 0x00, 0x00, 0x92, 0xff, 0xc6, 0x00, 0x00, 0x00,
    0x34, 0xff, 0xff, 0x3e, 0x00, 0x00, 0x00, 0x00, 0x00, 0x00, 0xc3, 0xff, 0xa8, 0x00, 0x00, 0x00,
    0x01, 0xc4, 0xff, 0xe1, 0x45, 0x02, 0x00, 0x00, 0x1a, 0x9a, 0xff, 0xfd, 0x3b, 0x00, 0x00, 0x00,
    0x00, 0x15, 0xbc, 0xff, 0xff, 0xf4, 0xdc, 0xe6, 0xff, 0xff, 0xef, 0x56, 0x00, 0x00, 0x00, 0x00,
    0x00, 0x30, 0xc8, 0xff, 0xff, 0xff, 0xff, 0xff, 0xff, 0xff, 0xef, 0x74, 0x01, 0x00, 0x00, 0x00,
    0x29, 0xf3, 0xff, 0xd8, 0x5b, 0x1b, 0x04, 0x0c, 0x38, 0x9b, 0xff, 0xff, 0x8c, 0x00, 0x00, 0x00,
    0xaa, 0xff, 0xde, 0x0e, 0x00, 0x00, 0x00, 0x00, 0x00, 0x00, 0x77, 0xff, 0xfe, 0x1f, 0x00, 0x00,
    0xe4, 0xff, 0x82, 0x00, 0x00, 0x00, 0x00, 0x00, 0x00, 0x00, 0x0f, 0xff, 0xff, 0x5b, 0x00, 0x00,
    0xe9, 0xff, 0x83, 0x00, 0x00, 0x00, 0x00, 0x00, 0x00, 0x00, 0x0f, 0xff, 0xff, 0x60, 0x00, 0x00,
    0xb5, 0xff, 0xde, 0x0e, 0x00, 0x00, 0x00, 0x00, 0x00, 0x00, 0x77, 0xff, 0xff, 0x2c, 0x00, 0x00,
    0x3f, 0xfd, 0xff, 0xd4, 0x52, 0x0f, 0x00, 0x03, 0x2f, 0x94, 0xfe, 0xff, 0xb2, 0x00, 0x00, 0x00,
    0x00, 0x5e, 0xf6, 0xff, 0xff, 0xff, 0xf8, 0xfd, 0xff, 0xff, 0xff, 0xb9, 0x0f, 0x00, 0x00, 0x00,
    0x00, 0x00, 0x1e, 0x84, 0xc9, 0xef, 0xfe, 0xf7, 0xdb, 0xa4, 0x4c, 0x01, 0x00, 0x00, 0x00, 0x00,

    /* U+0039 "9" */
    0x00, 0x00, 0x01, 0x50, 0xb4, 0xea, 0xfd, 0xf1, 0xc9, 0x79, 0x10, 0x00, 0x00, 0x00, 0x00, 0x00,
    0x00, 0x09, 0xb0, 0xff, 0xff, 0xff, 0xfc, 0xff, 0xff, 0xff, 0xe7, 0x39, 0x00, 0x00, 0x00, 0x00,
    0x00, 0x99, 0xff, 0xfc, 0x83, 0x1e, 0x00, 0x07, 0x3e, 0xbe, 0xff, 0xf0, 0x22, 0x00, 0x00, 0x00,
    0x16, 0xfc, 0xff, 0x70, 0x00, 0x00, 0x00, 0x00, 0x00, 0x04, 0xc3, 0xff, 0xb0, 0x00, 0x00, 0x00,
    0x48, 0xff, 0xff, 0x0f, 0x00, 0x00, 0x00, 0x00, 0x00, 0x00, 0x5d, 0xff, 0xfe, 0x1b, 0x00, 0x00,
    0x4d, 0xff, 0xff, 0x0d, 0x00, 0x00, 0x00, 0x00, 0x00, 0x00, 0x5e, 0xff, 0xff, 0x5f, 0x00, 0x00,
    0x20, 0xff, 0xff, 0x69, 0x00, 0x00, 0x00, 0x00, 0x00, 0x05, 0xc6, 0xff, 0xff, 0x89, 0x00, 0x00,
    0x00, 0xb3, 0xff, 0xfa, 0x7e, 0x1c, 0x00, 0x04, 0x3d, 0xc0, 0xff, 0xff, 0xff, 0xa0, 0x00, 0x00,
    0x00, 0x14, 0xcc, 0xff, 0xff, 0xff, 0xfa, 0xfd, 0xff, 0xff, 0xa9, 0xc5, 0xff, 0xa5, 0x00, 0x00,
    0x00, 0x00, 0x06, 0x68, 0xc3, 0xf1, 0xfe, 0xec, 0xb8, 0x56, 0x01, 0xcc, 0xff, 0x99, 0x00, 0x00,
    0x00, 0x00, 0x00, 0x00, 0x00, 0x00, 0x00, 0x00, 0x00, 0x00, 0x01, 0xee, 0xff, 0x77, 0x00, 0x00,
    0x00, 0x00, 0x00, 0x00, 0x00, 0x00, 0x00, 0x00, 0x00, 0x00, 0x35, 0xff, 0xff, 0x3e, 0x00, 0x00,
    0x00, 0x00, 0x00, 0x00, 0x00, 0x00, 0x00, 0x00, 0x00, 0x00, 0xab, 0xff, 0xe1, 0x03, 0x00, 0x00,
    0x00, 0x00, 0x00, 0x00, 0x00, 0x00, 0x00, 0x00, 0x00, 0x7b, 0xff, 0xff, 0x62, 0x00, 0x00, 0x00,
    0x00, 0x00, 0x9a, 0x68, 0x2e, 0x17, 0x21, 0x55, 0xbe, 0xff, 0xff, 0xab, 0x01, 0x00, 0x00, 0x00,
    0x00, 0x39, 0xff, 0xff, 0xff, 0xff, 0xff, 0xff, 0xff, 0xff, 0x95, 0x05, 0x00, 0x00, 0x00, 0x00,
    0x00, 0x11, 0x78, 0xc1, 0xeb, 0xfd, 0xf6, 0xd4, 0x96, 0x30, 0x00, 0x00, 0x00, 0x00, 0x00, 0x00,

    /* U+0041 "A" */
    0x00, 0x00, 0x00, 0x00, 0x00, 0x00, 0x00, 0x00, 0xa5, 0xff, 0xff, 0x2e, 0x00, 0x00, 0x00, 0x00, 0x00, 0x00, 0x00, 0x00, 0x00, 0x00, 0x00, 0x00, 0x00, 0x00, 0x00, 0x00, 0x00, 0x00, 0x00, 0x00,
    0x00, 0x00, 0x00, 0x00, 0x00, 0x00, 0x00, 0x1c, 0xfb, 0xff, 0xff, 0xa1, 0x00, 0x00, 0x00, 0x00, 0x00, 0x00, 0x00, 0x00, 0x00, 0x00, 0x00, 0x00, 0x00, 0x00, 0x00, 0x00, 0x00, 0x00, 0x00, 0x00,
    0x00, 0x00, 0x00, 0x00, 0x00, 0x00, 0x00, 0x8a, 0xff, 0xe4, 0xff, 0xfa, 0x1a, 0x00, 0x00, 0x00, 0x00, 0x00, 0x00, 0x00, 0x00, 0x00, 0x00, 0x00, 0x00, 0x00, 0x00, 0x00, 0x00, 0x00, 0x00, 0x00,
    0x00, 0x00, 0x00, 0x00, 0x00, 0x00, 0x0d, 0xf1, 0xff, 0x51, 0xce, 0xff, 0x86, 0x00, 0x00, 0x00, 0x00, 0x00, 0x00, 0x00, 0x00, 0x00, 0x00, 0x00, 0x00, 0x00, 0x00, 0x00, 0x00, 0x00, 0x00, 0x00,
    0x00, 0x00, 0x00, 0x00, 0x00, 0x00, 0x71, 0xff, 0xdf, 0x03, 0x5e, 0xff, 0xef, 0x0b, 0x00, 0x00, 0x00, 0x00, 0x00, 0x00, 0x00, 0x00, 0x00, 0x00, 0x00, 0x00, 0x00, 0x00, 0x00, 0x00, 0x00, 0x00,
    0x00, 0x00, 0x00, 0x00, 0x00, 0x03, 0xdf, 0xff, 0x72, 0x00, 0x06, 0xe8, 0xff, 0x6c, 0x00, 0x00, 0x00, 0x00, 0x00, 0x00, 0x00, 0x00, 0x00, 0x00, 0x00, 0x00, 0x00, 0x00, 0x00, 0x00, 0x00, 0x00,
    0x00, 0x00, 0x00, 0x00, 0x00, 0x56, 0xff, 0xf3, 0x0f, 0x00, 0x00, 0x7e, 0xff, 0xdd, 0x03, 0x00, 0x00, 0x00, 0x00, 0x00, 0x00, 0x00, 0x00, 0x00, 0x00, 0x00, 0x00, 0x00, 0x00, 0x00, 0x00, 0x00,
    0x00, 0x00, 0x00, 0x00, 0x00, 0xc7, 0xff, 0x96, 0x00, 0x00, 0x00, 0x16, 0xf8, 0xff, 0x54, 0x00, 0x00, 0x00, 0x00, 0x00, 0x00, 0x00, 0x00, 0x00, 0x00, 0x00, 0x00, 0x00, 0x00, 0x00, 0x00, 0x00,
    0x00, 0x00, 0x00, 0x00, 0x3a, 0xff, 0xfe, 0x27, 0x00, 0x00, 0x00, 0x00, 0x9e, 0xff, 0xc6, 0x00, 0x00, 0x00, 0x00, 0x00, 0x00, 0x00, 0x00, 0x00, 0x00, 0x00, 0x00, 0x00, 0x00, 0x00, 0x00, 0x00,
    0x00, 0x00, 0x00, 0x00, 0xac, 0xff, 0xb6, 0x00, 0x00, 0x00, 0x00, 0x00, 0x32, 0xff, 0xff, 0x39, 0x00, 0x00, 0x00, 0x00, 0x00, 0x00, 0x00, 0x00, 0x00, 0x00, 0x00, 0x00, 0x00, 0x00, 0x00, 0x00,
    0x00, 0x00, 0x00, 0x22, 0xfd, 0xff, 0x46, 0x00, 0x00, 0x00, 0x00, 0x00, 0x00, 0xc2, 0xff, 0xab, 0x00, 0x00, 0x00, 0x00, 0x00, 0x00, 0x00, 0x00, 0x00, 0x00, 0x00, 0x00, 0x00, 0x00, 0x00, 0x00,
    0x00, 0x00, 0x00, 0x92, 0xff, 0xff, 0xff, 0xff, 0xff, 0xff, 0xff, 0xff, 0xff, 0xff, 0xff, 0xfd, 0x22, 0x00, 0x00, 0x00, 0x00, 0x00, 0x00, 0x00, 0x00, 0x00, 0x00, 0x00, 0x00, 0x00, 0x00, 0x00,
    0x00, 0x00, 0x11, 0xf3, 0xff, 0xf5, 0xf0, 0xf0, 0xf0, 0xf0, 0xf0, 0xf0, 0xf0, 0xf0, 0xfc, 0xff, 0x93, 0x00, 0x00, 0x00, 0x00, 0x00, 0x00, 0x00, 0x00, 0x00, 0x00, 0x00, 0x00, 0x00, 0x00, 0x00,
    0x00, 0x00, 0x78, 0xff, 0xef, 0x0b, 0x00, 0x00, 0x00, 0x00, 0x00, 0x00, 0x00, 0x00, 0x72, 0xff, 0xf5, 0x11, 0x00, 0x00, 0x00, 0x00, 0x00, 0x00, 0x00, 0x00, 0x00, 0x00, 0x00, 0x00, 0x00, 0x00,
    0x00, 0x05, 0xe5, 0xff, 0x8a, 0x00, 0x00, 0x00, 0x00, 0x00, 0x00, 0x00, 0x00, 0x00, 0x0f, 0xf3, 0xff, 0x78, 0x00, 0x00, 0x00, 0x00, 0x00, 0x00, 0x00, 0x00, 0x00, 0x00, 0x00, 0x00, 0x00, 0x00,
    0x00, 0x5c, 0xff, 0xfc, 0x1f, 0x00, 0x00, 0x00, 0x00, 0x00, 0x00, 0x00, 0x00, 0x00, 0x00, 0x94, 0xff, 0xe5, 0x06, 0x00, 0x00, 0x00, 0x00, 0x00, 0x00, 0x00, 0x00, 0x00, 0x00, 0x00, 0x00, 0x00,
    0x00, 0xce, 0xff, 0xaa, 0x00, 0x00, 0x00, 0x00, 0x00, 0x00, 0x00, 0x00, 0x00, 0x00, 0x00, 0x24, 0xfe, 0xff, 0x5e, 0x00, 0x00, 0x00, 0x00, 0x00, 0x00, 0x00, 0x00, 0x00, 0x00, 0x00, 0x00, 0x00,

    /* U+0042 "B" */
    0x7c, 0xff, 0xff, 0xff, 0xff, 0xff, 0xff, 0xff, 0xfc, 0xe8, 0xb9, 0x60, 0x04, 0x00, 0x00, 0x00,
    0x7c, 0xff, 0xff, 0xf8, 0xf8, 0xf8, 0xf8, 0xf8, 0xff, 0xff, 0xff, 0xff, 0xc4, 0x0e, 0x00, 0x00,
    0x7c, 0xff, 0xec, 0x00, 0x00, 0x00, 0x00, 0x00, 0x02, 0x28, 0x87, 0xfd, 0xff, 0x9a, 0x00, 0x00,
    0x7c, 0xff, 0xec, 0x00, 0x00, 0x00, 0x00, 0x00, 0x00, 0x00, 0x00, 0x8c, 0xff, 0xf5, 0x02, 0x00,
    0x7c, 0xff, 0xec, 0x00, 0x00, 0x00, 0x00, 0x00, 0x00, 0x00, 0x00, 0x54, 0xff, 0xff, 0x11, 0x00,
    0x7c, 0xff, 0xec, 0x00, 0x00, 0x00, 0x00, 0x00, 0x00, 0x00, 0x00, 0x8b, 0xff, 0xf6, 0x03, 0x00,
    0x7c, 0xff, 0xec, 0x00, 0x00, 0x00, 0x00, 0x00, 0x02, 0x27, 0x86, 0xfd, 0xff, 0xa5, 0x00, 0x00,
    0x7c, 0xff, 0xff, 0xf8, 0xf8, 0xf8, 0xf8, 0xf8, 0xff, 0xff, 0xff, 0xff, 0xd9, 0x16, 0x00, 0x00,
    0x7c, 0xff, 0xff, 0xff, 0xff, 0xff, 0xff, 0xff, 0xff, 0xff, 0xff, 0xfb, 0x6d, 0x04, 0x00, 0x00,
    0x7c, 0xff, 0xec, 0x00, 0x00, 0x00, 0x00, 0x00, 0x02, 0x13, 0x48, 0xc0, 0xff, 0xbf, 0x09, 0x00,
    0x7c, 0xff, 0xec, 0x00, 0x00, 0x00, 0x00, 0x00, 0x00, 0x00, 0x00, 0x05, 0xd1, 0xff, 0x87, 0x00,
    0x7c, 0xff, 0xec, 0x00, 0x00, 0x00, 0x00, 0x00, 0x00, 0x00, 0x00, 0x00, 0x80, 0xff, 0xdd, 0x00,
    0x7c, 0xff, 0xec, 0x00, 0x00, 0x00, 0x00, 0x00, 0x00, 0x00, 0x00, 0x00, 0x7e, 0xff, 0xf6, 0x00,
    0x7c, 0xff, 0xec, 0x00, 0x00, 0x00, 0x00, 0x00, 0x00, 0x00, 0x00, 0x03, 0xcc, 0xff, 0xda, 0x00,
    0x7c, 0xff, 0xec, 0x00, 0x00, 0x00, 0x00, 0x00, 0x00, 0x0a, 0x40, 0xbb, 0xff, 0xff, 0x7e, 0x00,
    0x7c, 0xff, 0xff, 0xf8, 0xf8, 0xf8, 0xf8, 0xf8, 0xfa, 0xff, 0xff, 0xff, 0xff, 0xad, 0x06, 0x00,
    0x7c, 0xff, 0xff, 0xff, 0xff, 0xff, 0xff, 0xff, 0xff, 0xf7, 0xdc, 0xa7, 0x4c, 0x00, 0x00, 0x00,

    /* U+0043 "C" */
    0x00, 0x00, 0x00, 0x00, 0x05, 0x58, 0xab, 0xe0, 0xf9, 0xfb, 0xe4, 0xb2, 0x60, 0x08, 0x00, 0x00,
    0x00, 0x00, 0x00, 0x43, 0xdc, 0xff, 0xff, 0xff, 0xff, 0xff, 0xff, 0xff, 0xff, 0xe1, 0x40, 0x00,
    0x00, 0x00, 0x61, 0xfd, 0xff, 0xfc, 0xaa, 0x5c, 0x36, 0x30, 0x4f, 0x94, 0xf3, 0xff, 0xfb, 0x30,
    0x00, 0x40, 0xfd, 0xff, 0xd5, 0x2d, 0x00, 0x00, 0x00, 0x00, 0x00, 0x00, 0x18, 0xc1, 0x88, 0x00,
    0x04, 0xda, 0xff, 0xdd, 0x14, 0x00, 0x00, 0x00, 0x00, 0x00, 0x00, 0x00, 0x00, 0x04, 0x00, 0x00,
    0x51, 0xff, 0xff, 0x47, 0x00, 0x00, 0x00, 0x00, 0x00, 0x00, 0x00, 0x00, 0x00, 0x00, 0x00, 0x00,
    0x9e, 0xff, 0xdb, 0x00, 0x00, 0x00, 0x00, 0x00, 0x00, 0x00, 0x00, 0x00, 0x00, 0x00, 0x00, 0x00,
    0xc7, 0xff, 0xa1, 0x00, 0x00, 0x00, 0x00, 0x00, 0x00, 0x00, 0x00, 0x00, 0x00, 0x00, 0x00, 0x00,
    0xd6, 0xff, 0x8e, 0x00, 0x00, 0x00, 0x00, 0x00, 0x00, 0x00, 0x00, 0x00, 0x00, 0x00, 0x00, 0x00,
    0xc7, 0xff, 0xa1, 0x00, 0x00, 0x00, 0x00, 0x00, 0x00, 0x00, 0x00, 0x00, 0x00, 0x00, 0x00, 0x00,
    0x9f, 0xff, 0xda, 0x00, 0x00, 0x00, 0x00, 0x00, 0x00, 0x00, 0x00, 0x00, 0x00, 0x00, 0x00, 0x00,
    0x52, 0xff, 0xff, 0x46, 0x00, 0x00, 0x00, 0x00, 0x00, 0x00, 0x00, 0x00, 0x00, 0x00, 0x00, 0x00,
    0x04, 0xda, 0xff, 0xdd, 0x12, 0x00, 0x00, 0x00, 0x00, 0x00, 0x00, 0x00, 0x00, 0x05, 0x00, 0x00,
    0x00, 0x41, 0xfd, 0xff, 0xd3, 0x29, 0x00, 0x00, 0x00, 0x00, 0x00, 0x00, 0x18, 0xc2, 0x8b, 0x01,
    0x00, 0x00, 0x65, 0xfd, 0xff, 0xfb, 0xa6, 0x57, 0x32, 0x2c, 0x4c, 0x93, 0xf2, 0xff, 0xfa, 0x2f,
    0x00, 0x00, 0x00, 0x47, 0xe1, 0xff, 0xff, 0xff, 0xff, 0xff, 0xff, 0xff, 0xff, 0xde, 0x3e, 0x00,
    0x00, 0x00, 0x00, 0x00, 0x08, 0x5e, 0xaf, 0xe3, 0xfb, 0xfb, 0xe4, 0xb1, 0x5f, 0x06, 0x00, 0x00,

    /* U+0044 "D" */
    0x7c, 0xff, 0xff, 0xff, 0xff, 0xff, 0xff, 0xff, 0xf6, 0xd9, 0xa2, 0x4d, 0x02, 0x00, 0x00, 0x00, 0x00, 0x00, 0x00, 0x00, 0x00, 0x00, 0x00, 0x00, 0x00, 0x00, 0x00, 0x00, 0x00, 0x00, 0x00, 0x00,
    0x7c, 0xff, 0xff, 0xff, 0xff, 0xff, 0xff, 0xff, 0xff, 0xff, 0xff, 0xff, 0xd1, 0x34, 0x00, 0x00, 0x00, 0x00, 0x00, 0x00, 0x00, 0x00, 0x00, 0x00, 0x00, 0x00, 0x00, 0x00, 0x00, 0x00, 0x00, 0x00,
    0x7c, 0xff, 0xee, 0x1c, 0x1c, 0x1c, 0x1c, 0x1e, 0x2d, 0x5a, 0xab, 0xfd, 0xff, 0xf8, 0x4e, 0x00, 0x00, 0x00, 0x00, 0x00, 0x00, 0x00, 0x00, 0x00, 0x00, 0x00, 0x00, 0x00, 0x00, 0x00, 0x00, 0x00,
    0x7c, 0xff, 0xec, 0x00, 0x00, 0x00, 0x00, 0x00, 0x00, 0x00, 0x00, 0x32, 0xde, 0xff, 0xf8, 0x2d, 0x00, 0x00, 0x00, 0x00, 0x00, 0x00, 0x00, 0x00, 0x00, 0x00, 0x00, 0x00, 0x00, 0x00, 0x00, 0x00,
    0x7c, 0xff, 0xec, 0x00, 0x00, 0x00, 0x00, 0x00, 0x00, 0x00, 0x00, 0x00, 0x1e, 0xec, 0xff, 0xc3, 0x00, 0x00, 0x00, 0x00, 0x00, 0x00, 0x00, 0x00, 0x00, 0x00, 0x00, 0x00, 0x00, 0x00, 0x00, 0x00,
    0x7c, 0xff, 0xec, 0x00, 0x00, 0x00, 0x00, 0x00, 0x00, 0x00, 0x00, 0x00, 0x00, 0x67, 0xff, 0xff, 0x31, 0x00, 0x00, 0x00, 0x00, 0x00, 0x00, 0x00, 0x00, 0x00, 0x00, 0x00, 0x00, 0x00, 0x00, 0x00,
    0x7c, 0xff, 0xec, 0x00, 0x00, 0x00, 0x00, 0x00, 0x00, 0x00, 0x00, 0x00, 0x00, 0x0b, 0xf8, 0xff, 0x76, 0x00, 0x00, 0x00, 0x00, 0x00, 0x00, 0x00, 0x00, 0x00, 0x00, 0x00, 0x00, 0x00, 0x00, 0x00,
    0x7c, 0xff, 0xec, 0x00, 0x00, 0x00, 0x00, 0x00, 0x00, 0x00, 0x00, 0x00, 0x00, 0x00, 0xd0, 0xff, 0x9e, 0x00, 0x00, 0x00, 0x00, 0x00, 0x00, 0x00, 0x00, 0x00, 0x00, 0x00, 0x00, 0x00, 0x00, 0x00,
    0x7c, 0xff, 0xec, 0x00, 0x00, 0x00, 0x00, 0x00, 0x00, 0x00, 0x00, 0x00, 0x00, 0x00, 0xbf, 0xff, 0xaa, 0x00, 0x00, 0x00, 0x00, 0x00, 0x00, 0x00, 0x00, 0x00, 0x00, 0x00, 0x00, 0x00, 0x00, 0x00,
    0x7c, 0xff, 0xec, 0x00, 0x00, 0x00, 0x00, 0x00, 0x00, 0x00, 0x00, 0x00, 0x00, 0x00, 0xd0, 0xff, 0x9e, 0x00, 0x00, 0x00, 0x00, 0x00, 0x00, 0x00, 0x00, 0x00, 0x00, 0x00, 0x00, 0x00, 0x00, 0x00,
    0x7c, 0xff, 0xec, 0x00, 0x00, 0x00, 0x00, 0x00, 0x00, 0x00, 0x00, 0x00, 0x00, 0x0d, 0xf9, 0xff, 0x77, 0x00, 0x00, 0x00, 0x00, 0x00, 0x00, 0x00, 0x00, 0x00, 0x00, 0x00, 0x00, 0x00, 0x00, 0x00,
    0x7c, 0xff, 0xec, 0x00, 0x00, 0x00, 0x00, 0x00, 0x00, 0x00, 0x00, 0x00, 0x00, 0x68, 0xff, 0xff, 0x31, 0x00, 0x00, 0x00, 0x00, 0x00, 0x00, 0x00, 0x00, 0x00, 0x00, 0x00, 0x00, 0x00, 0x00, 0x00,
    0x7c, 0xff, 0xec, 0x00, 0x00, 0x00, 0x00, 0x00, 0x00, 0x00, 0x00, 0x00, 0x1f, 0xed, 0xff, 0xc3, 0x00, 0x00, 0x00, 0x00, 0x00, 0x00, 0x00, 0x00, 0x00, 0x00, 0x00, 0x00, 0x00, 0x00, 0x00, 0x00,
    0x7c, 0xff, 0xec, 0x00, 0x00, 0x00, 0x00, 0x00, 0x00, 0x00, 0x00, 0x31, 0xdf, 0xff, 0xf8, 0x2d, 0x00, 0x00, 0x00, 0x00, 0x00, 0x00, 0x00, 0x00, 0x00, 0x00, 0x00, 0x00, 0x00, 0x00, 0x00, 0x00,
    0x7c, 0xff, 0xee, 0x1c, 0x1c, 0x1c, 0x1c, 0x1e, 0x2d, 0x5a, 0xab, 0xfd, 0xff, 0xf8, 0x4e, 0x00, 0x00, 0x00, 0x00, 0x00, 0x00, 0x00, 0x00, 0x00, 0x00, 0x00, 0x00, 0x00, 0x00, 0x00, 0x00, 0x00,
    0x7c, 0xff, 0xff, 0xff, 0xff, 0xff, 0xff, 0xff, 0xff, 0xff, 0xff, 0xff, 0xd1, 0x34, 0x00, 0x00, 0x00, 0x00, 0x00, 0x00, 0x00, 0x00, 0x00, 0x00, 0x00, 0x00, 0x00, 0x00, 0x00, 0x00, 0x00, 0x00,
    0x7c, 0xff, 0xff, 0xff, 0xff, 0xff, 0xff, 0xff, 0xf6, 0xd9, 0xa3, 0x4e, 0x02, 0x00, 0x00, 0x00, 0x00, 0x00, 0x00, 0x00, 0x00, 0x00, 0x00, 0x00, 0x00, 0x00, 0x00, 0x00, 0x00, 0x00, 0x00, 0x00,

    /* U+0045 "E" */
    0x7c, 0xff, 0xff, 0xff, 0xff, 0xff, 0xff, 0xff, 0xff, 0xff, 0xff, 0xff, 0x60, 0x00, 0x00, 0x00,
    0x7c, 0xff, 0xff, 0xff, 0xff, 0xff, 0xff, 0xff, 0xff, 0xff, 0xff, 0xff, 0x60, 0x00, 0x00, 0x00,
    0x7c, 0xff, 0xee, 0x1c, 0x1c, 0x1c, 0x1c, 0x1c, 0x1c, 0x1c, 0x1c, 0x1c, 0x0b, 0x00, 0x00, 0x00,
    0x7c, 0xff, 0xec, 0x00, 0x00, 0x00, 0x00, 0x00, 0x00, 0x00, 0x00, 0x00, 0x00, 0x00, 0x00, 0x00,
    0x7c, 0xff, 0xec, 0x00, 0x00, 0x00, 0x00, 0x00, 0x00, 0x00, 0x00, 0x00, 0x00, 0x00, 0x00, 0x00,
    0x7c, 0xff, 0xec, 0x00, 0x00, 0x00, 0x00, 0x00, 0x00, 0x00, 0x00, 0x00, 0x00, 0x00, 0x00, 0x00,
    0x7c, 0xff, 0xec, 0x00, 0x00, 0x00, 0x00, 0x00, 0x00, 0x00, 0x00, 0x00, 0x00, 0x00, 0x00, 0x00,
    0x7c, 0xff, 0xff, 0xff, 0xff, 0xff, 0xff, 0xff, 0xff, 0xff, 0xff, 0x58, 0x00, 0x00, 0x00, 0x00,
    0x7c, 0xff, 0xff, 0xff, 0xff, 0xff, 0xff, 0xff, 0xff, 0xff, 0xff, 0x58, 0x00, 0x00, 0x00, 0x00,
    0x7c, 0xff, 0xf0, 0x10, 0x10, 0x10, 0x10, 0x10, 0x10, 0x10, 0x10, 0x06, 0x00, 0x00, 0x00, 0x00,
    0x7c, 0xff, 0xec, 0x00, 0x00, 0x00, 0x00, 0x00, 0x00, 0x00, 0x00, 0x00, 0x00, 0x00, 0x00, 0x00,
    0x7c, 0xff, 0xec, 0x00, 0x00, 0x00, 0x00, 0x00, 0x00, 0x00, 0x00, 0x00, 0x00, 0x00, 0x00, 0x00,
    0x7c, 0xff, 0xec, 0x00, 0x00, 0x00, 0x00, 0x00, 0x00, 0x00, 0x00, 0x00, 0x00, 0x00, 0x00, 0x00,
    0x7c, 0xff, 0xec, 0x00, 0x00, 0x00, 0x00, 0x00, 0x00, 0x00, 0x00, 0x00, 0x00, 0x00, 0x00, 0x00,
    0x7c, 0xff, 0xee, 0x1c, 0x1c, 0x1c, 0x1c, 0x1c, 0x1c, 0x1c, 0x1c, 0x1c, 0x14, 0x00, 0x00, 0x00,
    0x7c, 0xff, 0xff, 0xff, 0xff, 0xff, 0xff, 0xff, 0xff, 0xff, 0xff, 0xff, 0xb8, 0x00, 0x00, 0x00,
    0x7c, 0xff, 0xff, 0xff, 0xff, 0xff, 0xff, 0xff, 0xff, 0xff, 0xff, 0xff, 0xb8, 0x00, 0x00, 0x00,

    /* U+0046 "F" */
    0x7c, 0xff, 0xff, 0xff, 0xff, 0xff, 0xff, 0xff, 0xff, 0xff, 0xff, 0xff, 0x60, 0x00, 0x00, 0x00,
    0x7c, 0xff, 0xff, 0xff, 0xff, 0xff, 0xff, 0xff, 0xff, 0xff, 0xff, 0xff, 0x60, 0x00, 0x00, 0x00,
    0x7c, 0xff, 0xee, 0x1c, 0x1c, 0x1c, 0x1c, 0x1c, 0x1c, 0x1c, 0x1c, 0x1c, 0x0b, 0x00, 0x00, 0x00,
    0x7c, 0xff, 0xec, 0x00, 0x00, 0x00, 0x00, 0x00, 0x00, 0x00, 0x00, 0x00, 0x00, 0x00, 0x00, 0x00,
    0x7c, 0xff, 0xec, 0x00, 0x00, 0x00, 0x00, 0x00, 0x00, 0x00, 0x00, 0x00, 0x00, 0x00, 0x00, 0x00,
    0x7c, 0xff, 0xec, 0x00, 0x00, 0x00, 0x00, 0x00, 0x00, 0x00, 0x00, 0x00, 0x00, 0x00, 0x00, 0x00,
    0x7c, 0xff, 0xec, 0x00, 0x00, 0x00, 0x00, 0x00, 0x00, 0x00, 0x00, 0x00, 0x00, 0x00, 0x00, 0x00,
    0x7c, 0xff, 0xec, 0x00, 0x00, 0x00, 0x00, 0x00, 0x00, 0x00, 0x00, 0x00, 0x00, 0x00, 0x00, 0x00,
    0x7c, 0xff, 0xff, 0xff, 0xff, 0xff, 0xff, 0xff, 0xff, 0xff, 0xff, 0x58, 0x00, 0x00, 0x00, 0x00,
    0x7c, 0xff, 0xff, 0xff, 0xff, 0xff, 0xff, 0xff, 0xff, 0xff, 0xff, 0x58, 0x00, 0x00, 0x00, 0x00,
    0x7c, 0xff, 0xf1, 0x18, 0x18, 0x18, 0x18, 0x18, 0x18, 0x18, 0x18, 0x08, 0x00, 0x00, 0x00, 0x00,
    0x7c, 0xff, 0xec, 0x00, 0x00, 0x00, 0x00, 0x00, 0x00, 0x00, 0x00, 0x00, 0x00, 0x00, 0x00, 0x00,
    0x7c, 0xff, 0xec, 0x00, 0x00, 0x00, 0x00, 0x00, 0x00, 0x00, 0x00, 0x00, 0x00, 0x00, 0x00, 0x00,
    0x7c, 0xff, 0xec, 0x00, 0x00, 0x00, 0x00, 0x00, 0x00, 0x00, 0x00, 0x00, 0x00, 0x00, 0x00, 0x00,
    0x7c, 0xff, 0xec, 0x00, 0x00, 0x00, 0x00, 0x00, 0x00, 0x00, 0x00, 0x00, 0x00, 0x00, 0x00, 0x00,
    0x7c, 0xff, 0xec, 0x00, 0x00, 0x00, 0x00, 0x00, 0x00, 0x00, 0x00, 0x00, 0x00, 0x00, 0x00, 0x00,
    0x7c, 0xff, 0xec, 0x00, 0x00, 0x00, 0x00, 0x00, 0x00, 0x00, 0x00, 0x00, 0x00, 0x00, 0x00, 0x00,

    /* U+0047 "G" */
    0x00, 0x00, 0x00, 0x00, 0x04, 0x55, 0xab, 0xdf, 0xf9, 0xfc, 0xe8, 0xbb, 0x72, 0x11, 0x00, 0x00,
    0x00, 0x00, 0x00, 0x3e, 0xd9, 0xff, 0xff, 0xff, 0xff, 0xff, 0xff, 0xff, 0xff, 0xf0, 0x60, 0x00,
    0x00, 0x00, 0x5e, 0xfc, 0xff, 0xfd, 0xaf, 0x61, 0x37, 0x2f, 0x47, 0x83, 0xe3, 0xff, 0xff, 0x58,
    0x00, 0x3e, 0xfc, 0xff, 0xd9, 0x2f, 0x00, 0x00, 0x00, 0x00, 0x00, 0x00, 0x07, 0x8e, 0xb2, 0x06,
    0x04, 0xda, 0xff, 0xdf, 0x15, 0x00, 0x00, 0x00, 0x00, 0x00, 0x00, 0x00, 0x00, 0x00, 0x02, 0x00,
    0x51, 0xff, 0xff, 0x48, 0x00, 0x00, 0x00, 0x00, 0x00, 0x00, 0x00, 0x00, 0x00, 0x00, 0x00, 0x00,
    0x9e, 0xff, 0xdb, 0x00, 0x00, 0x00, 0x00, 0x00, 0x00, 0x00, 0x00, 0x00, 0x00, 0x00, 0x00, 0x00,
    0xc7, 0xff, 0xa1, 0x00, 0x00, 0x00, 0x00, 0x00, 0x00, 0x00, 0x00, 0x00, 0x00, 0x00, 0x00, 0x00,
    0xd6, 0xff, 0x8e, 0x00, 0x00, 0x00, 0x00, 0x00, 0x00, 0x00, 0x00, 0x00, 0x00, 0x7d, 0x94, 0x45,
    0xc7, 0xff, 0xa1, 0x00, 0x00, 0x00, 0x00, 0x00, 0x00, 0x00, 0x00, 0x00, 0x00, 0xd8, 0xff, 0x78,
    0x9f, 0xff, 0xde, 0x00, 0x00, 0x00, 0x00, 0x00, 0x00, 0x00, 0x00, 0x00, 0x00, 0xd8, 0xff, 0x78,
    0x52, 0xff, 0xff, 0x4a, 0x00, 0x00, 0x00, 0x00, 0x00, 0x00, 0x00, 0x00, 0x00, 0xd8, 0xff, 0x78,
    0x04, 0xda, 0xff, 0xdf, 0x16, 0x00, 0x00, 0x00, 0x00, 0x00, 0x00, 0x00, 0x00, 0xd8, 0xff, 0x78,
    0x00, 0x41, 0xfd, 0xff, 0xd7, 0x2e, 0x00, 0x00, 0x00, 0x00, 0x00, 0x00, 0x03, 0xe2, 0xff, 0x78,
    0x00, 0x00, 0x63, 0xfd, 0xff, 0xfc, 0xaa, 0x5a, 0x33, 0x2b, 0x43, 0x7b, 0xd8, 0xff, 0xff, 0x79,
    0x00, 0x00, 0x00, 0x45, 0xdf, 0xff, 0xff, 0xff, 0xff, 0xff, 0xff, 0xff, 0xff, 0xf8, 0x88, 0x07,
    0x00, 0x00, 0x00, 0x00, 0x06, 0x5a, 0xad, 0xdf, 0xf9, 0xfc, 0xe8, 0xbb, 0x75, 0x1a, 0x00, 0x00,

    /* U+0048 "H" */
    0x7c, 0xff, 0xec, 0x00, 0x00, 0x00, 0x00, 0x00, 0x00, 0x00, 0x00, 0x00, 0x70, 0xff, 0xf8, 0x00,
    0x7c, 0xff, 0xec, 0x00, 0x00, 0x00, 0x00, 0x00, 0x00, 0x00, 0x00, 0x00, 0x70, 0xff, 0xf8, 0x00,
    0x7c, 0xff, 0xec, 0x00, 0x00, 0x00, 0x00, 0x00, 0x00, 0x00, 0x00, 0x00, 0x70, 0xff, 0xf8, 0x00,
    0x7c, 0xff, 0xec, 0x00, 0x00, 0x00, 0x00, 0x00, 0x00, 0x00, 0x00, 0x00, 0x70, 0xff, 0xf8, 0x00,
    0x7c, 0xff, 0xec, 0x00, 0x00, 0x00, 0x00, 0x00, 0x00, 0x00, 0x00, 0x00, 0x70, 0xff, 0xf8, 0x00,
    0x7c, 0xff, 0xec, 0x00, 0x00, 0x00, 0x00, 0x00, 0x00, 0x00, 0x00, 0x00, 0x70, 0xff, 0xf8, 0x00,
    0x7c, 0xff, 0xec, 0x00, 0x00, 0x00, 0x00, 0x00, 0x00, 0x00, 0x00, 0x00, 0x70, 0xff, 0xf8, 0x00,
    0x7c, 0xff, 0xff, 0xff, 0xff, 0xff, 0xff, 0xff, 0xff, 0xff, 0xff, 0xff, 0xff, 0xff, 0xf8, 0x00,
    0x7c, 0xff, 0xff, 0xff, 0xff, 0xff, 0xff, 0xff, 0xff, 0xff, 0xff, 0xff, 0xff, 0xff, 0xf8, 0x00,
    0x7c, 0xff, 0xf1, 0x1c, 0x1c, 0x1c, 0x1c, 0x1c, 0x1c, 0x1c, 0x1c, 0x1c, 0x82, 0xff, 0xf8, 0x00,
    0x7c, 0xff, 0xec, 0x00, 0x00, 0x00, 0x00, 0x00, 0x00, 0x00, 0x00, 0x00, 0x70, 0xff, 0xf8, 0x00,
    0x7c, 0xff, 0xec, 0x00, 0x00, 0x00, 0x00, 0x00, 0x00, 0x00, 0x00, 0x00, 0x70, 0xff, 0xf8, 0x00,
    0x7c, 0xff, 0xec, 0x00, 0x00, 0x00, 0x00, 0x00, 0x00, 0x00, 0x00, 0x00, 0x70, 0xff, 0xf8, 0x00,
    0x7c, 0xff, 0xec, 0x00, 0x00, 0x00, 0x00, 0x00, 0x00, 0x00, 0x00, 0x00, 0x70, 0xff, 0xf8, 0x00,
    0x7c, 0xff, 0xec, 0x00, 0x00, 0x00, 0x00, 0x00, 0x00, 0x00, 0x00, 0x00, 0x70, 0xff, 0xf8, 0x00,
    0x7c, 0xff, 0xec, 0x00, 0x00, 0x00, 0x00, 0x00, 0x00, 0x00, 0x00, 0x00, 0x70, 0xff, 0xf8, 0x00,
    0x7c, 0xff, 0xec, 0x00, 0x00, 0x00, 0x00, 0x00, 0x00, 0x00, 0x00, 0x00, 0x70, 0xff, 0xf8, 0x00,

    /* U+0049 "I" */
    0x7c, 0xff, 0xec, 0x00, 0x00, 0x00, 0x00, 0x00, 0x00, 0x00, 0x00, 0x00, 0x00, 0x00, 0x00, 0x00,
    0x7c, 0xff, 0xec, 0x00, 0x00, 0x00, 0x00, 0x00, 0x00, 0x00, 0x00, 0x00, 0x00, 0x00, 0x00, 0x00,
    0x7c, 0xff, 0xec, 0x00, 0x00, 0x00, 0x00, 0x00, 0x00, 0x00, 0x00, 0x00, 0x00, 0x00, 0x00, 0x00,
    0x7c, 0xff, 0xec, 0x00, 0x00, 0x00, 0x00, 0x00, 0x00, 0x00, 0x00, 0x00, 0x00, 0x00, 0x00, 0x00,
    0x7c, 0xff, 0xec, 0x00, 0x00, 0x00, 0x00, 0x00, 0x00, 0x00, 0x00, 0x00, 0x00, 0x00, 0x00, 0x00,
    0x7c, 0xff, 0xec, 0x00, 0x00, 0x00, 0x00, 0x00, 0x00, 0x00, 0x00, 0x00, 0x00, 0x00, 0x00, 0x00,
    0x7c, 0xff, 0xec, 0x00, 0x00, 0x00, 0x00, 0x00, 0x00, 0x00, 0x00, 0x00, 0x00, 0x00, 0x00, 0x00,
    0x7c, 0xff, 0xec, 0x00, 0x00, 0x00, 0x00, 0x00, 0x00, 0x00, 0x00, 0x00, 0x00, 0x00, 0x00, 0x00,
    0x7c, 0xff, 0xec, 0x00, 0x00, 0x00, 0x00, 0x00, 0x00, 0x00, 0x00, 0x00, 0x00, 0x00, 0x00, 0x00,
    0x7c, 0xff, 0xec, 0x00, 0x00, 0x00, 0x00, 0x00, 0x00, 0x00, 0x00, 0x00, 0x00, 0x00, 0x00, 0x00,
    0x7c, 0xff, 0xec, 0x00, 0x00, 0x00, 0x00, 0x00, 0x00, 0x00, 0x00, 0x00, 0x00, 0x00, 0x00, 0x00,
    0x7c, 0xff, 0xec, 0x00, 0x00, 0x00, 0x00, 0x00, 0x00, 0x00, 0x00, 0x00, 0x00, 0x00, 0x00, 0x00,
    0x7c, 0xff, 0xec, 0x00, 0x00, 0x00, 0x00, 0x00, 0x00, 0x00, 0x00, 0x00, 0x00, 0x00, 0x00, 0x00,
    0x7c, 0xff, 0xec, 0x00, 0x00, 0x00, 0x00, 0x00, 0x00, 0x00, 0x00, 0x00, 0x00, 0x00, 0x00, 0x00,
    0x7c, 0xff, 0xec, 0x00, 0x00, 0x00, 0x00, 0x00, 0x00, 0x00, 0x00, 0x00, 0x00, 0x00, 0x00, 0x00,
    0x7c, 0xff, 0xec, 0x00, 0x00, 0x00, 0x00, 0x00, 0x00, 0x00, 0x00, 0x00, 0x00, 0x00, 0x00, 0x00,
    0x7c, 0xff, 0xec, 0x00, 0x00, 0x00, 0x00, 0x00, 0x00, 0x00, 0x00, 0x00, 0x00, 0x00, 0x00, 0x00,

    /* U+004A "J" */
    0x00, 0x00, 0x84, 0xff, 0xff, 0xff, 0xff, 0xff, 0xff, 0xff, 0xf0, 0x00, 0x00, 0x00, 0x00, 0x00,
    0x00, 0x00, 0x84, 0xff, 0xff, 0xff, 0xff, 0xff, 0xff, 0xff, 0xf0, 0x00, 0x00, 0x00, 0x00, 0x00,
    0x00, 0x00, 0x0e, 0x1c, 0x1c, 0x1c, 0x1c, 0x1c, 0x80, 0xff, 0xf0, 0x00, 0x00, 0x00, 0x00, 0x00,
    0x00, 0x00, 0x00, 0x00, 0x00, 0x00, 0x00, 0x00, 0x70, 0xff, 0xf0, 0x00, 0x00, 0x00, 0x00, 0x00,
    0x00, 0x00, 0x00, 0x00, 0x00, 0x00, 0x00, 0x00, 0x70, 0xff, 0xf0, 0x00, 0x00, 0x00, 0x00, 0x00,
    0x00, 0x00, 0x00, 0x00, 0x00, 0x00, 0x00, 0x00, 0x70, 0xff, 0xf0, 0x00, 0x00, 0x00, 0x00, 0x00,
    0x00, 0x00, 0x00, 0x00, 0x00, 0x00, 0x00, 0x00, 0x70, 0xff, 0xf0, 0x00, 0x00, 0x00, 0x00, 0x00,
    0x00, 0x00, 0x00, 0x00, 0x00, 0x00, 0x00, 0x00, 0x70, 0xff, 0xf0, 0x00, 0x00, 0x00, 0x00, 0x00,
    0x00, 0x00, 0x00, 0x00, 0x00, 0x00, 0x00, 0x00, 0x70, 0xff, 0xf0, 0x00, 0x00, 0x00, 0x00, 0x00,
    0x00, 0x00, 0x00, 0x00, 0x00, 0x00, 0x00, 0x00, 0x70, 0xff, 0xf0, 0x00, 0x00, 0x00, 0x00, 0x00,
    0x00, 0x00, 0x00, 0x00, 0x00, 0x00, 0x00, 0x00, 0x70, 0xff, 0xf0, 0x00, 0x00, 0x00, 0x00, 0x00,
    0x00, 0x00, 0x00, 0x00, 0x00, 0x00, 0x00, 0x00, 0x71, 0xff, 0xef, 0x00, 0x00, 0x00, 0x00, 0x00,
    0x00, 0x00, 0x01, 0x00, 0x00, 0x00, 0x00, 0x00, 0x86, 0xff, 0xdf, 0x00, 0x00, 0x00, 0x00, 0x00,
    0x00, 0x51, 0xa4, 0x03, 0x00, 0x00, 0x00, 0x02, 0xd1, 0xff, 0xb2, 0x00, 0x00, 0x00, 0x00, 0x00,
    0x0f, 0xf4, 0xff, 0xc2, 0x47, 0x19, 0x2f, 0xa6, 0xff, 0xff, 0x56, 0x00, 0x00, 0x00, 0x00, 0x00,
    0x00, 0x66, 0xfb, 0xff, 0xff, 0xff, 0xff, 0xff, 0xff, 0xab, 0x01, 0x00, 0x00, 0x00, 0x00, 0x00,
    0x00, 0x00, 0x2d, 0x9d, 0xe3, 0xfd, 0xf3, 0xc7, 0x66, 0x02, 0x00, 0x00, 0x00, 0x00, 0x00, 0x00,

    /* U+004B "K" */
    0x7c, 0xff, 0xec, 0x00, 0x00, 0x00, 0x00, 0x00, 0x00, 0x00, 0x00, 0x6f, 0xff, 0xfd, 0x53, 0x00,
    0x7c, 0xff, 0xec, 0x00, 0x00, 0x00, 0x00, 0x00, 0x00, 0x00, 0x65, 0xff, 0xff, 0x61, 0x00, 0x00,
    0x7c, 0xff, 0xec, 0x00, 0x00, 0x00, 0x00, 0x00, 0x00, 0x5c, 0xfe, 0xff, 0x70, 0x00, 0x00, 0x00,
    0x7c, 0xff, 0xec, 0x00, 0x00, 0x00, 0x00, 0x00, 0x53, 0xfc, 0xff, 0x7e, 0x00, 0x00, 0x00, 0x00,
    0x7c, 0xff, 0xec, 0x00, 0x00, 0x00, 0x00, 0x4b, 0xfa, 0xff, 0x8e, 0x00, 0x00, 0x00, 0x00, 0x00,
    0x7c, 0xff, 0xec, 0x00, 0x00, 0x00, 0x43, 0xf8, 0xff, 0x9f, 0x01, 0x00, 0x00, 0x00, 0x00, 0x00,
    0x7c, 0xff, 0xec, 0x00, 0x00, 0x3b, 0xf5, 0xff, 0xac, 0x03, 0x00, 0x00, 0x00, 0x00, 0x00, 0x00,
    0x7c, 0xff, 0xec, 0x00, 0x34, 0xf1, 0xff, 0xd6, 0x06, 0x00, 0x00, 0x00, 0x00, 0x00, 0x00, 0x00,
    0x7c, 0xff, 0xec, 0x2d, 0xee, 0xff, 0xff, 0xfe, 0x4c, 0x00, 0x00, 0x00, 0x00, 0x00, 0x00, 0x00,
    0x7c, 0xff, 0xf7, 0xe9, 0xff, 0xda, 0xdf, 0xff, 0xf2, 0x2a, 0x00, 0x00, 0x00, 0x00, 0x00, 0x00,
    0x7c, 0xff, 0xff, 0xff, 0xdc, 0x1b, 0x2b, 0xf0, 0xff, 0xdb, 0x12, 0x00, 0x00, 0x00, 0x00, 0x00,
    0x7c, 0xff, 0xff, 0xdf, 0x1e, 0x00, 0x00, 0x45, 0xfc, 0xff, 0xbb, 0x03, 0x00, 0x00, 0x00, 0x00,
    0x7c, 0xff, 0xfb, 0x20, 0x00, 0x00, 0x00, 0x00, 0x66, 0xff, 0xff, 0x8f, 0x00, 0x00, 0x00, 0x00,
    0x7c, 0xff, 0xec, 0x00, 0x00, 0x00, 0x00, 0x00, 0x00, 0x8d, 0xff, 0xff, 0x60, 0x00, 0x00, 0x00,
    0x7c, 0xff, 0xec, 0x00, 0x00, 0x00, 0x00, 0x00, 0x00, 0x02, 0xb2, 0xff, 0xf9, 0x38, 0x00, 0x00,
    0x7c, 0xff, 0xec, 0x00, 0x00, 0x00, 0x00, 0x00, 0x00, 0x00, 0x0c, 0xcf, 0xff, 0xe6, 0x1b, 0x00,
    0x7c, 0xff, 0xec, 0x00, 0x00, 0x00, 0x00, 0x00, 0x00, 0x00, 0x00, 0x1c, 0xe5, 0xff, 0xca, 0x08,

    /* U+004C "L" */
    0x7c, 0xff, 0xec, 0x00, 0x00, 0x00, 0x00, 0x00, 0x00, 0x00, 0x00, 0x00, 0x00, 0x00, 0x00, 0x00,
    0x7c, 0xff, 0xec, 0x00, 0x00, 0x00, 0x00, 0x00, 0x00, 0x00, 0x00, 0x00, 0x00, 0x00, 0x00, 0x00,
    0x7c, 0xff, 0xec, 0x00, 0x00, 0x00, 0x00, 0x00, 0x00, 0x00, 0x00, 0x00, 0x00, 0x00, 0x00, 0x00,
    0x7c, 0xff, 0xec, 0x00, 0x00, 0x00, 0x00, 0x00, 0x00, 0x00, 0x00, 0x00, 0x00, 0x00, 0x00, 0x00,
    0x7c, 0xff, 0xec, 0x00, 0x00, 0x00, 0x00, 0x00, 0x00, 0x00, 0x00, 0x00, 0x00, 0x00, 0x00, 0x00,
    0x7c, 0xff, 0xec, 0x00, 0x00, 0x00, 0x00, 0x00, 0x00, 0x00, 0x00, 0x00, 0x00, 0x00, 0x00, 0x00,
    0x7c, 0xff, 0xec, 0x00, 0x00, 0x00, 0x00, 0x00, 0x00, 0x00, 0x00, 0x00, 0x00, 0x00, 0x00, 0x00,
    0x7c, 0xff, 0xec, 0x00, 0x00, 0x00, 0x00, 0x00, 0x00, 0x00, 0x00, 0x00, 0x00, 0x00, 0x00, 0x00,
    0x7c, 0xff, 0xec, 0x00, 0x00, 0x00, 0x00, 0x00, 0x00, 0x00, 0x00, 0x00, 0x00, 0x00, 0x00, 0x00,
    0x7c, 0xff, 0xec, 0x00, 0x00, 0x00, 0x00, 0x00, 0x00, 0x00, 0x00, 0x00, 0x00, 0x00, 0x00, 0x00,
    0x7c, 0xff, 0xec, 0x00, 0x00, 0x00, 0x00, 0x00, 0x00, 0x00, 0x00, 0x00, 0x00, 0x00, 0x00, 0x00,
    0x7c, 0xff, 0xec, 0x00, 0x00, 0x00, 0x00, 0x00, 0x00, 0x00, 0x00, 0x00, 0x00, 0x00, 0x00, 0x00,
    0x7c, 0xff, 0xec, 0x00, 0x00, 0x00, 0x00, 0x00, 0x00, 0x00, 0x00, 0x00, 0x00, 0x00, 0x00, 0x00,
    0x7c, 0xff, 0xec, 0x00, 0x00, 0x00, 0x00, 0x00, 0x00, 0x00, 0x00, 0x00, 0x00, 0x00, 0x00, 0x00,
    0x7c, 0xff, 0xee, 0x1c, 0x1c, 0x1c, 0x1c, 0x1c, 0x1c, 0x1c, 0x1c, 0x1c, 0x00, 0x00, 0x00, 0x00,
    0x7c, 0xff, 0xff, 0xff, 0xff, 0xff, 0xff, 0xff, 0xff, 0xff, 0xff, 0xff, 0x04, 0x00, 0x00, 0x00,
    0x7c, 0xff, 0xff, 0xff, 0xff, 0xff, 0xff, 0xff, 0xff, 0xff, 0xff, 0xff, 0x04, 0x00, 0x00, 0x00,

    /* U+004D "M" */
    0x7c, 0xff, 0xc6, 0x01, 0x00, 0x00, 0x00, 0x00, 0x00, 0x00, 0x00, 0x00, 0x00, 0x00, 0x00, 0x06, 0xdc, 0xff, 0x60, 0x00, 0x00, 0x00, 0x00, 0x00, 0x00, 0x00, 0x00, 0x00, 0x00, 0x00, 0x00, 0x00,
    0x7c, 0xff, 0xff, 0x5d, 0x00, 0x00, 0x00, 0x00, 0x00, 0x00, 0x00, 0x00, 0x00, 0x00, 0x00, 0x75, 0xff, 0xff, 0x60, 0x00, 0x00, 0x00, 0x00, 0x00, 0x00, 0x00, 0x00, 0x00, 0x00, 0x00, 0x00, 0x00,
    0x7c, 0xff, 0xff, 0xe5, 0x0c, 0x00, 0x00, 0x00, 0x00, 0x00, 0x00, 0x00, 0x00, 0x00, 0x16, 0xf1, 0xff, 0xff, 0x60, 0x00, 0x00, 0x00, 0x00, 0x00, 0x00, 0x00, 0x00, 0x00, 0x00, 0x00, 0x00, 0x00,
    0x7c, 0xff, 0xff, 0xff, 0x87, 0x00, 0x00, 0x00, 0x00, 0x00, 0x00, 0x00, 0x00, 0x00, 0x9a, 0xff, 0xff, 0xff, 0x60, 0x00, 0x00, 0x00, 0x00, 0x00, 0x00, 0x00, 0x00, 0x00, 0x00, 0x00, 0x00, 0x00,
    0x7c, 0xff, 0xff, 0xff, 0xf9, 0x22, 0x00, 0x00, 0x00, 0x00, 0x00, 0x00, 0x00, 0x30, 0xfd, 0xff, 0xff, 0xff, 0x62, 0x00, 0x00, 0x00, 0x00, 0x00, 0x00, 0x00, 0x00, 0x00, 0x00, 0x00, 0x00, 0x00,
    0x7c, 0xff, 0xda, 0xd8, 0xff, 0xb0, 0x00, 0x00, 0x00, 0x00, 0x00, 0x00, 0x00, 0xc2, 0xff, 0xb8, 0xec, 0xff, 0x64, 0x00, 0x00, 0x00, 0x00, 0x00, 0x00, 0x00, 0x00, 0x00, 0x00, 0x00, 0x00, 0x00,
    0x7c, 0xff, 0xd4, 0x44, 0xff, 0xff, 0x45, 0x00, 0x00, 0x00, 0x00, 0x00, 0x53, 0xff, 0xf9, 0x25, 0xec, 0xff, 0x64, 0x00, 0x00, 0x00, 0x00, 0x00, 0x00, 0x00, 0x00, 0x00, 0x00, 0x00, 0x00, 0x00,
    0x7c, 0xff, 0xd4, 0x00, 0xa8, 0xff, 0xd6, 0x05, 0x00, 0x00, 0x00, 0x07, 0xdf, 0xff, 0x84, 0x00, 0xec, 0xff, 0x64, 0x00, 0x00, 0x00, 0x00, 0x00, 0x00, 0x00, 0x00, 0x00, 0x00, 0x00, 0x00, 0x00,
    0x7c, 0xff, 0xd4, 0x00, 0x19, 0xf3, 0xff, 0x6f, 0x00, 0x00, 0x00, 0x79, 0xff, 0xdf, 0x0a, 0x00, 0xec, 0xff, 0x64, 0x00, 0x00, 0x00, 0x00, 0x00, 0x00, 0x00, 0x00, 0x00, 0x00, 0x00, 0x00, 0x00,
    0x7c, 0xff, 0xd4, 0x00, 0x00, 0x70, 0xff, 0xef, 0x15, 0x00, 0x1a, 0xf3, 0xff, 0x50, 0x00, 0x00, 0xec, 0xff, 0x64, 0x00, 0x00, 0x00, 0x00, 0x00, 0x00, 0x00, 0x00, 0x00, 0x00, 0x00, 0x00, 0x00,
    0x7c, 0xff, 0xd4, 0x00, 0x00, 0x04, 0xd1, 0xff, 0x9a, 0x00, 0x9f, 0xff, 0xb5, 0x00, 0x00, 0x00, 0xec, 0xff, 0x64, 0x00, 0x00, 0x00, 0x00, 0x00, 0x00, 0x00, 0x00, 0x00, 0x00, 0x00, 0x00, 0x00,
    0x7c, 0xff, 0xd4, 0x00, 0x00, 0x00, 0x3b, 0xff, 0xfd, 0x65, 0xfe, 0xf7, 0x22, 0x00, 0x00, 0x00, 0xe9, 0xff, 0x64, 0x00, 0x00, 0x00, 0x00, 0x00, 0x00, 0x00, 0x00, 0x00, 0x00, 0x00, 0x00, 0x00,
    0x7c, 0xff, 0xd4, 0x00, 0x00, 0x00, 0x00, 0x9e, 0xff, 0xff, 0xff, 0x80, 0x00, 0x00, 0x00, 0x00, 0xe8, 0xff, 0x64, 0x00, 0x00, 0x00, 0x00, 0x00, 0x00, 0x00, 0x00, 0x00, 0x00, 0x00, 0x00, 0x00,
    0x7c, 0xff, 0xd4, 0x00, 0x00, 0x00, 0x00, 0x15, 0xef, 0xff, 0xdd, 0x08, 0x00, 0x00, 0x00, 0x00, 0xe8, 0xff, 0x68, 0x00, 0x00, 0x00, 0x00, 0x00, 0x00, 0x00, 0x00, 0x00, 0x00, 0x00, 0x00, 0x00,
    0x7c, 0xff, 0xd4, 0x00, 0x00, 0x00, 0x00, 0x00, 0x67, 0xfc, 0x4a, 0x00, 0x00, 0x00, 0x00, 0x00, 0xe8, 0xff, 0x68, 0x00, 0x00, 0x00, 0x00, 0x00, 0x00, 0x00, 0x00, 0x00, 0x00, 0x00, 0x00, 0x00,
    0x7c, 0xff, 0xd4, 0x00, 0x00, 0x00, 0x00, 0x00, 0x00, 0x00, 0x00, 0x00, 0x00, 0x00, 0x00, 0x00, 0xe8, 0xff, 0x68, 0x00, 0x00, 0x00, 0x00, 0x00, 0x00, 0x00, 0x00, 0x00, 0x00, 0x00, 0x00, 0x00,
    0x7c, 0xff, 0xd4, 0x00, 0x00, 0x00, 0x00, 0x00, 0x00, 0x00, 0x00, 0x00, 0x00, 0x00, 0x00, 0x00, 0xe8, 0xff, 0x68, 0x00, 0x00, 0x00, 0x00, 0x00, 0x00, 0x00, 0x00, 0x00, 0x00, 0x00, 0x00, 0x00,

    /* U+004E "N" */
    0x7c, 0xff, 0xd5, 0x0c, 0x00, 0x00, 0x00, 0x00, 0x00, 0x00, 0x00, 0x00, 0x70, 0xff, 0xf8, 0x00,
    0x7c, 0xff, 0xff, 0xad, 0x01, 0x00, 0x00, 0x00, 0x00, 0x00, 0x00, 0x00, 0x70, 0xff, 0xf8, 0x00,
    0x7c, 0xff, 0xff, 0xff, 0x79, 0x00, 0x00, 0x00, 0x00, 0x00, 0x00, 0x00, 0x70, 0xff, 0xf8, 0x00,
    0x7c, 0xff, 0xff, 0xff, 0xfd, 0x47, 0x00, 0x00, 0x00, 0x00, 0x00, 0x00, 0x70, 0xff, 0xf8, 0x00,
    0x7c, 0xff, 0xf4, 0xde, 0xff, 0xee, 0x22, 0x00, 0x00, 0x00, 0x00, 0x00, 0x70, 0xff, 0xf8, 0x00,
    0x7c, 0xff, 0xec, 0x2e, 0xf6, 0xff, 0xd2, 0x0b, 0x00, 0x00, 0x00, 0x00, 0x70, 0xff, 0xf8, 0x00,
    0x7c, 0xff, 0xec, 0x00, 0x5a, 0xff, 0xff, 0xa8, 0x00, 0x00, 0x00, 0x00, 0x70, 0xff, 0xf8, 0x00,
    0x7c, 0xff, 0xec, 0x00, 0x00, 0x90, 0xff, 0xff, 0x73, 0x00, 0x00, 0x00, 0x70, 0xff, 0xf8, 0x00,
    0x7c, 0xff, 0xec, 0x00, 0x00, 0x04, 0xbf, 0xff, 0xfc, 0x41, 0x00, 0x00, 0x70, 0xff, 0xf8, 0x00,
    0x7c, 0xff, 0xec, 0x00, 0x00, 0x00, 0x15, 0xe2, 0xff, 0xeb, 0x1f, 0x00, 0x70, 0xff, 0xf8, 0x00,
    0x7c, 0xff, 0xec, 0x00, 0x00, 0x00, 0x00, 0x34, 0xf8, 0xff, 0xcd, 0x09, 0x70, 0xff, 0xf8, 0x00,
    0x7c, 0xff, 0xec, 0x00, 0x00, 0x00, 0x00, 0x00, 0x60, 0xff, 0xff, 0xa1, 0x70, 0xff, 0xf8, 0x00,
    0x7c, 0xff, 0xec, 0x00, 0x00, 0x00, 0x00, 0x00, 0x00, 0x94, 0xff, 0xff, 0xd2, 0xff, 0xf8, 0x00,
    0x7c, 0xff, 0xec, 0x00, 0x00, 0x00, 0x00, 0x00, 0x00, 0x05, 0xc4, 0xff, 0xff, 0xff, 0xf8, 0x00,
    0x7c, 0xff, 0xec, 0x00, 0x00, 0x00, 0x00, 0x00, 0x00, 0x00, 0x18, 0xe5, 0xff, 0xff, 0xf8, 0x00,
    0x7c, 0xff, 0xec, 0x00, 0x00, 0x00, 0x00, 0x00, 0x00, 0x00, 0x00, 0x37, 0xf9, 0xff, 0xf8, 0x00,
    0x7c, 0xff, 0xec, 0x00, 0x00, 0x00, 0x00, 0x00, 0x00, 0x00, 0x00, 0x00, 0x66, 0xff, 0xf8, 0x00,

    /* U+004F "O" */
    0x00, 0x00, 0x00, 0x00, 0x04, 0x56, 0xab, 0xdf, 0xf9, 0xfc, 0xe8, 0xb6, 0x69, 0x0d, 0x00, 0x00, 0x00, 0x00, 0x00, 0x00, 0x00, 0x00, 0x00, 0x00, 0x00, 0x00, 0x00, 0x00, 0x00, 0x00, 0x00, 0x00,
    0x00, 0x00, 0x00, 0x3e, 0xd9, 0xff, 0xff, 0xff, 0xff, 0xff, 0xff, 0xff, 0xff, 0xeb, 0x5d, 0x00, 0x00, 0x00, 0x00, 0x00, 0x00, 0x00, 0x00, 0x00, 0x00, 0x00, 0x00, 0x00, 0x00, 0x00, 0x00, 0x00,
    0x00, 0x00, 0x5c, 0xfc, 0xff, 0xfb, 0xa8, 0x59, 0x34, 0x31, 0x50, 0x95, 0xf3, 0xff, 0xff, 0x89, 0x00, 0x00, 0x00, 0x00, 0x00, 0x00, 0x00, 0x00, 0x00, 0x00, 0x00, 0x00, 0x00, 0x00, 0x00, 0x00,
    0x00, 0x3b, 0xfc, 0xff, 0xd6, 0x2c, 0x00, 0x00, 0x00, 0x00, 0x00, 0x00, 0x18, 0xbc, 0xff, 0xff, 0x6b, 0x00, 0x00, 0x00, 0x00, 0x00, 0x00, 0x00, 0x00, 0x00, 0x00, 0x00, 0x00, 0x00, 0x00, 0x00,
    0x03, 0xd7, 0xff, 0xdf, 0x15, 0x00, 0x00, 0x00, 0x00, 0x00, 0x00, 0x00, 0x00, 0x07, 0xc2, 0xff, 0xf5, 0x18, 0x00, 0x00, 0x00, 0x00, 0x00, 0x00, 0x00, 0x00, 0x00, 0x00, 0x00, 0x00, 0x00, 0x00,
    0x50, 0xff, 0xff, 0x49, 0x00, 0x00, 0x00, 0x00, 0x00, 0x00, 0x00, 0x00, 0x00, 0x00, 0x26, 0xfc, 0xff, 0x7f, 0x00, 0x00, 0x00, 0x00, 0x00, 0x00, 0x00, 0x00, 0x00, 0x00, 0x00, 0x00, 0x00, 0x00,
    0x9c, 0xff, 0xdb, 0x00, 0x00, 0x00, 0x00, 0x00, 0x00, 0x00, 0x00, 0x00, 0x00, 0x00, 0x00, 0xb4, 0xff, 0xcb, 0x00, 0x00, 0x00, 0x00, 0x00, 0x00, 0x00, 0x00, 0x00, 0x00, 0x00, 0x00, 0x00, 0x00,
    0xc7, 0xff, 0xa1, 0x00, 0x00, 0x00, 0x00, 0x00, 0x00, 0x00, 0x00, 0x00, 0x00, 0x00, 0x00, 0x79, 0xff, 0xf3, 0x00, 0x00, 0x00, 0x00, 0x00, 0x00, 0x00, 0x00, 0x00, 0x00, 0x00, 0x00, 0x00, 0x00,
    0xd6, 0xff, 0x8e, 0x00, 0x00, 0x00, 0x00, 0x00, 0x00, 0x00, 0x00, 0x00, 0x00, 0x00, 0x00, 0x66, 0xff, 0xff, 0x02, 0x00, 0x00, 0x00, 0x00, 0x00, 0x00, 0x00, 0x00, 0x00, 0x00, 0x00, 0x00, 0x00,
    0xc7, 0xff, 0xa1, 0x00, 0x00, 0x00, 0x00, 0x00, 0x00, 0x00, 0x00, 0x00, 0x00, 0x00, 0x00, 0x79, 0xff, 0xf3, 0x00, 0x00, 0x00, 0x00, 0x00, 0x00, 0x00, 0x00, 0x00, 0x00, 0x00, 0x00, 0x00, 0x00,
    0x9d, 0xff, 0xdb, 0x00, 0x00, 0x00, 0x00, 0x00, 0x00, 0x00, 0x00, 0x00, 0x00, 0x00, 0x00, 0xb4, 0xff, 0xcb, 0x00, 0x00, 0x00, 0x00, 0x00, 0x00, 0x00, 0x00, 0x00, 0x00, 0x00, 0x00, 0x00, 0x00,
    0x50, 0xff, 0xff, 0x48, 0x00, 0x00, 0x00, 0x00, 0x00, 0x00, 0x00, 0x00, 0x00, 0x00, 0x24, 0xfc, 0xff, 0x80, 0x00, 0x00, 0x00, 0x00, 0x00, 0x00, 0x00, 0x00, 0x00, 0x00, 0x00, 0x00, 0x00, 0x00,
    0x03, 0xd8, 0xff, 0xdf, 0x14, 0x00, 0x00, 0x00, 0x00, 0x00, 0x00, 0x00, 0x00, 0x06, 0xc2, 0xff, 0xf5, 0x19, 0x00, 0x00, 0x00, 0x00, 0x00, 0x00, 0x00, 0x00, 0x00, 0x00, 0x00, 0x00, 0x00, 0x00,
    0x00, 0x3e, 0xfc, 0xff, 0xd4, 0x29, 0x00, 0x00, 0x00, 0x00, 0x00, 0x00, 0x16, 0xb9, 0xff, 0xff, 0x6b, 0x00, 0x00, 0x00, 0x00, 0x00, 0x00, 0x00, 0x00, 0x00, 0x00, 0x00, 0x00, 0x00, 0x00, 0x00,
    0x00, 0x00, 0x5e, 0xfc, 0xff, 0xfa, 0xa4, 0x55, 0x30, 0x2d, 0x4c, 0x91, 0xf2, 0xff, 0xff, 0x8b, 0x00, 0x00, 0x00, 0x00, 0x00, 0x00, 0x00, 0x00, 0x00, 0x00, 0x00, 0x00, 0x00, 0x00, 0x00, 0x00,
    0x00, 0x00, 0x00, 0x3f, 0xd9, 0xff, 0xff, 0xff, 0xff, 0xff, 0xff, 0xff, 0xff, 0xed, 0x61, 0x00, 0x00, 0x00, 0x00, 0x00, 0x00, 0x00, 0x00, 0x00, 0x00, 0x00, 0x00, 0x00, 0x00, 0x00, 0x00, 0x00,
    0x00, 0x00, 0x00, 0x00, 0x04, 0x54, 0xab, 0xdf, 0xf9, 0xfc, 0xe8, 0xb8, 0x6b, 0x0e, 0x00, 0x00, 0x00, 0x00, 0x00, 0x00, 0x00, 0x00, 0x00, 0x00, 0x00, 0x00, 0x00, 0x00, 0x00, 0x00, 0x00, 0x00,

    /* U+0050 "P" */
    0x7c, 0xff, 0xff, 0xff, 0xff, 0xff, 0xff, 0xfb, 0xe8, 0xbb, 0x6c, 0x0a, 0x00, 0x00, 0x00, 0x00,
    0x7c, 0xff, 0xff, 0xff, 0xff, 0xff, 0xff, 0xff, 0xff, 0xff, 0xff, 0xe1, 0x33, 0x00, 0x00, 0x00,
    0x7c, 0xff, 0xf1, 0x1c, 0x1c, 0x1c, 0x1c, 0x21, 0x40, 0x8c, 0xf6, 0xff, 0xed, 0x1c, 0x00, 0x00,
    0x7c, 0xff, 0xec, 0x00, 0x00, 0x00, 0x00, 0x00, 0x00, 0x00, 0x34, 0xf6, 0xff, 0x97, 0x00, 0x00,
    0x7c, 0xff, 0xec, 0x00, 0x00, 0x00, 0x00, 0x00, 0x00, 0x00, 0x00, 0x93, 0xff, 0xe9, 0x00, 0x00,
    0x7c, 0xff, 0xec, 0x00, 0x00, 0x00, 0x00, 0x00, 0x00, 0x00, 0x00, 0x59, 0xff, 0xff, 0x0e, 0x00,
    0x7c, 0xff, 0xec, 0x00, 0x00, 0x00, 0x00, 0x00, 0x00, 0x00, 0x00, 0x59, 0xff, 0xff, 0x0e, 0x00,
    0x7c, 0xff, 0xec, 0x00, 0x00, 0x00, 0x00, 0x00, 0x00, 0x00, 0x00, 0x93, 0xff, 0xe9, 0x00, 0x00,
    0x7c, 0xff, 0xec, 0x00, 0x00, 0x00, 0x00, 0x00, 0x00, 0x00, 0x34, 0xf6, 0xff, 0x97, 0x00, 0x00,
    0x7c, 0xff, 0xf1, 0x1c, 0x1c, 0x1c, 0x1c, 0x21, 0x40, 0x8b, 0xf6, 0xff, 0xec, 0x1b, 0x00, 0x00,
    0x7c, 0xff, 0xff, 0xff, 0xff, 0xff, 0xff, 0xff, 0xff, 0xff, 0xff, 0xe0, 0x31, 0x00, 0x00, 0x00,
    0x7c, 0xff, 0xff, 0xff, 0xff, 0xff, 0xff, 0xfc, 0xe8, 0xbb, 0x68, 0x09, 0x00, 0x00, 0x00, 0x00,
    0x7c, 0xff, 0xec, 0x00, 0x00, 0x00, 0x00, 0x00, 0x00, 0x00, 0x00, 0x00, 0x00, 0x00, 0x00, 0x00,
    0x7c, 0xff, 0xec, 0x00, 0x00, 0x00, 0x00, 0x00, 0x00, 0x00, 0x00, 0x00, 0x00, 0x00, 0x00, 0x00,
    0x7c, 0xff, 0xec, 0x00, 0x00, 0x00, 0x00, 0x00, 0x00, 0x00, 0x00, 0x00, 0x00, 0x00, 0x00, 0x00,
    0x7c, 0xff, 0xec, 0x00, 0x00, 0x00, 0x00, 0x00, 0x00, 0x00, 0x00, 0x00, 0x00, 0x00, 0x00, 0x00,
    0x7c, 0xff, 0xec, 0x00, 0x00, 0x00, 0x00, 0x00, 0x00, 0x00, 0x00, 0x00, 0x00, 0x00, 0x00, 0x00,

    /* U+0051 "Q" */
    0x00, 0x00, 0x00, 0x00, 0x04, 0x56, 0xab, 0xdf, 0xf9, 0xfc, 0xe8, 0xb6, 0x69, 0x0d, 0x00, 0x00, 0x00, 0x00, 0x00, 0x00, 0x00, 0x00, 0x00, 0x00, 0x00, 0x00, 0x00, 0x00, 0x00, 0x00, 0x00, 0x00,
    0x00, 0x00, 0x00, 0x3e, 0xd9, 0xff, 0xff, 0xff, 0xff, 0xff, 0xff, 0xff, 0xff, 0xeb, 0x5d, 0x00, 0x00, 0x00, 0x00, 0x00, 0x00, 0x00, 0x00, 0x00, 0x00, 0x00, 0x00, 0x00, 0x00, 0x00, 0x00, 0x00,
    0x00, 0x00, 0x5c, 0xfc, 0xff, 0xfb, 0xa8, 0x59, 0x34, 0x31, 0x50, 0x95, 0xf3, 0xff, 0xff, 0x89, 0x00, 0x00, 0x00, 0x00, 0x00, 0x00, 0x00, 0x00, 0x00, 0x00, 0x00, 0x00, 0x00, 0x00, 0x00, 0x00,
    0x00, 0x3b, 0xfc, 0xff, 0xd6, 0x2c, 0x00, 0x00, 0x00, 0x00, 0x00, 0x00, 0x18, 0xbc, 0xff, 0xff, 0x6b, 0x00, 0x00, 0x00, 0x00, 0x00, 0x00, 0x00, 0x00, 0x00, 0x00, 0x00, 0x00, 0x00, 0x00, 0x00,
    0x03, 0xd7, 0xff, 0xdf, 0x15, 0x00, 0x00, 0x00, 0x00, 0x00, 0x00, 0x00, 0x00, 0x07, 0xc2, 0xff, 0xf5, 0x18, 0x00, 0x00, 0x00, 0x00, 0x00, 0x00, 0x00, 0x00, 0x00, 0x00, 0x00, 0x00, 0x00, 0x00,
    0x50, 0xff, 0xff, 0x49, 0x00, 0x00, 0x00, 0x00, 0x00, 0x00, 0x00, 0x00, 0x00, 0x00, 0x26, 0xfc, 0xff, 0x7f, 0x00, 0x00, 0x00, 0x00, 0x00, 0x00, 0x00, 0x00, 0x00, 0x00, 0x00, 0x00, 0x00, 0x00,
    0x9c, 0xff, 0xdb, 0x00, 0x00, 0x00, 0x00, 0x00, 0x00, 0x00, 0x00, 0x00, 0x00, 0x00, 0x00, 0xb4, 0xff, 0xcb, 0x00, 0x00, 0x00, 0x00, 0x00, 0x00, 0x00, 0x00, 0x00, 0x00, 0x00, 0x00, 0x00, 0x00,
    0xc7, 0xff, 0xa1, 0x00, 0x00, 0x00, 0x00, 0x00, 0x00, 0x00, 0x00, 0x00, 0x00, 0x00, 0x00, 0x79, 0xff, 0xf3, 0x00, 0x00, 0x00, 0x00, 0x00, 0x00, 0x00, 0x00, 0x00, 0x00, 0x00, 0x00, 0x00, 0x00,
    0xd6, 0xff, 0x8e, 0x00, 0x00, 0x00, 0x00, 0x00, 0x00, 0x00, 0x00, 0x00, 0x00, 0x00, 0x00, 0x66, 0xff, 0xff, 0x02, 0x00, 0x00, 0x00, 0x00, 0x00, 0x00, 0x00, 0x00, 0x00, 0x00, 0x00, 0x00, 0x00,
    0xc7, 0xff, 0xa1, 0x00, 0x00, 0x00, 0x00, 0x00, 0x00, 0x00, 0x00, 0x00, 0x00, 0x00, 0x00, 0x79, 0xff, 0xf3, 0x00, 0x00, 0x00, 0x00, 0x00, 0x00, 0x00, 0x00, 0x00, 0x00, 0x00, 0x00, 0x00, 0x00,
    0x9d, 0xff, 0xde, 0x01, 0x00, 0x00, 0x00, 0x00, 0x00, 0x00, 0x00, 0x00, 0x00, 0x00, 0x00, 0xb6, 0xff, 0xcb, 0x00, 0x00, 0x00, 0x00, 0x00, 0x00, 0x00, 0x00, 0x00, 0x00, 0x00, 0x00, 0x00, 0x00,
    0x50, 0xff, 0xff, 0x4a, 0x00, 0x00, 0x00, 0x00, 0x00, 0x00, 0x00, 0x00, 0x00, 0x00, 0x26, 0xfc, 0xff, 0x80, 0x00, 0x00, 0x00, 0x00, 0x00, 0x00, 0x00, 0x00, 0x00, 0x00, 0x00, 0x00, 0x00, 0x00,
    0x03, 0xd8, 0xff, 0xdf, 0x16, 0x00, 0x00, 0x00, 0x00, 0x00, 0x00, 0x00, 0x00, 0x07, 0xc5, 0xff, 0xf5, 0x19, 0x00, 0x00, 0x00, 0x00, 0x00, 0x00, 0x00, 0x00, 0x00, 0x00, 0x00, 0x00, 0x00, 0x00,
    0x00, 0x3e, 0xfc, 0xff, 0xd6, 0x2a, 0x00, 0x00, 0x00, 0x00, 0x00, 0x00, 0x17, 0xbb, 0xff, 0xff, 0x6b, 0x00, 0x00, 0x00, 0x00, 0x00, 0x00, 0x00, 0x00, 0x00, 0x00, 0x00, 0x00, 0x00, 0x00, 0x00,
    0x00, 0x00, 0x5e, 0xfc, 0xff, 0xfb, 0xa4, 0x55, 0x30, 0x2d, 0x4c, 0x91, 0xf2, 0xff, 0xff, 0x8b, 0x00, 0x00, 0x00, 0x00, 0x00, 0x00, 0x00, 0x00, 0x00, 0x00, 0x00, 0x00, 0x00, 0x00, 0x00, 0x00,
    0x00, 0x00, 0x00, 0x3f, 0xd9, 0xff, 0xff, 0xff, 0xff, 0xff, 0xff, 0xff, 0xff, 0xed, 0x61, 0x00, 0x00, 0x00, 0x00, 0x00, 0x00, 0x00, 0x00, 0x00, 0x00, 0x00, 0x00, 0x00, 0x00, 0x00, 0x00, 0x00,
    0x00, 0x00, 0x00, 0x00, 0x04, 0x54, 0xab, 0xdf, 0xfd, 0xff, 0xff, 0xe2, 0x6b, 0x0e, 0x00, 0x00, 0x00, 0x00, 0x00, 0x00, 0x00, 0x00, 0x00, 0x00, 0x00, 0x00, 0x00, 0x00, 0x00, 0x00, 0x00, 0x00,
    0x00, 0x00, 0x00, 0x00, 0x00, 0x00, 0x00, 0x00, 0x18, 0xcf, 0xff, 0xfe, 0x8c, 0x1b, 0x00, 0x06, 0x4b, 0xcd, 0x4e, 0x00, 0x00, 0x00, 0x00, 0x00, 0x00, 0x00, 0x00, 0x00, 0x00, 0x00, 0x00, 0x00,
    0x00, 0x00, 0x00, 0x00, 0x00, 0x00, 0x00, 0x00, 0x00, 0x0b, 0x9d, 0xff, 0xff, 0xff, 0xf1, 0xfc, 0xff, 0xfc, 0x5e, 0x00, 0x00, 0x00, 0x00, 0x00, 0x00, 0x00, 0x00, 0x00, 0x00, 0x00, 0x00, 0x00,
    0x00, 0x00, 0x00, 0x00, 0x00, 0x00, 0x00, 0x00, 0x00, 0x00, 0x00, 0x3a, 0xa9, 0xe6, 0xfc, 0xec, 0xac, 0x33, 0x00, 0x00, 0x00, 0x00, 0x00, 0x00, 0x00, 0x00, 0x00, 0x00, 0x00, 0x00, 0x00, 0x00,

    /* U+0052 "R" */
    0x7c, 0xff, 0xff, 0xff, 0xff, 0xff, 0xff, 0xfc, 0xe8, 0xbb, 0x6a, 0x0a, 0x00, 0x00, 0x00, 0x00,
    0x7c, 0xff, 0xff, 0xff, 0xff, 0xff, 0xff, 0xff, 0xff, 0xff, 0xff, 0xe0, 0x32, 0x00, 0x00, 0x00,
    0x7c, 0xff, 0xf1, 0x1c, 0x1c, 0x1c, 0x1c, 0x21, 0x40, 0x8c, 0xf6, 0xff, 0xed, 0x1d, 0x00, 0x00,
    0x7c, 0xff, 0xec, 0x00, 0x00, 0x00, 0x00, 0x00, 0x00, 0x00, 0x34, 0xf6, 0xff, 0x9a, 0x00, 0x00,
    0x7c, 0xff, 0xec, 0x00, 0x00, 0x00, 0x00, 0x00, 0x00, 0x00, 0x00, 0x93, 0xff, 0xea, 0x00, 0x00,
    0x7c, 0xff, 0xec, 0x00, 0x00, 0x00, 0x00, 0x00, 0x00, 0x00, 0x00, 0x59, 0xff, 0xff, 0x0d, 0x00,
    0x7c, 0xff, 0xec, 0x00, 0x00, 0x00, 0x00, 0x00, 0x00, 0x00, 0x00, 0x59, 0xff, 0xff, 0x0e, 0x00,
    0x7c, 0xff, 0xec, 0x00, 0x00, 0x00, 0x00, 0x00, 0x00, 0x00, 0x00, 0x90, 0xff, 0xe9, 0x00, 0x00,
    0x7c, 0xff, 0xec, 0x00, 0x00, 0x00, 0x00, 0x00, 0x00, 0x00, 0x2f, 0xf5, 0xff, 0x97, 0x00, 0x00,
    0x7c, 0xff, 0xf0, 0x10, 0x10, 0x10, 0x10, 0x15, 0x34, 0x81, 0xf4, 0xff, 0xed, 0x1c, 0x00, 0x00,
    0x7c, 0xff, 0xff, 0xff, 0xff, 0xff, 0xff, 0xff, 0xff, 0xff, 0xff, 0xe1, 0x34, 0x00, 0x00, 0x00,
    0x7c, 0xff, 0xff, 0xff, 0xff, 0xff, 0xff, 0xfc, 0xff, 0xff, 0xb5, 0x0a, 0x00, 0x00, 0x00, 0x00,
    0x7c, 0xff, 0xec, 0x00, 0x00, 0x00, 0x00, 0x00, 0x74, 0xff, 0xf7, 0x2b, 0x00, 0x00, 0x00, 0x00,
    0x7c, 0xff, 0xec, 0x00, 0x00, 0x00, 0x00, 0x00, 0x02, 0xbd, 0xff, 0xd2, 0x08, 0x00, 0x00, 0x00,
    0x7c, 0xff, 0xec, 0x00, 0x00, 0x00, 0x00, 0x00, 0x00, 0x1b, 0xed, 0xff, 0x93, 0x00, 0x00, 0x00,
    0x7c, 0xff, 0xec, 0x00, 0x00, 0x00, 0x00, 0x00, 0x00, 0x00, 0x51, 0xff, 0xff, 0x4b, 0x00, 0x00,
    0x7c, 0xff, 0xec, 0x00, 0x00, 0x00, 0x00, 0x00, 0x00, 0x00, 0x00, 0x9b, 0xff, 0xea, 0x19, 0x00,

    /* U+0053 "S" */
    0x00, 0x00, 0x00, 0x0e, 0x76, 0xc3, 0xec, 0xfc, 0xf8, 0xde, 0xac, 0x5d, 0x09, 0x00, 0x00, 0x00,
    0x00, 0x00, 0x35, 0xe6, 0xff, 0xff, 0xff, 0xff, 0xff, 0xff, 0xff, 0xff, 0xe3, 0x13, 0x00, 0x00,
    0x00, 0x10, 0xe9, 0xff, 0xe9, 0x6f, 0x2b, 0x13, 0x1a, 0x3e, 0x7f, 0xe0, 0xcf, 0x00, 0x00, 0x00,
    0x00, 0x6b, 0xff, 0xf9, 0x25, 0x00, 0x00, 0x00, 0x00, 0x00, 0x00, 0x05, 0x27, 0x00, 0x00, 0x00,
    0x00, 0x97, 0xff, 0xc8, 0x00, 0x00, 0x00, 0x00, 0x00, 0x00, 0x00, 0x00, 0x00, 0x00, 0x00, 0x00,
    0x00, 0x8c, 0xff, 0xe7, 0x08, 0x00, 0x00, 0x00, 0x00, 0x00, 0x00, 0x00, 0x00, 0x00, 0x00, 0x00,
    0x00, 0x40, 0xff, 0xff, 0xc1, 0x33, 0x00, 0x00, 0x00, 0x00, 0x00, 0x00, 0x00, 0x00, 0x00, 0x00,
    0x00, 0x00, 0x8b, 0xff, 0xff, 0xff, 0xde, 0x97, 0x54, 0x15, 0x00, 0x00, 0x00, 0x00, 0x00, 0x00,
    0x00, 0x00, 0x00, 0x47, 0xbd, 0xfe, 0xff, 0xff, 0xff, 0xff, 0xc7, 0x5d, 0x02, 0x00, 0x00, 0x00,
    0x00, 0x00, 0x00, 0x00, 0x00, 0x17, 0x5c, 0x9c, 0xdd, 0xff, 0xff, 0xff, 0xbb, 0x09, 0x00, 0x00,
    0x00, 0x00, 0x00, 0x00, 0x00, 0x00, 0x00, 0x00, 0x00, 0x2c, 0xa6, 0xff, 0xff, 0x87, 0x00, 0x00,
    0x00, 0x00, 0x00, 0x00, 0x00, 0x00, 0x00, 0x00, 0x00, 0x00, 0x00, 0xab, 0xff, 0xd8, 0x00, 0x00,
    0x00, 0x00, 0x00, 0x00, 0x00, 0x00, 0x00, 0x00, 0x00, 0x00, 0x00, 0x75, 0xff, 0xe6, 0x00, 0x00,
    0x00, 0x58, 0x82, 0x09, 0x00, 0x00, 0x00, 0x00, 0x00, 0x00, 0x03, 0xc2, 0xff, 0xbb, 0x00, 0x00,
    0x00, 0xd3, 0xff, 0xea, 0x8d, 0x45, 0x1d, 0x12, 0x20, 0x50, 0xbf, 0xff, 0xff, 0x48, 0x00, 0x00,
    0x00, 0x44, 0xdc, 0xff, 0xff, 0xff, 0xff, 0xff, 0xff, 0xff, 0xff, 0xfb, 0x6e, 0x00, 0x00, 0x00,
    0x00, 0x00, 0x04, 0x4d, 0x9f, 0xd5, 0xf5, 0xfe, 0xf2, 0xd0, 0x8e, 0x26, 0x00, 0x00, 0x00, 0x00,

    /* U+0054 "T" */
    0xe8, 0xff, 0xff, 0xff, 0xff, 0xff, 0xff, 0xff, 0xff, 0xff, 0xff, 0xff, 0xff, 0xfc, 0x00, 0x00,
    0xe8, 0xff, 0xff, 0xff, 0xff, 0xff, 0xff, 0xff, 0xff, 0xff, 0xff, 0xff, 0xff, 0xfc, 0x00, 0x00,
    0x19, 0x1c, 0x1c, 0x1c, 0x1c, 0x3c, 0xff, 0xff, 0x51, 0x1c, 0x1c, 0x1c, 0x1c, 0x1c, 0x00, 0x00,
    0x00, 0x00, 0x00, 0x00, 0x00, 0x24, 0xff, 0xff, 0x3c, 0x00, 0x00, 0x00, 0x00, 0x00, 0x00, 0x00,
    0x00, 0x00, 0x00, 0x00, 0x00, 0x24, 0xff, 0xff, 0x3c, 0x00, 0x00, 0x00, 0x00, 0x00, 0x00, 0x00,
    0x00, 0x00, 0x00, 0x00, 0x00, 0x24, 0xff, 0xff, 0x3c, 0x00, 0x00, 0x00, 0x00, 0x00, 0x00, 0x00,
    0x00, 0x00, 0x00, 0x00, 0x00, 0x24, 0xff, 0xff, 0x3c, 0x00, 0x00, 0x00, 0x00, 0x00, 0x00, 0x00,
    0x00, 0x00, 0x00, 0x00, 0x00, 0x24, 0xff, 0xff, 0x3c, 0x00, 0x00, 0x00, 0x00, 0x00, 0x00, 0x00,
    0x00, 0x00, 0x00, 0x00, 0x00, 0x24, 0xff, 0xff, 0x3c, 0x00, 0x00, 0x00, 0x00, 0x00, 0x00, 0x00,
    0x00, 0x00, 0x00, 0x00, 0x00, 0x24, 0xff, 0xff, 0x3c, 0x00, 0x00, 0x00, 0x00, 0x00, 0x00, 0x00,
    0x00, 0x00, 0x00, 0x00, 0x00, 0x24, 0xff, 0xff, 0x3c, 0x00, 0x00, 0x00, 0x00, 0x00, 0x00, 0x00,
    0x00, 0x00, 0x00, 0x00, 0x00, 0x24, 0xff, 0xff, 0x3c, 0x00, 0x00, 0x00, 0x00, 0x00, 0x00, 0x00,
    0x00, 0x00, 0x00, 0x00, 0x00, 0x24, 0xff, 0xff, 0x3c, 0x00, 0x00, 0x00, 0x00, 0x00, 0x00, 0x00,
    0x00, 0x00, 0x00, 0x00, 0x00, 0x24, 0xff, 0xff, 0x3c, 0x00, 0x00, 0x00, 0x00, 0x00, 0x00, 0x00,
    0x00, 0x00, 0x00, 0x00, 0x00, 0x24, 0xff, 0xff, 0x3c, 0x00, 0x00, 0x00, 0x00, 0x00, 0x00, 0x00,
    0x00, 0x00, 0x00, 0x00, 0x00, 0x24, 0xff, 0xff, 0x3c, 0x00, 0x00, 0x00, 0x00, 0x00, 0x00, 0x00,
    0x00, 0x00, 0x00, 0x00, 0x00, 0x24, 0xff, 0xff, 0x3c, 0x00, 0x00, 0x00, 0x00, 0x00, 0x00, 0x00,

    /* U+0055 "U" */
    0xa0, 0xff, 0xc8, 0x00, 0x00, 0x00, 0x00, 0x00, 0x00, 0x00, 0x00, 0x00, 0xc0, 0xff, 0x94, 0x00,
    0xa0, 0xff, 0xc8, 0x00, 0x00, 0x00, 0x00, 0x00, 0x00, 0x00, 0x00, 0x00, 0xc0, 0xff, 0x94, 0x00,
    0xa0, 0xff, 0xc8, 0x00, 0x00, 0x00, 0x00, 0x00, 0x00, 0x00, 0x00, 0x00, 0xc0, 0xff, 0x94, 0x00,
    0xa0, 0xff, 0xc8, 0x00, 0x00, 0x00, 0x00, 0x00, 0x00, 0x00, 0x00, 0x00, 0xc0, 0xff, 0x94, 0x00,
    0xa0, 0xff, 0xc8, 0x00, 0x00, 0x00, 0x00, 0x00, 0x00, 0x00, 0x00, 0x00, 0xc0, 0xff, 0x94, 0x00,
    0xa0, 0xff, 0xc8, 0x00, 0x00, 0x00, 0x00, 0x00, 0x00, 0x00, 0x00, 0x00, 0xc0, 0xff, 0x94, 0x00,
    0xa0, 0xff, 0xc8, 0x00, 0x00, 0x00, 0x00, 0x00, 0x00, 0x00, 0x00, 0x00, 0xc0, 0xff, 0x94, 0x00,
    0xa0, 0xff, 0xc8, 0x00, 0x00, 0x00, 0x00, 0x00, 0x00, 0x00, 0x00, 0x00, 0xc0, 0xff, 0x94, 0x00,
    0xa0, 0xff, 0xc8, 0x00, 0x00, 0x00, 0x00, 0x00, 0x00, 0x00, 0x00, 0x00, 0xc0, 0xff, 0x94, 0x00,
    0x9f, 0xff, 0xc9, 0x00, 0x00, 0x00, 0x00, 0x00, 0x00, 0x00, 0x00, 0x00, 0xc1, 0xff, 0x93, 0x00,
    0x95, 0xff, 0xd6, 0x00, 0x00, 0x00, 0x00, 0x00, 0x00, 0x00, 0x00, 0x00, 0xce, 0xff, 0x89, 0x00,
    0x75, 0xff, 0xf9, 0x08, 0x00, 0x00, 0x00, 0x00, 0x00, 0x00, 0x00, 0x04, 0xf4, 0xff, 0x69, 0x00,
    0x3a, 0xff, 0xff, 0x57, 0x00, 0x00, 0x00, 0x00, 0x00, 0x00, 0x00, 0x50, 0xff, 0xff, 0x2f, 0x00,
    0x01, 0xd7, 0xff, 0xe3, 0x1e, 0x00, 0x00, 0x00, 0x00, 0x00, 0x1b, 0xe0, 0xff, 0xcc, 0x00, 0x00,
    0x00, 0x40, 0xfc, 0xff, 0xee, 0x7e, 0x3d, 0x2a, 0x3d, 0x7e, 0xec, 0xff, 0xfa, 0x39, 0x00, 0x00,
    0x00, 0x00, 0x51, 0xf2, 0xff, 0xff, 0xff, 0xff, 0xff, 0xff, 0xff, 0xef, 0x4b, 0x00, 0x00, 0x00,
    0x00, 0x00, 0x00, 0x17, 0x82, 0xcc, 0xf3, 0xfe, 0xf3, 0xca, 0x7e, 0x15, 0x00, 0x00, 0x00, 0x00,

    /* U+0056 "V" */
    0x00, 0xd0, 0xff, 0xc6, 0x00, 0x00, 0x00, 0x00, 0x00, 0x00, 0x00, 0x00, 0x00, 0x00, 0x00, 0x80, 0xff, 0xe1, 0x04, 0x00, 0x00, 0x00, 0x00, 0x00, 0x00, 0x00, 0x00, 0x00, 0x00, 0x00, 0x00, 0x00,
    0x00, 0x62, 0xff, 0xff, 0x36, 0x00, 0x00, 0x00, 0x00, 0x00, 0x00, 0x00, 0x00, 0x00, 0x07, 0xe9, 0xff, 0x76, 0x00, 0x00, 0x00, 0x00, 0x00, 0x00, 0x00, 0x00, 0x00, 0x00, 0x00, 0x00, 0x00, 0x00,
    0x00, 0x08, 0xea, 0xff, 0xa6, 0x00, 0x00, 0x00, 0x00, 0x00, 0x00, 0x00, 0x00, 0x00, 0x5e, 0xff, 0xf5, 0x11, 0x00, 0x00, 0x00, 0x00, 0x00, 0x00, 0x00, 0x00, 0x00, 0x00, 0x00, 0x00, 0x00, 0x00,
    0x00, 0x00, 0x82, 0xff, 0xfb, 0x1a, 0x00, 0x00, 0x00, 0x00, 0x00, 0x00, 0x00, 0x00, 0xce, 0xff, 0x98, 0x00, 0x00, 0x00, 0x00, 0x00, 0x00, 0x00, 0x00, 0x00, 0x00, 0x00, 0x00, 0x00, 0x00, 0x00,
    0x00, 0x00, 0x18, 0xfa, 0xff, 0x82, 0x00, 0x00, 0x00, 0x00, 0x00, 0x00, 0x00, 0x3e, 0xff, 0xff, 0x2b, 0x00, 0x00, 0x00, 0x00, 0x00, 0x00, 0x00, 0x00, 0x00, 0x00, 0x00, 0x00, 0x00, 0x00, 0x00,
    0x00, 0x00, 0x00, 0xa2, 0xff, 0xea, 0x08, 0x00, 0x00, 0x00, 0x00, 0x00, 0x00, 0xaf, 0xff, 0xba, 0x00, 0x00, 0x00, 0x00, 0x00, 0x00, 0x00, 0x00, 0x00, 0x00, 0x00, 0x00, 0x00, 0x00, 0x00, 0x00,
    0x00, 0x00, 0x00, 0x32, 0xff, 0xff, 0x62, 0x00, 0x00, 0x00, 0x00, 0x00, 0x21, 0xfd, 0xff, 0x4b, 0x00, 0x00, 0x00, 0x00, 0x00, 0x00, 0x00, 0x00, 0x00, 0x00, 0x00, 0x00, 0x00, 0x00, 0x00, 0x00,
    0x00, 0x00, 0x00, 0x00, 0xc2, 0xff, 0xcf, 0x00, 0x00, 0x00, 0x00, 0x00, 0x8e, 0xff, 0xdc, 0x02, 0x00, 0x00, 0x00, 0x00, 0x00, 0x00, 0x00, 0x00, 0x00, 0x00, 0x00, 0x00, 0x00, 0x00, 0x00, 0x00,
    0x00, 0x00, 0x00, 0x00, 0x56, 0xff, 0xff, 0x3e, 0x00, 0x00, 0x00, 0x0d, 0xf1, 0xff, 0x6f, 0x00, 0x00, 0x00, 0x00, 0x00, 0x00, 0x00, 0x00, 0x00, 0x00, 0x00, 0x00, 0x00, 0x00, 0x00, 0x00, 0x00,
    0x00, 0x00, 0x00, 0x00, 0x04, 0xe1, 0xff, 0xad, 0x00, 0x00, 0x00, 0x6c, 0xff, 0xf1, 0x0d, 0x00, 0x00, 0x00, 0x00, 0x00, 0x00, 0x00, 0x00, 0x00, 0x00, 0x00, 0x00, 0x00, 0x00, 0x00, 0x00, 0x00,
    0x00, 0x00, 0x00, 0x00, 0x00, 0x75, 0xff, 0xfd, 0x21, 0x00, 0x02, 0xdc, 0xff, 0x90, 0x00, 0x00, 0x00, 0x00, 0x00, 0x00, 0x00, 0x00, 0x00, 0x00, 0x00, 0x00, 0x00, 0x00, 0x00, 0x00, 0x00, 0x00,
    0x00, 0x00, 0x00, 0x00, 0x00, 0x11, 0xf5, 0xff, 0x8b, 0x00, 0x4d, 0xff, 0xfe, 0x24, 0x00, 0x00, 0x00, 0x00, 0x00, 0x00, 0x00, 0x00, 0x00, 0x00, 0x00, 0x00, 0x00, 0x00, 0x00, 0x00, 0x00, 0x00,
    0x00, 0x00, 0x00, 0x00, 0x00, 0x00, 0x96, 0xff, 0xef, 0x0b, 0xbe, 0xff, 0xb2, 0x00, 0x00, 0x00, 0x00, 0x00, 0x00, 0x00, 0x00, 0x00, 0x00, 0x00, 0x00, 0x00, 0x00, 0x00, 0x00, 0x00, 0x00, 0x00,
    0x00, 0x00, 0x00, 0x00, 0x00, 0x00, 0x27, 0xff, 0xff, 0x95, 0xff, 0xff, 0x43, 0x00, 0x00, 0x00, 0x00, 0x00, 0x00, 0x00, 0x00, 0x00, 0x00, 0x00, 0x00, 0x00, 0x00, 0x00, 0x00, 0x00, 0x00, 0x00,
    0x00, 0x00, 0x00, 0x00, 0x00, 0x00, 0x00, 0xb7, 0xff, 0xff, 0xff, 0xd5, 0x01, 0x00, 0x00, 0x00, 0x00, 0x00, 0x00, 0x00, 0x00, 0x00, 0x00, 0x00, 0x00, 0x00, 0x00, 0x00, 0x00, 0x00, 0x00, 0x00,
    0x00, 0x00, 0x00, 0x00, 0x00, 0x00, 0x00, 0x46, 0xff, 0xff, 0xff, 0x67, 0x00, 0x00, 0x00, 0x00, 0x00, 0x00, 0x00, 0x00, 0x00, 0x00, 0x00, 0x00, 0x00, 0x00, 0x00, 0x00, 0x00, 0x00, 0x00, 0x00,
    0x00, 0x00, 0x00, 0x00, 0x00, 0x00, 0x00, 0x01, 0xd7, 0xff, 0xed, 0x0a, 0x00, 0x00, 0x00, 0x00, 0x00, 0x00, 0x00, 0x00, 0x00, 0x00, 0x00, 0x00, 0x00, 0x00, 0x00, 0x00, 0x00, 0x00, 0x00, 0x00,

    /* U+0057 "W" */
    0x15, 0xfd, 0xff, 0x67, 0x00, 0x00, 0x00, 0x00, 0x00, 0x00, 0x00, 0x00, 0xac, 0xff, 0xe2, 0x01, 0x00, 0x00, 0x00, 0x00, 0x00, 0x00, 0x00, 0x33, 0xff, 0xfe, 0x18, 0x00, 0x00, 0x00, 0x00, 0x00,
    0x00, 0xbd, 0xff, 0xbb, 0x00, 0x00, 0x00, 0x00, 0x00, 0x00, 0x00, 0x0c, 0xf7, 0xff, 0xff, 0x38, 0x00, 0x00, 0x00, 0x00, 0x00, 0x00, 0x00, 0x88, 0xff, 0xc1, 0x00, 0x00, 0x00, 0x00, 0x00, 0x00,
    0x00, 0x68, 0xff, 0xfc, 0x13, 0x00, 0x00, 0x00, 0x00, 0x00, 0x00, 0x5a, 0xff, 0xff, 0xff, 0x8d, 0x00, 0x00, 0x00, 0x00, 0x00, 0x00, 0x00, 0xdd, 0xff, 0x6d, 0x00, 0x00, 0x00, 0x00, 0x00, 0x00,
    0x00, 0x17, 0xfd, 0xff, 0x63, 0x00, 0x00, 0x00, 0x00, 0x00, 0x00, 0xb2, 0xff, 0xe3, 0xff, 0xe2, 0x01, 0x00, 0x00, 0x00, 0x00, 0x00, 0x33, 0xff, 0xfe, 0x1a, 0x00, 0x00, 0x00, 0x00, 0x00, 0x00,
    0x00, 0x00, 0xbf, 0xff, 0xb8, 0x00, 0x00, 0x00, 0x00, 0x00, 0x0f, 0xf9, 0xff, 0x49, 0xfe, 0xff, 0x38, 0x00, 0x00, 0x00, 0x00, 0x00, 0x88, 0xff, 0xc4, 0x00, 0x00, 0x00, 0x00, 0x00, 0x00, 0x00,
    0x00, 0x00, 0x6a, 0xff, 0xfb, 0x12, 0x00, 0x00, 0x00, 0x00, 0x60, 0xff, 0xd8, 0x00, 0xc1, 0xff, 0x8d, 0x00, 0x00, 0x00, 0x00, 0x00, 0xdc, 0xff, 0x6f, 0x00, 0x00, 0x00, 0x00, 0x00, 0x00, 0x00,
    0x00, 0x00, 0x18, 0xfd, 0xff, 0x60, 0x00, 0x00, 0x00, 0x00, 0xb8, 0xff, 0x81, 0x00, 0x6b, 0xff, 0xe2, 0x01, 0x00, 0x00, 0x00, 0x31, 0xff, 0xff, 0x1b, 0x00, 0x00, 0x00, 0x00, 0x00, 0x00, 0x00,
    0x00, 0x00, 0x00, 0xc1, 0xff, 0xb5, 0x00, 0x00, 0x00, 0x13, 0xfb, 0xff, 0x2b, 0x00, 0x17, 0xfd, 0xff, 0x37, 0x00, 0x00, 0x00, 0x87, 0xff, 0xc7, 0x00, 0x00, 0x00, 0x00, 0x00, 0x00, 0x00, 0x00,
    0x00, 0x00, 0x00, 0x6c, 0xff, 0xf9, 0x10, 0x00, 0x00, 0x66, 0xff, 0xd4, 0x00, 0x00, 0x00, 0xbe, 0xff, 0x8c, 0x00, 0x00, 0x00, 0xdc, 0xff, 0x72, 0x00, 0x00, 0x00, 0x00, 0x00, 0x00, 0x00, 0x00,
    0x00, 0x00, 0x00, 0x1a, 0xfe, 0xff, 0x5d, 0x00, 0x00, 0xbc, 0xff, 0x7e, 0x00, 0x00, 0x00, 0x68, 0xff, 0xe0, 0x01, 0x00, 0x31, 0xff, 0xff, 0x1e, 0x00, 0x00, 0x00, 0x00, 0x00, 0x00, 0x00, 0x00,
    0x00, 0x00, 0x00, 0x00, 0xc3, 0xff, 0xb2, 0x00, 0x17, 0xfd, 0xff, 0x27, 0x00, 0x00, 0x00, 0x15, 0xfc, 0xff, 0x37, 0x00, 0x87, 0xff, 0xc8, 0x00, 0x00, 0x00, 0x00, 0x00, 0x00, 0x00, 0x00, 0x00,
    0x00, 0x00, 0x00, 0x00, 0x6e, 0xff, 0xf9, 0x0e, 0x6b, 0xff, 0xd1, 0x00, 0x00, 0x00, 0x00, 0x00, 0xbc, 0xff, 0x8b, 0x00, 0xdc, 0xff, 0x74, 0x00, 0x00, 0x00, 0x00, 0x00, 0x00, 0x00, 0x00, 0x00,
    0x00, 0x00, 0x00, 0x00, 0x1b, 0xfe, 0xff, 0x5a, 0xc2, 0xff, 0x7a, 0x00, 0x00, 0x00, 0x00, 0x00, 0x64, 0xff, 0xdf, 0x32, 0xff, 0xff, 0x21, 0x00, 0x00, 0x00, 0x00, 0x00, 0x00, 0x00, 0x00, 0x00,
    0x00, 0x00, 0x00, 0x00, 0x00, 0xc4, 0xff, 0xc8, 0xfe, 0xff, 0x23, 0x00, 0x00, 0x00, 0x00, 0x00, 0x13, 0xfc, 0xff, 0xbb, 0xff, 0xcc, 0x00, 0x00, 0x00, 0x00, 0x00, 0x00, 0x00, 0x00, 0x00, 0x00,
    0x00, 0x00, 0x00, 0x00, 0x00, 0x6f, 0xff, 0xff, 0xff, 0xcd, 0x00, 0x00, 0x00, 0x00, 0x00, 0x00, 0x00, 0xb8, 0xff, 0xff, 0xff, 0x78, 0x00, 0x00, 0x00, 0x00, 0x00, 0x00, 0x00, 0x00, 0x00, 0x00,
    0x00, 0x00, 0x00, 0x00, 0x00, 0x1c, 0xff, 0xff, 0xff, 0x76, 0x00, 0x00, 0x00, 0x00, 0x00, 0x00, 0x00, 0x62, 0xff, 0xff, 0xff, 0x23, 0x00, 0x00, 0x00, 0x00, 0x00, 0x00, 0x00, 0x00, 0x00, 0x00,
    0x00, 0x00, 0x00, 0x00, 0x00, 0x00, 0xc7, 0xff, 0xff, 0x21, 0x00, 0x00, 0x00, 0x00, 0x00, 0x00, 0x00, 0x12, 0xfa, 0xff, 0xce, 0x00, 0x00, 0x00, 0x00, 0x00, 0x00, 0x00, 0x00, 0x00, 0x00, 0x00,

    /* U+0058 "X" */
    0x10, 0xe0, 0xff, 0xc7, 0x04, 0x00, 0x00, 0x00, 0x00, 0x00, 0x00, 0x00, 0x91, 0xff, 0xee, 0x1d,
    0x00, 0x3c, 0xfd, 0xff, 0x83, 0x00, 0x00, 0x00, 0x00, 0x00, 0x00, 0x49, 0xff, 0xff, 0x54, 0x00,
    0x00, 0x00, 0x81, 0xff, 0xfd, 0x3c, 0x00, 0x00, 0x00, 0x00, 0x16, 0xe9, 0xff, 0x9a, 0x00, 0x00,
    0x00, 0x00, 0x04, 0xc7, 0xff, 0xe1, 0x11, 0x00, 0x00, 0x01, 0xb6, 0xff, 0xd8, 0x0b, 0x00, 0x00,
    0x00, 0x00, 0x00, 0x22, 0xf2, 0xff, 0xab, 0x00, 0x00, 0x6d, 0xff, 0xf9, 0x31, 0x00, 0x00, 0x00,
    0x00, 0x00, 0x00, 0x00, 0x5c, 0xff, 0xff, 0x61, 0x2e, 0xf8, 0xff, 0x70, 0x00, 0x00, 0x00, 0x00,
    0x00, 0x00, 0x00, 0x00, 0x00, 0xa6, 0xff, 0xf4, 0xd9, 0xff, 0xb6, 0x01, 0x00, 0x00, 0x00, 0x00,
    0x00, 0x00, 0x00, 0x00, 0x00, 0x0f, 0xe0, 0xff, 0xff, 0xe9, 0x17, 0x00, 0x00, 0x00, 0x00, 0x00,
    0x00, 0x00, 0x00, 0x00, 0x00, 0x00, 0x9d, 0xff, 0xff, 0xbb, 0x01, 0x00, 0x00, 0x00, 0x00, 0x00,
    0x00, 0x00, 0x00, 0x00, 0x00, 0x42, 0xfe, 0xff, 0xff, 0xff, 0x6d, 0x00, 0x00, 0x00, 0x00, 0x00,
    0x00, 0x00, 0x00, 0x00, 0x15, 0xe6, 0xff, 0xad, 0x95, 0xff, 0xf8, 0x2e, 0x00, 0x00, 0x00, 0x00,
    0x00, 0x00, 0x00, 0x01, 0xb4, 0xff, 0xe5, 0x13, 0x09, 0xd5, 0xff, 0xd5, 0x09, 0x00, 0x00, 0x00,
    0x00, 0x00, 0x00, 0x6d, 0xff, 0xfe, 0x43, 0x00, 0x00, 0x2e, 0xf9, 0xff, 0x99, 0x00, 0x00, 0x00,
    0x00, 0x00, 0x2e, 0xf8, 0xff, 0x8f, 0x00, 0x00, 0x00, 0x00, 0x6f, 0xff, 0xff, 0x52, 0x00, 0x00,
    0x00, 0x0b, 0xd6, 0xff, 0xd2, 0x07, 0x00, 0x00, 0x00, 0x00, 0x01, 0xb6, 0xff, 0xed, 0x1c, 0x00,
    0x00, 0x9a, 0xff, 0xf8, 0x2d, 0x00, 0x00, 0x00, 0x00, 0x00, 0x00, 0x17, 0xe9, 0xff, 0xbf, 0x03,
    0x54, 0xff, 0xff, 0x6e, 0x00, 0x00, 0x00, 0x00, 0x00, 0x00, 0x00, 0x00, 0x49, 0xff, 0xff, 0x7c,

    /* U+0059 "Y" */
    0x02, 0xc9, 0xff, 0xc4, 0x01, 0x00, 0x00, 0x00, 0x00, 0x00, 0x00, 0x00, 0x00, 0x1b, 0xf3, 0xff, 0x53, 0x00, 0x00, 0x00, 0x00, 0x00, 0x00, 0x00, 0x00, 0x00, 0x00, 0x00, 0x00, 0x00, 0x00, 0x00,
    0x00, 0x34, 0xfd, 0xff, 0x5e, 0x00, 0x00, 0x00, 0x00, 0x00, 0x00, 0x00, 0x00, 0xa7, 0xff, 0xba, 0x00, 0x00, 0x00, 0x00, 0x00, 0x00, 0x00, 0x00, 0x00, 0x00, 0x00, 0x00, 0x00, 0x00, 0x00, 0x00,
    0x00, 0x00, 0x97, 0xff, 0xe9, 0x0f, 0x00, 0x00, 0x00, 0x00, 0x00, 0x00, 0x41, 0xff, 0xfa, 0x26, 0x00, 0x00, 0x00, 0x00, 0x00, 0x00, 0x00, 0x00, 0x00, 0x00, 0x00, 0x00, 0x00, 0x00, 0x00, 0x00,
    0x00, 0x00, 0x11, 0xec, 0xff, 0x92, 0x00, 0x00, 0x00, 0x00, 0x00, 0x05, 0xd6, 0xff, 0x86, 0x00, 0x00, 0x00, 0x00, 0x00, 0x00, 0x00, 0x00, 0x00, 0x00, 0x00, 0x00, 0x00, 0x00, 0x00, 0x00, 0x00,
    0x00, 0x00, 0x00, 0x62, 0xff, 0xfc, 0x2f, 0x00, 0x00, 0x00, 0x00, 0x77, 0xff, 0xe2, 0x0b, 0x00, 0x00, 0x00, 0x00, 0x00, 0x00, 0x00, 0x00, 0x00, 0x00, 0x00, 0x00, 0x00, 0x00, 0x00, 0x00, 0x00,
    0x00, 0x00, 0x00, 0x02, 0xc7, 0xff, 0xc4, 0x01, 0x00, 0x00, 0x1d, 0xf3, 0xff, 0x52, 0x00, 0x00, 0x00, 0x00, 0x00, 0x00, 0x00, 0x00, 0x00, 0x00, 0x00, 0x00, 0x00, 0x00, 0x00, 0x00, 0x00, 0x00,
    0x00, 0x00, 0x00, 0x00, 0x32, 0xfd, 0xff, 0x5e, 0x00, 0x00, 0xaa, 0xff, 0xb9, 0x00, 0x00, 0x00, 0x00, 0x00, 0x00, 0x00, 0x00, 0x00, 0x00, 0x00, 0x00, 0x00, 0x00, 0x00, 0x00, 0x00, 0x00, 0x00,
    0x00, 0x00, 0x00, 0x00, 0x00, 0x95, 0xff, 0xe9, 0x0f, 0x44, 0xff, 0xf9, 0x26, 0x00, 0x00, 0x00, 0x00, 0x00, 0x00, 0x00, 0x00, 0x00, 0x00, 0x00, 0x00, 0x00, 0x00, 0x00, 0x00, 0x00, 0x00, 0x00,
    0x00, 0x00, 0x00, 0x00, 0x00, 0x11, 0xea, 0xff, 0x98, 0xd8, 0xff, 0x86, 0x00, 0x00, 0x00, 0x00, 0x00, 0x00, 0x00, 0x00, 0x00, 0x00, 0x00, 0x00, 0x00, 0x00, 0x00, 0x00, 0x00, 0x00, 0x00, 0x00,
    0x00, 0x00, 0x00, 0x00, 0x00, 0x00, 0x62, 0xff, 0xff, 0xff, 0xe2, 0x0a, 0x00, 0x00, 0x00, 0x00, 0x00, 0x00, 0x00, 0x00, 0x00, 0x00, 0x00, 0x00, 0x00, 0x00, 0x00, 0x00, 0x00, 0x00, 0x00, 0x00,
    0x00, 0x00, 0x00, 0x00, 0x00, 0x00, 0x01, 0xc6, 0xff, 0xff, 0x52, 0x00, 0x00, 0x00, 0x00, 0x00, 0x00, 0x00, 0x00, 0x00, 0x00, 0x00, 0x00, 0x00, 0x00, 0x00, 0x00, 0x00, 0x00, 0x00, 0x00, 0x00,
    0x00, 0x00, 0x00, 0x00, 0x00, 0x00, 0x00, 0x72, 0xff, 0xfa, 0x00, 0x00, 0x00, 0x00, 0x00, 0x00, 0x00, 0x00, 0x00, 0x00, 0x00, 0x00, 0x00, 0x00, 0x00, 0x00, 0x00, 0x00, 0x00, 0x00, 0x00, 0x00,
    0x00, 0x00, 0x00, 0x00, 0x00, 0x00, 0x00, 0x6c, 0xff, 0xf4, 0x00, 0x00, 0x00, 0x00, 0x00, 0x00, 0x00, 0x00, 0x00, 0x00, 0x00, 0x00, 0x00, 0x00, 0x00, 0x00, 0x00, 0x00, 0x00, 0x00, 0x00, 0x00,
    0x00, 0x00, 0x00, 0x00, 0x00, 0x00, 0x00, 0x6c, 0xff, 0xf4, 0x00, 0x00, 0x00, 0x00, 0x00, 0x00, 0x00, 0x00, 0x00, 0x00, 0x00, 0x00, 0x00, 0x00, 0x00, 0x00, 0x00, 0x00, 0x00, 0x00, 0x00, 0x00,
    0x00, 0x00, 0x00, 0x00, 0x00, 0x00, 0x00, 0x6c, 0xff, 0xf4, 0x00, 0x00, 0x00, 0x00, 0x00, 0x00, 0x00, 0x00, 0x00, 0x00, 0x00, 0x00, 0x00, 0x00, 0x00, 0x00, 0x00, 0x00, 0x00, 0x00, 0x00, 0x00,
    0x00, 0x00, 0x00, 0x00, 0x00, 0x00, 0x00, 0x6c, 0xff, 0xf4, 0x00, 0x00, 0x00, 0x00, 0x00, 0x00, 0x00, 0x00, 0x00, 0x00, 0x00, 0x00, 0x00, 0x00, 0x00, 0x00, 0x00, 0x00, 0x00, 0x00, 0x00, 0x00,
    0x00, 0x00, 0x00, 0x00, 0x00, 0x00, 0x00, 0x6c, 0xff, 0xf4, 0x00, 0x00, 0x00, 0x00, 0x00, 0x00, 0x00, 0x00, 0x00, 0x00, 0x00, 0x00, 0x00, 0x00, 0x00, 0x00, 0x00, 0x00, 0x00, 0x00, 0x00, 0x00,

    /* U+005A "Z" */
    0xcc, 0xff, 0xff, 0xff, 0xff, 0xff, 0xff, 0xff, 0xff, 0xff, 0xff, 0xff, 0xff, 0xc4, 0x00, 0x00,
    0xcc, 0xff, 0xff, 0xff, 0xff, 0xff, 0xff, 0xff, 0xff, 0xff, 0xff, 0xff, 0xff, 0xb8, 0x00, 0x00,
    0x16, 0x1c, 0x1c, 0x1c, 0x1c, 0x1c, 0x1c, 0x1c, 0x1c, 0x1f, 0xca, 0xff, 0xf1, 0x26, 0x00, 0x00,
    0x00, 0x00, 0x00, 0x00, 0x00, 0x00, 0x00, 0x00, 0x00, 0x87, 0xff, 0xff, 0x4f, 0x00, 0x00, 0x00,
    0x00, 0x00, 0x00, 0x00, 0x00, 0x00, 0x00, 0x00, 0x53, 0xff, 0xff, 0x83, 0x00, 0x00, 0x00, 0x00,
    0x00, 0x00, 0x00, 0x00, 0x00, 0x00, 0x00, 0x2b, 0xf4, 0xff, 0xb5, 0x02, 0x00, 0x00, 0x00, 0x00,
    0x00, 0x00, 0x00, 0x00, 0x00, 0x00, 0x10, 0xdb, 0xff, 0xdc, 0x10, 0x00, 0x00, 0x00, 0x00, 0x00,
    0x00, 0x00, 0x00, 0x00, 0x00, 0x02, 0xb5, 0xff, 0xf4, 0x2d, 0x00, 0x00, 0x00, 0x00, 0x00, 0x00,
    0x00, 0x00, 0x00, 0x00, 0x00, 0x83, 0xff, 0xff, 0x55, 0x00, 0x00, 0x00, 0x00, 0x00, 0x00, 0x00,
    0x00, 0x00, 0x00, 0x00, 0x51, 0xff, 0xff, 0x89, 0x00, 0x00, 0x00, 0x00, 0x00, 0x00, 0x00, 0x00,
    0x00, 0x00, 0x00, 0x2a, 0xf3, 0xff, 0xba, 0x03, 0x00, 0x00, 0x00, 0x00, 0x00, 0x00, 0x00, 0x00,
    0x00, 0x00, 0x0f, 0xda, 0xff, 0xe0, 0x13, 0x00, 0x00, 0x00, 0x00, 0x00, 0x00, 0x00, 0x00, 0x00,
    0x00, 0x02, 0xb3, 0xff, 0xf7, 0x32, 0x00, 0x00, 0x00, 0x00, 0x00, 0x00, 0x00, 0x00, 0x00, 0x00,
    0x00, 0x7f, 0xff, 0xff, 0x5d, 0x00, 0x00, 0x00, 0x00, 0x00, 0x00, 0x00, 0x00, 0x00, 0x00, 0x00,
    0x4c, 0xfe, 0xff, 0xa7, 0x1c, 0x1c, 0x1c, 0x1c, 0x1c, 0x1c, 0x1c, 0x1c, 0x1c, 0x1c, 0x02, 0x00,
    0xec, 0xff, 0xff, 0xff, 0xff, 0xff, 0xff, 0xff, 0xff, 0xff, 0xff, 0xff, 0xff, 0xff, 0x14, 0x00,
    0xf8, 0xff, 0xff, 0xff, 0xff, 0xff, 0xff, 0xff, 0xff, 0xff, 0xff, 0xff, 0xff, 0xff, 0x14, 0x00,

    /* U+0061 "a" */
    0x00, 0x0c, 0x6b, 0xb9, 0xe8, 0xfd, 0xf8, 0xd4, 0x89, 0x14, 0x00, 0x00, 0x00, 0x00, 0x00, 0x00,
    0x30, 0xe9, 0xff, 0xff, 0xff, 0xff, 0xff, 0xff, 0xff, 0xe4, 0x22, 0x00, 0x00, 0x00, 0x00, 0x00,
    0x0d, 0xe6, 0xb4, 0x53, 0x19, 0x06, 0x1c, 0x70, 0xf7, 0xff, 0xb9, 0x00, 0x00, 0x00, 0x00, 0x00,
    0x00, 0x16, 0x00, 0x00, 0x00, 0x00, 0x00, 0x00, 0x6c, 0xff, 0xfe, 0x14, 0x00, 0x00, 0x00, 0x00,
    0x00, 0x00, 0x00, 0x00, 0x00, 0x00, 0x00, 0x00, 0x1b, 0xff, 0xff, 0x3a, 0x00, 0x00, 0x00, 0x00,
    0x00, 0x00, 0x39, 0x83, 0xa3, 0xac, 0xac, 0xac, 0xb2, 0xff, 0xff, 0x44, 0x00, 0x00, 0x00, 0x00,
    0x04, 0xa6, 0xff, 0xff, 0xff, 0xff, 0xff, 0xff, 0xff, 0xff, 0xff, 0x44, 0x00, 0x00, 0x00, 0x00,
    0x6d, 0xff, 0xf9, 0x5e, 0x11, 0x00, 0x00, 0x00, 0x0c, 0xff, 0xff, 0x44, 0x00, 0x00, 0x00, 0x00,
    0xbc, 0xff, 0x9a, 0x00, 0x00, 0x00, 0x00, 0x00, 0x0d, 0xff, 0xff, 0x44, 0x00, 0x00, 0x00, 0x00,
    0xc4, 0xff, 0x8b, 0x00, 0x00, 0x00, 0x00, 0x00, 0x59, 0xff, 0xff, 0x44, 0x00, 0x00, 0x00, 0x00,
    0x89, 0xff, 0xe8, 0x24, 0x00, 0x00, 0x00, 0x44, 0xee, 0xff, 0xff, 0x44, 0x00, 0x00, 0x00, 0x00,
    0x12, 0xd8, 0xff, 0xf9, 0xbe, 0xac, 0xd4, 0xff, 0xcc, 0xf2, 0xff, 0x44, 0x00, 0x00, 0x00, 0x00,
    0x00, 0x0f, 0x86, 0xda, 0xfb, 0xf8, 0xd4, 0x7e, 0x0b, 0xec, 0xff, 0x44, 0x00, 0x00, 0x00, 0x00,

    /* U+0062 "b" */
    0xd0, 0xff, 0x7c, 0x00, 0x00, 0x00, 0x00, 0x00, 0x00, 0x00, 0x00, 0x00, 0x00, 0x00, 0x00, 0x00,
    0xd0, 0xff, 0x7c, 0x00, 0x00, 0x00, 0x00, 0x00, 0x00, 0x00, 0x00, 0x00, 0x00, 0x00, 0x00, 0x00,
    0xd0, 0xff, 0x7c, 0x00, 0x00, 0x00, 0x00, 0x00, 0x00, 0x00, 0x00, 0x00, 0x00, 0x00, 0x00, 0x00,
    0xd0, 0xff, 0x7c, 0x00, 0x00, 0x00, 0x00, 0x00, 0x00, 0x00, 0x00, 0x00, 0x00, 0x00, 0x00, 0x00,
    0xd0, 0xff, 0x7c, 0x00, 0x00, 0x00, 0x00, 0x00, 0x00, 0x00, 0x00, 0x00, 0x00, 0x00, 0x00, 0x00,
    0xd0, 0xff, 0x7c, 0x0c, 0x7c, 0xd2, 0xfa, 0xf6, 0xd2, 0x84, 0x16, 0x00, 0x00, 0x00, 0x00, 0x00,
    0xd0, 0xff, 0x9a, 0xdb, 0xff, 0xff, 0xff, 0xff, 0xff, 0xff, 0xec, 0x40, 0x00, 0x00, 0x00, 0x00,
    0xd0, 0xff, 0xff, 0xff, 0xa6, 0x38, 0x11, 0x1f, 0x68, 0xe8, 0xff, 0xf4, 0x28, 0x00, 0x00, 0x00,
    0xd0, 0xff, 0xff, 0x81, 0x00, 0x00, 0x00, 0x00, 0x00, 0x1c, 0xe5, 0xff, 0xb8, 0x00, 0x00, 0x00,
    0xd0, 0xff, 0xdc, 0x03, 0x00, 0x00, 0x00, 0x00, 0x00, 0x00, 0x5f, 0xff, 0xfe, 0x19, 0x00, 0x00,
    0xd0, 0xff, 0x91, 0x00, 0x00, 0x00, 0x00, 0x00, 0x00, 0x00, 0x11, 0xff, 0xff, 0x4a, 0x00, 0x00,
    0xd0, 0xff, 0x7e, 0x00, 0x00, 0x00, 0x00, 0x00, 0x00, 0x00, 0x00, 0xfa, 0xff, 0x5a, 0x00, 0x00,
    0xd0, 0xff, 0x92, 0x00, 0x00, 0x00, 0x00, 0x00, 0x00, 0x00, 0x13, 0xff, 0xff, 0x4a, 0x00, 0x00,
    0xd0, 0xff, 0xdd, 0x04, 0x00, 0x00, 0x00, 0x00, 0x00, 0x00, 0x62, 0xff, 0xfe, 0x17, 0x00, 0x00,
    0xd0, 0xff, 0xff, 0x82, 0x00, 0x00, 0x00, 0x00, 0x00, 0x1c, 0xe6, 0xff, 0xb8, 0x00, 0x00, 0x00,
    0xd0, 0xff, 0xfe, 0xff, 0xa5, 0x36, 0x0c, 0x1b, 0x65, 0xe6, 0xff, 0xf4, 0x28, 0x00, 0x00, 0x00,
    0xd0, 0xff, 0x84, 0xdd, 0xff, 0xff, 0xff, 0xff, 0xff, 0xff, 0xed, 0x42, 0x00, 0x00, 0x00, 0x00,
    0xd0, 0xff, 0x64, 0x0e, 0x80, 0xd4, 0xfa, 0xf7, 0xd3, 0x84, 0x16, 0x00, 0x00, 0x00, 0x00, 0x00,

    /* U+0063 "c" */
    0x00, 0x00, 0x00, 0x45, 0xaa, 0xe5, 0xfd, 0xf4, 0xc9, 0x71, 0x09, 0x00, 0x00, 0x00, 0x00, 0x00,
    0x00, 0x09, 0xa8, 0xff, 0xff, 0xff, 0xff, 0xff, 0xff, 0xff, 0xd5, 0x1a, 0x00, 0x00, 0x00, 0x00,
    0x00, 0xac, 0xff, 0xfe, 0x9a, 0x36, 0x10, 0x21, 0x71, 0xf0, 0xff, 0xad, 0x00, 0x00, 0x00, 0x00,
    0x4f, 0xff, 0xff, 0x64, 0x00, 0x00, 0x00, 0x00, 0x00, 0x2e, 0x9d, 0x14, 0x00, 0x00, 0x00, 0x00,
    0xb1, 0xff, 0xc0, 0x00, 0x00, 0x00, 0x00, 0x00, 0x00, 0x00, 0x00, 0x00, 0x00, 0x00, 0x00, 0x00,
    0xe8, 0xff, 0x71, 0x00, 0x00, 0x00, 0x00, 0x00, 0x00, 0x00, 0x00, 0x00, 0x00, 0x00, 0x00, 0x00,
    0xfa, 0xff, 0x5a, 0x00, 0x00, 0x00, 0x00, 0x00, 0x00, 0x00, 0x00, 0x00, 0x00, 0x00, 0x00, 0x00,
    0xe8, 0xff, 0x71, 0x00, 0x00, 0x00, 0x00, 0x00, 0x00, 0x00, 0x00, 0x00, 0x00, 0x00, 0x00, 0x00,
    0xb1, 0xff, 0xc0, 0x00, 0x00, 0x00, 0x00, 0x00, 0x00, 0x00, 0x00, 0x00, 0x00, 0x00, 0x00, 0x00,
    0x4d, 0xff, 0xff, 0x65, 0x00, 0x00, 0x00, 0x00, 0x00, 0x2d, 0x9a, 0x14, 0x00, 0x00, 0x00, 0x00,
    0x00, 0xa9, 0xff, 0xfe, 0x96, 0x32, 0x0c, 0x1d, 0x6e, 0xef, 0xff, 0xac, 0x00, 0x00, 0x00, 0x00,
    0x00, 0x08, 0xa4, 0xff, 0xff, 0xff, 0xff, 0xff, 0xff, 0xff, 0xd2, 0x17, 0x00, 0x00, 0x00, 0x00,
    0x00, 0x00, 0x00, 0x44, 0xaa, 0xe5, 0xfd, 0xf4, 0xc6, 0x6e, 0x07, 0x00, 0x00, 0x00, 0x00, 0x00,

    /* U+0064 "d" */
    0x00, 0x00, 0x00, 0x00, 0x00, 0x00, 0x00, 0x00, 0x00, 0x00, 0x20, 0xff, 0xff, 0x30, 0x00, 0x00,
    0x00, 0x00, 0x00, 0x00, 0x00, 0x00, 0x00, 0x00, 0x00, 0x00, 0x20, 0xff, 0xff, 0x30, 0x00, 0x00,
    0x00, 0x00, 0x00, 0x00, 0x00, 0x00, 0x00, 0x00, 0x00, 0x00, 0x20, 0xff, 0xff, 0x30, 0x00, 0x00,
    0x00, 0x00, 0x00, 0x00, 0x00, 0x00, 0x00, 0x00, 0x00, 0x00, 0x20, 0xff, 0xff, 0x30, 0x00, 0x00,
    0x00, 0x00, 0x00, 0x00, 0x00, 0x00, 0x00, 0x00, 0x00, 0x00, 0x20, 0xff, 0xff, 0x30, 0x00, 0x00,
    0x00, 0x00, 0x01, 0x5a, 0xba, 0xee, 0xfc, 0xe5, 0xa4, 0x2e, 0x20, 0xff, 0xff, 0x30, 0x00, 0x00,
    0x00, 0x0f, 0xbb, 0xff, 0xff, 0xff, 0xff, 0xff, 0xff, 0xfb, 0x7e, 0xff, 0xff, 0x30, 0x00, 0x00,
    0x01, 0xbb, 0xff, 0xfe, 0x96, 0x32, 0x10, 0x24, 0x75, 0xf2, 0xff, 0xff, 0xff, 0x30, 0x00, 0x00,
    0x58, 0xff, 0xff, 0x63, 0x00, 0x00, 0x00, 0x00, 0x00, 0x2e, 0xf3, 0xff, 0xff, 0x30, 0x00, 0x00,
    0xb8, 0xff, 0xc0, 0x00, 0x00, 0x00, 0x00, 0x00, 0x00, 0x00, 0x7f, 0xff, 0xff, 0x30, 0x00, 0x00,
    0xea, 0xff, 0x71, 0x00, 0x00, 0x00, 0x00, 0x00, 0x00, 0x00, 0x31, 0xff, 0xff, 0x30, 0x00, 0x00,
    0xfa, 0xff, 0x5a, 0x00, 0x00, 0x00, 0x00, 0x00, 0x00, 0x00, 0x1a, 0xff, 0xff, 0x30, 0x00, 0x00,
    0xea, 0xff, 0x73, 0x00, 0x00, 0x00, 0x00, 0x00, 0x00, 0x00, 0x33, 0xff, 0xff, 0x30, 0x00, 0x00,
    0xb6, 0xff, 0xc3, 0x00, 0x00, 0x00, 0x00, 0x00, 0x00, 0x00, 0x80, 0xff, 0xff, 0x30, 0x00, 0x00,
    0x57, 0xff, 0xff, 0x65, 0x00, 0x00, 0x00, 0x00, 0x00, 0x2e, 0xf5, 0xff, 0xff, 0x30, 0x00, 0x00,
    0x01, 0xbd, 0xff, 0xfe, 0x94, 0x2e, 0x0c, 0x20, 0x73, 0xf1, 0xfe, 0xff, 0xff, 0x30, 0x00, 0x00,
    0x00, 0x10, 0xbf, 0xff, 0xff, 0xff, 0xff, 0xff, 0xff, 0xfc, 0x6b, 0xff, 0xff, 0x30, 0x00, 0x00,
    0x00, 0x00, 0x02, 0x5b, 0xbc, 0xee, 0xfc, 0xe9, 0xa7, 0x31, 0x08, 0xff, 0xff, 0x30, 0x00, 0x00,

    /* U+0065 "e" */
    0x00, 0x00, 0x02, 0x5b, 0xbb, 0xee, 0xfc, 0xe8, 0xae, 0x42, 0x00, 0x00, 0x00, 0x00, 0x00, 0x00,
    0x00, 0x0f, 0xbb, 0xff, 0xff, 0xff, 0xfc, 0xff, 0xff, 0xff, 0x97, 0x02, 0x00, 0x00, 0x00, 0x00,
    0x01, 0xba, 0xff, 0xee, 0x66, 0x10, 0x00, 0x1b, 0x7a, 0xf8, 0xff, 0x80, 0x00, 0x00, 0x00, 0x00,
    0x55, 0xff, 0xf8, 0x2f, 0x00, 0x00, 0x00, 0x00, 0x00, 0x4d, 0xff, 0xfa, 0x1b, 0x00, 0x00, 0x00,
    0xb5, 0xff, 0x97, 0x00, 0x00, 0x00, 0x00, 0x00, 0x00, 0x00, 0xc1, 0xff, 0x6f, 0x00, 0x00, 0x00,
    0xea, 0xff, 0xc4, 0x9c, 0x9c, 0x9c, 0x9c, 0x9c, 0x9c, 0x9c, 0xd5, 0xff, 0x9e, 0x00, 0x00, 0x00,
    0xfa, 0xff, 0xff, 0xff, 0xff, 0xff, 0xff, 0xff, 0xff, 0xff, 0xff, 0xff, 0xad, 0x00, 0x00, 0x00,
    0xe8, 0xff, 0x5c, 0x00, 0x00, 0x00, 0x00, 0x00, 0x00, 0x00, 0x00, 0x00, 0x00, 0x00, 0x00, 0x00,
    0xb1, 0xff, 0xad, 0x00, 0x00, 0x00, 0x00, 0x00, 0x00, 0x00, 0x00, 0x00, 0x00, 0x00, 0x00, 0x00,
    0x4f, 0xff, 0xff, 0x59, 0x00, 0x00, 0x00, 0x00, 0x00, 0x01, 0x5c, 0x02, 0x00, 0x00, 0x00, 0x00,
    0x00, 0xaa, 0xff, 0xfe, 0x9b, 0x36, 0x0f, 0x12, 0x44, 0xb9, 0xff, 0x84, 0x00, 0x00, 0x00, 0x00,
    0x00, 0x09, 0xa5, 0xff, 0xff, 0xff, 0xff, 0xff, 0xff, 0xff, 0xf3, 0x4d, 0x00, 0x00, 0x00, 0x00,
    0x00, 0x00, 0x00, 0x42, 0xa9, 0xe3, 0xfb, 0xf8, 0xd4, 0x8a, 0x1c, 0x00, 0x00, 0x00, 0x00, 0x00,

    /* U+0066 "f" */
    0x00, 0x00, 0x00, 0x07, 0x83, 0xde, 0xfc, 0xee, 0xae, 0x19, 0x00, 0x00, 0x00, 0x00, 0x00, 0x00,
    0x00, 0x00, 0x00, 0xb0, 0xff, 0xff, 0xf5, 0xfa, 0xf4, 0x0e, 0x00, 0x00, 0x00, 0x00, 0x00, 0x00,
    0x00, 0x00, 0x38, 0xff, 0xff, 0x61, 0x01, 0x08, 0x39, 0x00, 0x00, 0x00, 0x00, 0x00, 0x00, 0x00,
    0x00, 0x00, 0x71, 0xff, 0xdb, 0x00, 0x00, 0x00, 0x00, 0x00, 0x00, 0x00, 0x00, 0x00, 0x00, 0x00,
    0x00, 0x00, 0x7c, 0xff, 0xc8, 0x00, 0x00, 0x00, 0x00, 0x00, 0x00, 0x00, 0x00, 0x00, 0x00, 0x00,
    0xa4, 0xff, 0xff, 0xff, 0xff, 0xff, 0xff, 0xff, 0x78, 0x00, 0x00, 0x00, 0x00, 0x00, 0x00, 0x00,
    0x97, 0xec, 0xf6, 0xff, 0xff, 0xec, 0xec, 0xec, 0x6f, 0x00, 0x00, 0x00, 0x00, 0x00, 0x00, 0x00,
    0x00, 0x00, 0x7c, 0xff, 0xd4, 0x00, 0x00, 0x00, 0x00, 0x00, 0x00, 0x00, 0x00, 0x00, 0x00, 0x00,
    0x00, 0x00, 0x7c, 0xff, 0xd4, 0x00, 0x00, 0x00, 0x00, 0x00, 0x00, 0x00, 0x00, 0x00, 0x00, 0x00,
    0x00, 0x00, 0x7c, 0xff, 0xd4, 0x00, 0x00, 0x00, 0x00, 0x00, 0x00, 0x00, 0x00, 0x00, 0x00, 0x00,
    0x00, 0x00, 0x7c, 0xff, 0xd4, 0x00, 0x00, 0x00, 0x00, 0x00, 0x00, 0x00, 0x00, 0x00, 0x00, 0x00,
    0x00, 0x00, 0x7c, 0xff, 0xd4, 0x00, 0x00, 0x00, 0x00, 0x00, 0x00, 0x00, 0x00, 0x00, 0x00, 0x00,
    0x00, 0x00, 0x7c, 0xff, 0xd4, 0x00, 0x00, 0x00, 0x00, 0x00, 0x00, 0x00, 0x00, 0x00, 0x00, 0x00,
    0x00, 0x00, 0x7c, 0xff, 0xd4, 0x00, 0x00, 0x00, 0x00, 0x00, 0x00, 0x00, 0x00, 0x00, 0x00, 0x00,
    0x00, 0x00, 0x7c, 0xff, 0xd4, 0x00, 0x00, 0x00, 0x00, 0x00, 0x00, 0x00, 0x00, 0x00, 0x00, 0x00,
    0x00, 0x00, 0x7c, 0xff, 0xd4, 0x00, 0x00, 0x00, 0x00, 0x00, 0x00, 0x00, 0x00, 0x00, 0x00, 0x00,
    0x00, 0x00, 0x7c, 0xff, 0xd4, 0x00, 0x00, 0x00, 0x00, 0x00, 0x00, 0x00, 0x00, 0x00, 0x00, 0x00,
    0x00, 0x00, 0x7c, 0xff, 0xd4, 0x00, 0x00, 0x00, 0x00, 0x00, 0x00, 0x00, 0x00, 0x00, 0x00, 0x00,

    /* U+0067 "g" */
    0x00, 0x00, 0x01, 0x59, 0xb9, 0xee, 0xfd, 0xe9, 0xad, 0x3e, 0x00, 0xd4, 0xff, 0x5c, 0x00, 0x00,
    0x00, 0x0f, 0xba, 0xff, 0xff, 0xff, 0xf0, 0xfa, 0xff, 0xff, 0x84, 0xd4, 0xff, 0x5c, 0x00, 0x00,
    0x01, 0xb7, 0xff, 0xf9, 0x7c, 0x16, 0x00, 0x04, 0x45, 0xd1, 0xff, 0xfc, 0xff, 0x5c, 0x00, 0x00,
    0x56, 0xff, 0xff, 0x4f, 0x00, 0x00, 0x00, 0x00, 0x00, 0x0d, 0xd4, 0xff, 0xff, 0x5c, 0x00, 0x00,
    0xb6, 0xff, 0xb7, 0x00, 0x00, 0x00, 0x00, 0x00, 0x00, 0x00, 0x48, 0xff, 0xff, 0x5c, 0x00, 0x00,
    0xea, 0xff, 0x6f, 0x00, 0x00, 0x00, 0x00, 0x00, 0x00, 0x00, 0x05, 0xfa, 0xff, 0x5c, 0x00, 0x00,
    0xfa, 0xff, 0x5c, 0x00, 0x00, 0x00, 0x00, 0x00, 0x00, 0x00, 0x00, 0xec, 0xff, 0x5c, 0x00, 0x00,
    0xe8, 0xff, 0x76, 0x00, 0x00, 0x00, 0x00, 0x00, 0x00, 0x00, 0x09, 0xff, 0xff, 0x5c, 0x00, 0x00,
    0xb2, 0xff, 0xc8, 0x00, 0x00, 0x00, 0x00, 0x00, 0x00, 0x00, 0x58, 0xff, 0xff, 0x5c, 0x00, 0x00,
    0x50, 0xff, 0xff, 0x6e, 0x00, 0x00, 0x00, 0x00, 0x00, 0x1b, 0xe3, 0xff, 0xff, 0x5c, 0x00, 0x00,
    0x01, 0xb4, 0xff, 0xff, 0x9f, 0x36, 0x0f, 0x1e, 0x65, 0xe5, 0xff, 0xff, 0xff, 0x5c, 0x00, 0x00,
    0x00, 0x0d, 0xb7, 0xff, 0xff, 0xff, 0xff, 0xff, 0xff, 0xff, 0x7b, 0xf4, 0xff, 0x5a, 0x00, 0x00,
    0x00, 0x00, 0x01, 0x58, 0xb9, 0xee, 0xfd, 0xe9, 0xa9, 0x39, 0x02, 0xfd, 0xff, 0x4b, 0x00, 0x00,
    0x00, 0x00, 0x00, 0x00, 0x00, 0x00, 0x00, 0x00, 0x00, 0x00, 0x30, 0xff, 0xff, 0x24, 0x00, 0x00,
    0x00, 0x31, 0x1d, 0x00, 0x00, 0x00, 0x00, 0x00, 0x00, 0x01, 0xab, 0xff, 0xda, 0x00, 0x00, 0x00,
    0x0d, 0xdf, 0xf7, 0x9c, 0x4f, 0x20, 0x0e, 0x18, 0x46, 0xb6, 0xff, 0xff, 0x5c, 0x00, 0x00, 0x00,
    0x10, 0xaa, 0xff, 0xff, 0xff, 0xff, 0xff, 0xff, 0xff, 0xff, 0xfe, 0x81, 0x00, 0x00, 0x00, 0x00,
    0x00, 0x00, 0x2d, 0x89, 0xc7, 0xee, 0xfe, 0xf8, 0xda, 0x9c, 0x34, 0x00, 0x00, 0x00, 0x00, 0x00,

    /* U+0068 "h" */
    0xd0, 0xff, 0x7c, 0x00, 0x00, 0x00, 0x00, 0x00, 0x00, 0x00, 0x00, 0x00, 0x00, 0x00, 0x00, 0x00,
    0xd0, 0xff, 0x7c, 0x00, 0x00, 0x00, 0x00, 0x00, 0x00, 0x00, 0x00, 0x00, 0x00, 0x00, 0x00, 0x00,
    0xd0, 0xff, 0x7c, 0x00, 0x00, 0x00, 0x00, 0x00, 0x00, 0x00, 0x00, 0x00, 0x00, 0x00, 0x00, 0x00,
    0xd0, 0xff, 0x7c, 0x00, 0x00, 0x00, 0x00, 0x00, 0x00, 0x00, 0x00, 0x00, 0x00, 0x00, 0x00, 0x00,
    0xd0, 0xff, 0x7c, 0x00, 0x00, 0x00, 0x00, 0x00, 0x00, 0x00, 0x00, 0x00, 0x00, 0x00, 0x00, 0x00,
    0xd0, 0xff, 0x7c, 0x16, 0x89, 0xd8, 0xfa, 0xf8, 0xd1, 0x7b, 0x0a, 0x00, 0x00, 0x00, 0x00, 0x00,
    0xd0, 0xff, 0xa9, 0xe9, 0xff, 0xff, 0xff, 0xff, 0xff, 0xff, 0xce, 0x0d, 0x00, 0x00, 0x00, 0x00,
    0xd0, 0xff, 0xff, 0xfb, 0x8a, 0x34, 0x1c, 0x37, 0xa1, 0xff, 0xff, 0x92, 0x00, 0x00, 0x00, 0x00,
    0xd0, 0xff, 0xff, 0x54, 0x00, 0x00, 0x00, 0x00, 0x00, 0xa2, 0xff, 0xf4, 0x06, 0x00, 0x00, 0x00,
    0xd0, 0xff, 0xc8, 0x00, 0x00, 0x00, 0x00, 0x00, 0x00, 0x37, 0xff, 0xff, 0x2d, 0x00, 0x00, 0x00,
    0xd0, 0xff, 0x8c, 0x00, 0x00, 0x00, 0x00, 0x00, 0x00, 0x12, 0xff, 0xff, 0x3e, 0x00, 0x00, 0x00,
    0xd0, 0xff, 0x7d, 0x00, 0x00, 0x00, 0x00, 0x00, 0x00, 0x0c, 0xff, 0xff, 0x40, 0x00, 0x00, 0x00,
    0xd0, 0xff, 0x7c, 0x00, 0x00, 0x00, 0x00, 0x00, 0x00, 0x0c, 0xff, 0xff, 0x40, 0x00, 0x00, 0x00,
    0xd0, 0xff, 0x7c, 0x00, 0x00, 0x00, 0x00, 0x00, 0x00, 0x0c, 0xff, 0xff, 0x40, 0x00, 0x00, 0x00,
    0xd0, 0xff, 0x7c, 0x00, 0x00, 0x00, 0x00, 0x00, 0x00, 0x0c, 0xff, 0xff, 0x40, 0x00, 0x00, 0x00,
    0xd0, 0xff, 0x7c, 0x00, 0x00, 0x00, 0x00, 0x00, 0x00, 0x0c, 0xff, 0xff, 0x40, 0x00, 0x00, 0x00,
    0xd0, 0xff, 0x7c, 0x00, 0x00, 0x00, 0x00, 0x00, 0x00, 0x0c, 0xff, 0xff, 0x40, 0x00, 0x00, 0x00,
    0xd0, 0xff, 0x7c, 0x00, 0x00, 0x00, 0x00, 0x00, 0x00, 0x0c, 0xff, 0xff, 0x40, 0x00, 0x00, 0x00,

    /* U+0069 "i" */
    0x05, 0xbb, 0xf8, 0x73, 0x00, 0x00, 0x00, 0x00, 0x00, 0x00, 0x00, 0x00, 0x00, 0x00, 0x00, 0x00,
    0x30, 0xff, 0xff, 0xdc, 0x00, 0x00, 0x00, 0x00, 0x00, 0x00, 0x00, 0x00, 0x00, 0x00, 0x00, 0x00,
    0x06, 0xc3, 0xfd, 0x78, 0x00, 0x00, 0x00, 0x00, 0x00, 0x00, 0x00, 0x00, 0x00, 0x00, 0x00, 0x00,
    0x00, 0x00, 0x03, 0x00, 0x00, 0x00, 0x00, 0x00, 0x00, 0x00, 0x00, 0x00, 0x00, 0x00, 0x00, 0x00,
    0x00, 0x00, 0x00, 0x00, 0x00, 0x00, 0x00, 0x00, 0x00, 0x00, 0x00, 0x00, 0x00, 0x00, 0x00, 0x00,
    0x00, 0xd0, 0xff, 0x7c, 0x00, 0x00, 0x00, 0x00, 0x00, 0x00, 0x00, 0x00, 0x00, 0x00, 0x00, 0x00,
    0x00, 0xd0, 0xff, 0x7c, 0x00, 0x00, 0x00, 0x00, 0x00, 0x00, 0x00, 0x00, 0x00, 0x00, 0x00, 0x00,
    0x00, 0xd0, 0xff, 0x7c, 0x00, 0x00, 0x00, 0x00, 0x00, 0x00, 0x00, 0x00, 0x00, 0x00, 0x00, 0x00,
    0x00, 0xd0, 0xff, 0x7c, 0x00, 0x00, 0x00, 0x00, 0x00, 0x00, 0x00, 0x00, 0x00, 0x00, 0x00, 0x00,
    0x00, 0xd0, 0xff, 0x7c, 0x00, 0x00, 0x00, 0x00, 0x00, 0x00, 0x00, 0x00, 0x00, 0x00, 0x00, 0x00,
    0x00, 0xd0, 0xff, 0x7c, 0x00, 0x00, 0x00, 0x00, 0x00, 0x00, 0x00, 0x00, 0x00, 0x00, 0x00, 0x00,
    0x00, 0xd0, 0xff, 0x7c, 0x00, 0x00, 0x00, 0x00, 0x00, 0x00, 0x00, 0x00, 0x00, 0x00, 0x00, 0x00,
    0x00, 0xd0, 0xff, 0x7c, 0x00, 0x00, 0x00, 0x00, 0x00, 0x00, 0x00, 0x00, 0x00, 0x00, 0x00, 0x00,
    0x00, 0xd0, 0xff, 0x7c, 0x00, 0x00, 0x00, 0x00, 0x00, 0x00, 0x00, 0x00, 0x00, 0x00, 0x00, 0x00,
    0x00, 0xd0, 0xff, 0x7c, 0x00, 0x00, 0x00, 0x00, 0x00, 0x00, 0x00, 0x00, 0x00, 0x00, 0x00, 0x00,
    0x00, 0xd0, 0xff, 0x7c, 0x00, 0x00, 0x00, 0x00, 0x00, 0x00, 0x00, 0x00, 0x00, 0x00, 0x00, 0x00,
    0x00, 0xd0, 0xff, 0x7c, 0x00, 0x00, 0x00, 0x00, 0x00, 0x00, 0x00, 0x00, 0x00, 0x00, 0x00, 0x00,
    0x00, 0xd0, 0xff, 0x7c, 0x00, 0x00, 0x00, 0x00, 0x00, 0x00, 0x00, 0x00, 0x00, 0x00, 0x00, 0x00,

    /* U+006A "j" */
    0x00, 0x00, 0x00, 0x00, 0x00, 0xa4, 0xf9, 0x8e, 0x00, 0x00, 0x00, 0x00, 0x00, 0x00, 0x00, 0x00,
    0x00, 0x00, 0x00, 0x00, 0x14, 0xff, 0xff, 0xfc, 0x00, 0x00, 0x00, 0x00, 0x00, 0x00, 0x00, 0x00,
    0x00, 0x00, 0x00, 0x00, 0x00, 0xac, 0xff, 0x96, 0x00, 0x00, 0x00, 0x00, 0x00, 0x00, 0x00, 0x00,
    0x00, 0x00, 0x00, 0x00, 0x00, 0x00, 0x03, 0x00, 0x00, 0x00, 0x00, 0x00, 0x00, 0x00, 0x00, 0x00,
    0x00, 0x00, 0x00, 0x00, 0x00, 0x00, 0x00, 0x00, 0x00, 0x00, 0x00, 0x00, 0x00, 0x00, 0x00, 0x00,
    0x00, 0x00, 0x00, 0x00, 0x00, 0xb4, 0xff, 0x9c, 0x00, 0x00, 0x00, 0x00, 0x00, 0x00, 0x00, 0x00,
    0x00, 0x00, 0x00, 0x00, 0x00, 0xb4, 0xff, 0x9c, 0x00, 0x00, 0x00, 0x00, 0x00, 0x00, 0x00, 0x00,
    0x00, 0x00, 0x00, 0x00, 0x00, 0xb4, 0xff, 0x9c, 0x00, 0x00, 0x00, 0x00, 0x00, 0x00, 0x00, 0x00,
    0x00, 0x00, 0x00, 0x00, 0x00, 0xb4, 0xff, 0x9c, 0x00, 0x00, 0x00, 0x00, 0x00, 0x00, 0x00, 0x00,
    0x00, 0x00, 0x00, 0x00, 0x00, 0xb4, 0xff, 0x9c, 0x00, 0x00, 0x00, 0x00, 0x00, 0x00, 0x00, 0x00,
    0x00, 0x00, 0x00, 0x00, 0x00, 0xb4, 0xff, 0x9c, 0x00, 0x00, 0x00, 0x00, 0x00, 0x00, 0x00, 0x00,
    0x00, 0x00, 0x00, 0x00, 0x00, 0xb4, 0xff, 0x9c, 0x00, 0x00, 0x00, 0x00, 0x00, 0x00, 0x00, 0x00,
    0x00, 0x00, 0x00, 0x00, 0x00, 0xb4, 0xff, 0x9c, 0x00, 0x00, 0x00, 0x00, 0x00, 0x00, 0x00, 0x00,
    0x00, 0x00, 0x00, 0x00, 0x00, 0xb4, 0xff, 0x9c, 0x00, 0x00, 0x00, 0x00, 0x00, 0x00, 0x00, 0x00,
    0x00, 0x00, 0x00, 0x00, 0x00, 0xb4, 0xff, 0x9c, 0x00, 0x00, 0x00, 0x00, 0x00, 0x00, 0x00, 0x00,
    0x00, 0x00, 0x00, 0x00, 0x00, 0xb4, 0xff, 0x9c, 0x00, 0x00, 0x00, 0x00, 0x00, 0x00, 0x00, 0x00,
    0x00, 0x00, 0x00, 0x00, 0x00, 0xb4, 0xff, 0x9c, 0x00, 0x00, 0x00, 0x00, 0x00, 0x00, 0x00, 0x00,
    0x00, 0x00, 0x00, 0x00, 0x00, 0xb4, 0xff, 0x9c, 0x00, 0x00, 0x00, 0x00, 0x00, 0x00, 0x00, 0x00,
    0x00, 0x00, 0x00, 0x00, 0x00, 0xb5, 0xff, 0x9c, 0x00, 0x00, 0x00, 0x00, 0x00, 0x00, 0x00, 0x00,
    0x00, 0x00, 0x00, 0x00, 0x00, 0xcb, 0xff, 0x8b, 0x00, 0x00, 0x00, 0x00, 0x00, 0x00, 0x00, 0x00,
    0x00, 0x46, 0x1b, 0x01, 0x55, 0xfe, 0xff, 0x51, 0x00, 0x00, 0x00, 0x00, 0x00, 0x00, 0x00, 0x00,
    0x04, 0xe5, 0xff, 0xfc, 0xff, 0xff, 0xc9, 0x03, 0x00, 0x00, 0x00, 0x00, 0x00, 0x00, 0x00, 0x00,
    0x0c, 0x99, 0xe5, 0xfc, 0xe9, 0x99, 0x11, 0x00, 0x00, 0x00, 0x00, 0x00, 0x00, 0x00, 0x00, 0x00,

    /* U+006B "k" */
    0xd0, 0xff, 0x7c, 0x00, 0x00, 0x00, 0x00, 0x00, 0x00, 0x00, 0x00, 0x00, 0x00, 0x00, 0x00, 0x00,
    0xd0, 0xff, 0x7c, 0x00, 0x00, 0x00, 0x00, 0x00, 0x00, 0x00, 0x00, 0x00, 0x00, 0x00, 0x00, 0x00,
    0xd0, 0xff, 0x7c, 0x00, 0x00, 0x00, 0x00, 0x00, 0x00, 0x00, 0x00, 0x00, 0x00, 0x00, 0x00, 0x00,
    0xd0, 0xff, 0x7c, 0x00, 0x00, 0x00, 0x00, 0x00, 0x00, 0x00, 0x00, 0x00, 0x00, 0x00, 0x00, 0x00,
    0xd0, 0xff, 0x7c, 0x00, 0x00, 0x00, 0x00, 0x00, 0x00, 0x00, 0x00, 0x00, 0x00, 0x00, 0x00, 0x00,
    0xd0, 0xff, 0x7c, 0x00, 0x00, 0x00, 0x00, 0x00, 0x33, 0xea, 0xff, 0xb0, 0x05, 0x00, 0x00, 0x00,
    0xd0, 0xff, 0x7c, 0x00, 0x00, 0x00, 0x00, 0x3e, 0xf1, 0xff, 0xb2, 0x06, 0x00, 0x00, 0x00, 0x00,
    0xd0, 0xff, 0x7c, 0x00, 0x00, 0x00, 0x48, 0xf6, 0xff, 0xb2, 0x06, 0x00, 0x00, 0x00, 0x00, 0x00,
    0xd0, 0xff, 0x7c, 0x00, 0x00, 0x57, 0xfa, 0xff, 0xb2, 0x06, 0x00, 0x00, 0x00, 0x00, 0x00, 0x00,
    0xd0, 0xff, 0x7c, 0x00, 0x65, 0xfd, 0xff, 0xb5, 0x07, 0x00, 0x00, 0x00, 0x00, 0x00, 0x00, 0x00,
    0xd0, 0xff, 0x7c, 0x76, 0xff, 0xff, 0xfe, 0x1a, 0x00, 0x00, 0x00, 0x00, 0x00, 0x00, 0x00, 0x00,
    0xd0, 0xff, 0xdf, 0xff, 0xff, 0xff, 0xff, 0xb9, 0x02, 0x00, 0x00, 0x00, 0x00, 0x00, 0x00, 0x00,
    0xd0, 0xff, 0xff, 0xff, 0x87, 0x70, 0xff, 0xff, 0x80, 0x00, 0x00, 0x00, 0x00, 0x00, 0x00, 0x00,
    0xd0, 0xff, 0xff, 0x7c, 0x00, 0x00, 0xa7, 0xff, 0xfe, 0x47, 0x00, 0x00, 0x00, 0x00, 0x00, 0x00,
    0xd0, 0xff, 0x99, 0x00, 0x00, 0x00, 0x0b, 0xd2, 0xff, 0xec, 0x1e, 0x00, 0x00, 0x00, 0x00, 0x00,
    0xd0, 0xff, 0x7c, 0x00, 0x00, 0x00, 0x00, 0x23, 0xee, 0xff, 0xc9, 0x06, 0x00, 0x00, 0x00, 0x00,
    0xd0, 0xff, 0x7c, 0x00, 0x00, 0x00, 0x00, 0x00, 0x49, 0xfe, 0xff, 0x94, 0x00, 0x00, 0x00, 0x00,
    0xd0, 0xff, 0x7c, 0x00, 0x00, 0x00, 0x00, 0x00, 0x00, 0x7d, 0xff, 0xff, 0x5a, 0x00, 0x00, 0x00,

    /* U+006C "l" */
    0xd0, 0xff, 0x7c, 0x00, 0x00, 0x00, 0x00, 0x00, 0x00, 0x00, 0x00, 0x00, 0x00, 0x00, 0x00, 0x00,
    0xd0, 0xff, 0x7c, 0x00, 0x00, 0x00, 0x00, 0x00, 0x00, 0x00, 0x00, 0x00, 0x00, 0x00, 0x00, 0x00,
    0xd0, 0xff, 0x7c, 0x00, 0x00, 0x00, 0x00, 0x00, 0x00, 0x00, 0x00, 0x00, 0x00, 0x00, 0x00, 0x00,
    0xd0, 0xff, 0x7c, 0x00, 0x00, 0x00, 0x00, 0x00, 0x00, 0x00, 0x00, 0x00, 0x00, 0x00, 0x00, 0x00,
    0xd0, 0xff, 0x7c, 0x00, 0x00, 0x00, 0x00, 0x00, 0x00, 0x00, 0x00, 0x00, 0x00, 0x00, 0x00, 0x00,
    0xd0, 0xff, 0x7c, 0x00, 0x00, 0x00, 0x00, 0x00, 0x00, 0x00, 0x00, 0x00, 0x00, 0x00, 0x00, 0x00,
    0xd0, 0xff, 0x7c, 0x00, 0x00, 0x00, 0x00, 0x00, 0x00, 0x00, 0x00, 0x00, 0x00, 0x00, 0x00, 0x00,
    0xd0, 0xff, 0x7c, 0x00, 0x00, 0x00, 0x00, 0x00, 0x00, 0x00, 0x00, 0x00, 0x00, 0x00, 0x00, 0x00,
    0xd0, 0xff, 0x7c, 0x00, 0x00, 0x00, 0x00, 0x00, 0x00, 0x00, 0x00, 0x00, 0x00, 0x00, 0x00, 0x00,
    0xd0, 0xff, 0x7c, 0x00, 0x00, 0x00, 0x00, 0x00, 0x00, 0x00, 0x00, 0x00, 0x00, 0x00, 0x00, 0x00,
    0xd0, 0xff, 0x7c, 0x00, 0x00, 0x00, 0x00, 0x00, 0x00, 0x00, 0x00, 0x00, 0x00, 0x00, 0x00, 0x00,
    0xd0, 0xff, 0x7c, 0x00, 0x00, 0x00, 0x00, 0x00, 0x00, 0x00, 0x00, 0x00, 0x00, 0x00, 0x00, 0x00,
    0xd0, 0xff, 0x7c, 0x00, 0x00, 0x00, 0x00, 0x00, 0x00, 0x00, 0x00, 0x00, 0x00, 0x00, 0x00, 0x00,
    0xd0, 0xff, 0x7c, 0x00, 0x00, 0x00, 0x00, 0x00, 0x00, 0x00, 0x00, 0x00, 0x00, 0x00, 0x00, 0x00,
    0xd0, 0xff, 0x7c, 0x00, 0x00, 0x00, 0x00, 0x00, 0x00, 0x00, 0x00, 0x00, 0x00, 0x00, 0x00, 0x00,
    0xd0, 0xff, 0x7c, 0x00, 0x00, 0x00, 0x00, 0x00, 0x00, 0x00, 0x00, 0x00, 0x00, 0x00, 0x00, 0x00,
    0xd0, 0xff, 0x7c, 0x00, 0x00, 0x00, 0x00, 0x00, 0x00, 0x00, 0x00, 0x00, 0x00, 0x00, 0x00, 0x00,
    0xd0, 0xff, 0x7c, 0x00, 0x00, 0x00, 0x00, 0x00, 0x00, 0x00, 0x00, 0x00, 0x00, 0x00, 0x00, 0x00,

    /* U+006D "m" */
    0xd0, 0xff, 0x64, 0x22, 0x97, 0xdf, 0xfc, 0xf3, 0xbf, 0x59, 0x00, 0x00, 0x11, 0x7f, 0xd0, 0xf6, 0xfa, 0xd8, 0x84, 0x0f, 0x00, 0x00, 0x00, 0x00, 0x00, 0x00, 0x00, 0x00, 0x00, 0x00, 0x00, 0x00,
    0xd0, 0xff, 0xa1, 0xf3, 0xff, 0xff, 0xfd, 0xff, 0xff, 0xff, 0x96, 0x2d, 0xe4, 0xff, 0xff, 0xfc, 0xff, 0xff, 0xff, 0xda, 0x15, 0x00, 0x00, 0x00, 0x00, 0x00, 0x00, 0x00, 0x00, 0x00, 0x00, 0x00,
    0xd0, 0xff, 0xff, 0xef, 0x63, 0x0e, 0x01, 0x2a, 0xb6, 0xff, 0xff, 0xf0, 0xff, 0x9d, 0x24, 0x01, 0x10, 0x71, 0xfb, 0xff, 0xa3, 0x00, 0x00, 0x00, 0x00, 0x00, 0x00, 0x00, 0x00, 0x00, 0x00, 0x00,
    0xd0, 0xff, 0xff, 0x3e, 0x00, 0x00, 0x00, 0x00, 0x08, 0xde, 0xff, 0xff, 0x9e, 0x00, 0x00, 0x00, 0x00, 0x00, 0x81, 0xff, 0xfa, 0x0c, 0x00, 0x00, 0x00, 0x00, 0x00, 0x00, 0x00, 0x00, 0x00, 0x00,
    0xd0, 0xff, 0xc0, 0x00, 0x00, 0x00, 0x00, 0x00, 0x00, 0x8b, 0xff, 0xff, 0x25, 0x00, 0x00, 0x00, 0x00, 0x00, 0x23, 0xff, 0xff, 0x39, 0x00, 0x00, 0x00, 0x00, 0x00, 0x00, 0x00, 0x00, 0x00, 0x00,
    0xd0, 0xff, 0x89, 0x00, 0x00, 0x00, 0x00, 0x00, 0x00, 0x6e, 0xff, 0xf1, 0x00, 0x00, 0x00, 0x00, 0x00, 0x00, 0x06, 0xff, 0xff, 0x4a, 0x00, 0x00, 0x00, 0x00, 0x00, 0x00, 0x00, 0x00, 0x00, 0x00,
    0xd0, 0xff, 0x7c, 0x00, 0x00, 0x00, 0x00, 0x00, 0x00, 0x68, 0xff, 0xe4, 0x00, 0x00, 0x00, 0x00, 0x00, 0x00, 0x00, 0xff, 0xff, 0x4c, 0x00, 0x00, 0x00, 0x00, 0x00, 0x00, 0x00, 0x00, 0x00, 0x00,
    0xd0, 0xff, 0x7c, 0x00, 0x00, 0x00, 0x00, 0x00, 0x00, 0x68, 0xff, 0xe4, 0x00, 0x00, 0x00, 0x00, 0x00, 0x00, 0x00, 0xff, 0xff, 0x4c, 0x00, 0x00, 0x00, 0x00, 0x00, 0x00, 0x00, 0x00, 0x00, 0x00,
    0xd0, 0xff, 0x7c, 0x00, 0x00, 0x00, 0x00, 0x00, 0x00, 0x68, 0xff, 0xe4, 0x00, 0x00, 0x00, 0x00, 0x00, 0x00, 0x00, 0xff, 0xff, 0x4c, 0x00, 0x00, 0x00, 0x00, 0x00, 0x00, 0x00, 0x00, 0x00, 0x00,
    0xd0, 0xff, 0x7c, 0x00, 0x00, 0x00, 0x00, 0x00, 0x00, 0x68, 0xff, 0xe4, 0x00, 0x00, 0x00, 0x00, 0x00, 0x00, 0x00, 0xff, 0xff, 0x4c, 0x00, 0x00, 0x00, 0x00, 0x00, 0x00, 0x00, 0x00, 0x00, 0x00,
    0xd0, 0xff, 0x7c, 0x00, 0x00, 0x00, 0x00, 0x00, 0x00, 0x68, 0xff, 0xe4, 0x00, 0x00, 0x00, 0x00, 0x00, 0x00, 0x00, 0xff, 0xff, 0x4c, 0x00, 0x00, 0x00, 0x00, 0x00, 0x00, 0x00, 0x00, 0x00, 0x00,
    0xd0, 0xff, 0x7c, 0x00, 0x00, 0x00, 0x00, 0x00, 0x00, 0x68, 0xff, 0xe4, 0x00, 0x00, 0x00, 0x00, 0x00, 0x00, 0x00, 0xff, 0xff, 0x4c, 0x00, 0x00, 0x00, 0x00, 0x00, 0x00, 0x00, 0x00, 0x00, 0x00,
    0xd0, 0xff, 0x7c, 0x00, 0x00, 0x00, 0x00, 0x00, 0x00, 0x68, 0xff, 0xe4, 0x00, 0x00, 0x00, 0x00, 0x00, 0x00, 0x00, 0xff, 0xff, 0x4c, 0x00, 0x00, 0x00, 0x00, 0x00, 0x00, 0x00, 0x00, 0x00, 0x00,

    /* U+006E "n" */
    0xd0, 0xff, 0x64, 0x1b, 0x8d, 0xd9, 0xfa, 0xf8, 0xd1, 0x7b, 0x0a, 0x00, 0x00, 0x00, 0x00, 0x00,
    0xd0, 0xff, 0x9d, 0xef, 0xff, 0xff, 0xfd, 0xff, 0xff, 0xff, 0xce, 0x0d, 0x00, 0x00, 0x00, 0x00,
    0xd0, 0xff, 0xff, 0xf3, 0x6d, 0x15, 0x00, 0x17, 0x81, 0xfe, 0xff, 0x92, 0x00, 0x00, 0x00, 0x00,
    0xd0, 0xff, 0xff, 0x41, 0x00, 0x00, 0x00, 0x00, 0x00, 0x90, 0xff, 0xf4, 0x06, 0x00, 0x00, 0x00,
    0xd0, 0xff, 0xc1, 0x00, 0x00, 0x00, 0x00, 0x00, 0x00, 0x31, 0xff, 0xff, 0x2d, 0x00, 0x00, 0x00,
    0xd0, 0xff, 0x8a, 0x00, 0x00, 0x00, 0x00, 0x00, 0x00, 0x12, 0xff, 0xff, 0x3e, 0x00, 0x00, 0x00,
    0xd0, 0xff, 0x7c, 0x00, 0x00, 0x00, 0x00, 0x00, 0x00, 0x0c, 0xff, 0xff, 0x40, 0x00, 0x00, 0x00,
    0xd0, 0xff, 0x7c, 0x00, 0x00, 0x00, 0x00, 0x00, 0x00, 0x0c, 0xff, 0xff, 0x40, 0x00, 0x00, 0x00,
    0xd0, 0xff, 0x7c, 0x00, 0x00, 0x00, 0x00, 0x00, 0x00, 0x0c, 0xff, 0xff, 0x40, 0x00, 0x00, 0x00,
    0xd0, 0xff, 0x7c, 0x00, 0x00, 0x00, 0x00, 0x00, 0x00, 0x0c, 0xff, 0xff, 0x40, 0x00, 0x00, 0x00,
    0xd0, 0xff, 0x7c, 0x00, 0x00, 0x00, 0x00, 0x00, 0x00, 0x0c, 0xff, 0xff, 0x40, 0x00, 0x00, 0x00,
    0xd0, 0xff, 0x7c, 0x00, 0x00, 0x00, 0x00, 0x00, 0x00, 0x0c, 0xff, 0xff, 0x40, 0x00, 0x00, 0x00,
    0xd0, 0xff, 0x7c, 0x00, 0x00, 0x00, 0x00, 0x00, 0x00, 0x0c, 0xff, 0xff, 0x40, 0x00, 0x00, 0x00,

    /* U+006F "o" */
    0x00, 0x00, 0x00, 0x4a, 0xaf, 0xe8, 0xfc, 0xf0, 0xc2, 0x69, 0x07, 0x00, 0x00, 0x00, 0x00, 0x00,
    0x00, 0x09, 0xaa, 0xff, 0xff, 0xff, 0xff, 0xff, 0xff, 0xff, 0xd4, 0x22, 0x00, 0x00, 0x00, 0x00,
    0x00, 0xad, 0xff, 0xfe, 0x96, 0x32, 0x10, 0x23, 0x73, 0xf0, 0xff, 0xe0, 0x10, 0x00, 0x00, 0x00,
    0x4f, 0xff, 0xff, 0x63, 0x00, 0x00, 0x00, 0x00, 0x00, 0x2b, 0xf2, 0xff, 0x90, 0x00, 0x00, 0x00,
    0xb1, 0xff, 0xc0, 0x00, 0x00, 0x00, 0x00, 0x00, 0x00, 0x00, 0x7d, 0xff, 0xef, 0x04, 0x00, 0x00,
    0xe8, 0xff, 0x71, 0x00, 0x00, 0x00, 0x00, 0x00, 0x00, 0x00, 0x31, 0xff, 0xff, 0x28, 0x00, 0x00,
    0xfa, 0xff, 0x5a, 0x00, 0x00, 0x00, 0x00, 0x00, 0x00, 0x00, 0x1a, 0xff, 0xff, 0x3a, 0x00, 0x00,
    0xe8, 0xff, 0x73, 0x00, 0x00, 0x00, 0x00, 0x00, 0x00, 0x00, 0x32, 0xff, 0xff, 0x28, 0x00, 0x00,
    0xb0, 0xff, 0xc3, 0x00, 0x00, 0x00, 0x00, 0x00, 0x00, 0x00, 0x80, 0xff, 0xee, 0x03, 0x00, 0x00,
    0x49, 0xff, 0xff, 0x65, 0x00, 0x00, 0x00, 0x00, 0x00, 0x2d, 0xf3, 0xff, 0x8d, 0x00, 0x00, 0x00,
    0x00, 0xa9, 0xff, 0xfe, 0x94, 0x2e, 0x0c, 0x20, 0x72, 0xf0, 0xff, 0xdd, 0x0e, 0x00, 0x00, 0x00,
    0x00, 0x08, 0xa8, 0xff, 0xff, 0xff, 0xff, 0xff, 0xff, 0xff, 0xd2, 0x21, 0x00, 0x00, 0x00, 0x00,
    0x00, 0x00, 0x00, 0x48, 0xae, 0xe8, 0xfc, 0xf0, 0xc0, 0x66, 0x06, 0x00, 0x00, 0x00, 0x00, 0x00,

    /* U+0070 "p" */
    0xd0, 0xff, 0x64, 0x0f, 0x80, 0xd4, 0xfa, 0xf6, 0xd2, 0x84, 0x16, 0x00, 0x00, 0x00, 0x00, 0x00,
    0xd0, 0xff, 0x86, 0xdf, 0xff, 0xff, 0xff, 0xff, 0xff, 0xff, 0xec, 0x40, 0x00, 0x00, 0x00, 0x00,
    0xd0, 0xff, 0xfe, 0xff, 0xa6, 0x38, 0x11, 0x1f, 0x68, 0xe8, 0xff, 0xf4, 0x28, 0x00, 0x00, 0x00,
    0xd0, 0xff, 0xff, 0x81, 0x00, 0x00, 0x00, 0x00, 0x00, 0x1c, 0xe5, 0xff, 0xb8, 0x00, 0x00, 0x00,
    0xd0, 0xff, 0xdc, 0x03, 0x00, 0x00, 0x00, 0x00, 0x00, 0x00, 0x5f, 0xff, 0xfe, 0x19, 0x00, 0x00,
    0xd0, 0xff, 0x91, 0x00, 0x00, 0x00, 0x00, 0x00, 0x00, 0x00, 0x11, 0xff, 0xff, 0x4a, 0x00, 0x00,
    0xd0, 0xff, 0x7e, 0x00, 0x00, 0x00, 0x00, 0x00, 0x00, 0x00, 0x00, 0xfa, 0xff, 0x5a, 0x00, 0x00,
    0xd0, 0xff, 0x92, 0x00, 0x00, 0x00, 0x00, 0x00, 0x00, 0x00, 0x13, 0xff, 0xff, 0x4a, 0x00, 0x00,
    0xd0, 0xff, 0xdd, 0x04, 0x00, 0x00, 0x00, 0x00, 0x00, 0x00, 0x62, 0xff, 0xfe, 0x17, 0x00, 0x00,
    0xd0, 0xff, 0xff, 0x82, 0x00, 0x00, 0x00, 0x00, 0x00, 0x1c, 0xe6, 0xff, 0xb8, 0x00, 0x00, 0x00,
    0xd0, 0xff, 0xff, 0xff, 0xa5, 0x36, 0x0c, 0x1b, 0x65, 0xe6, 0xff, 0xf4, 0x28, 0x00, 0x00, 0x00,
    0xd0, 0xff, 0x98, 0xd8, 0xff, 0xff, 0xff, 0xff, 0xff, 0xff, 0xed, 0x42, 0x00, 0x00, 0x00, 0x00,
    0xd0, 0xff, 0x7c, 0x0b, 0x7b, 0xd2, 0xfa, 0xf7, 0xd3, 0x84, 0x16, 0x00, 0x00, 0x00, 0x00, 0x00,
    0xd0, 0xff, 0x7c, 0x00, 0x00, 0x00, 0x00, 0x00, 0x00, 0x00, 0x00, 0x00, 0x00, 0x00, 0x00, 0x00,
    0xd0, 0xff, 0x7c, 0x00, 0x00, 0x00, 0x00, 0x00, 0x00, 0x00, 0x00, 0x00, 0x00, 0x00, 0x00, 0x00,
    0xd0, 0xff, 0x7c, 0x00, 0x00, 0x00, 0x00, 0x00, 0x00, 0x00, 0x00, 0x00, 0x00, 0x00, 0x00, 0x00,
    0xd0, 0xff, 0x7c, 0x00, 0x00, 0x00, 0x00, 0x00, 0x00, 0x00, 0x00, 0x00, 0x00, 0x00, 0x00, 0x00,
    0xd0, 0xff, 0x7c, 0x00, 0x00, 0x00, 0x00, 0x00, 0x00, 0x00, 0x00, 0x00, 0x00, 0x00, 0x00, 0x00,

    /* U+0071 "q" */
    0x00, 0x00, 0x01, 0x5a, 0xba, 0xee, 0xfc, 0xe8, 0xa9, 0x34, 0x08, 0xff, 0xff, 0x30, 0x00, 0x00,
    0x00, 0x0f, 0xbb, 0xff, 0xff, 0xff, 0xff, 0xff, 0xff, 0xfd, 0x6d, 0xff, 0xff, 0x30, 0x00, 0x00,
    0x01, 0xbb, 0xff, 0xfe, 0x96, 0x32, 0x10, 0x24, 0x75, 0xf2, 0xff, 0xff, 0xff, 0x30, 0x00, 0x00,
    0x58, 0xff, 0xff, 0x63, 0x00, 0x00, 0x00, 0x00, 0x00, 0x2e, 0xf3, 0xff, 0xff, 0x30, 0x00, 0x00,
    0xb8, 0xff, 0xc0, 0x00, 0x00, 0x00, 0x00, 0x00, 0x00, 0x00, 0x7f, 0xff, 0xff, 0x30, 0x00, 0x00,
    0xea, 0xff, 0x71, 0x00, 0x00, 0x00, 0x00, 0x00, 0x00, 0x00, 0x31, 0xff, 0xff, 0x30, 0x00, 0x00,
    0xfa, 0xff, 0x5a, 0x00, 0x00, 0x00, 0x00, 0x00, 0x00, 0x00, 0x1a, 0xff, 0xff, 0x30, 0x00, 0x00,
    0xea, 0xff, 0x73, 0x00, 0x00, 0x00, 0x00, 0x00, 0x00, 0x00, 0x33, 0xff, 0xff, 0x30, 0x00, 0x00,
    0xb6, 0xff, 0xc3, 0x00, 0x00, 0x00, 0x00, 0x00, 0x00, 0x00, 0x80, 0xff, 0xff, 0x30, 0x00, 0x00,
    0x57, 0xff, 0xff, 0x65, 0x00, 0x00, 0x00, 0x00, 0x00, 0x2e, 0xf5, 0xff, 0xff, 0x30, 0x00, 0x00,
    0x01, 0xbd, 0xff, 0xfe, 0x94, 0x2e, 0x0c, 0x20, 0x73, 0xf1, 0xff, 0xff, 0xff, 0x30, 0x00, 0x00,
    0x00, 0x10, 0xbf, 0xff, 0xff, 0xff, 0xff, 0xff, 0xff, 0xfa, 0x7a, 0xff, 0xff, 0x30, 0x00, 0x00,
    0x00, 0x00, 0x02, 0x5b, 0xbc, 0xee, 0xfc, 0xe5, 0xa4, 0x2c, 0x20, 0xff, 0xff, 0x30, 0x00, 0x00,
    0x00, 0x00, 0x00, 0x00, 0x00, 0x00, 0x00, 0x00, 0x00, 0x00, 0x20, 0xff, 0xff, 0x30, 0x00, 0x00,
    0x00, 0x00, 0x00, 0x00, 0x00, 0x00, 0x00, 0x00, 0x00, 0x00, 0x20, 0xff, 0xff, 0x30, 0x00, 0x00,
    0x00, 0x00, 0x00, 0x00, 0x00, 0x00, 0x00, 0x00, 0x00, 0x00, 0x20, 0xff, 0xff, 0x30, 0x00, 0x00,
    0x00, 0x00, 0x00, 0x00, 0x00, 0x00, 0x00, 0x00, 0x00, 0x00, 0x20, 0xff, 0xff, 0x30, 0x00, 0x00,
    0x00, 0x00, 0x00, 0x00, 0x00, 0x00, 0x00, 0x00, 0x00, 0x00, 0x20, 0xff, 0xff, 0x30, 0x00, 0x00,

    /* U+0072 "r" */
    0xd0, 0xff, 0x64, 0x18, 0x90, 0xd9, 0xfa, 0x08, 0x00, 0x00, 0x00, 0x00, 0x00, 0x00, 0x00, 0x00,
    0xd0, 0xff, 0x8e, 0xea, 0xff, 0xff, 0xff, 0x08, 0x00, 0x00, 0x00, 0x00, 0x00, 0x00, 0x00, 0x00,
    0xd0, 0xff, 0xfe, 0xfe, 0x97, 0x40, 0x25, 0x01, 0x00, 0x00, 0x00, 0x00, 0x00, 0x00, 0x00, 0x00,
    0xd0, 0xff, 0xff, 0x64, 0x00, 0x00, 0x00, 0x00, 0x00, 0x00, 0x00, 0x00, 0x00, 0x00, 0x00, 0x00,
    0xd0, 0xff, 0xd2, 0x00, 0x00, 0x00, 0x00, 0x00, 0x00, 0x00, 0x00, 0x00, 0x00, 0x00, 0x00, 0x00,
    0xd0, 0xff, 0x91, 0x00, 0x00, 0x00, 0x00, 0x00, 0x00, 0x00, 0x00, 0x00, 0x00, 0x00, 0x00, 0x00,
    0xd0, 0xff, 0x7d, 0x00, 0x00, 0x00, 0x00, 0x00, 0x00, 0x00, 0x00, 0x00, 0x00, 0x00, 0x00, 0x00,
    0xd0, 0xff, 0x7c, 0x00, 0x00, 0x00, 0x00, 0x00, 0x00, 0x00, 0x00, 0x00, 0x00, 0x00, 0x00, 0x00,
    0xd0, 0xff, 0x7c, 0x00, 0x00, 0x00, 0x00, 0x00, 0x00, 0x00, 0x00, 0x00, 0x00, 0x00, 0x00, 0x00,
    0xd0, 0xff, 0x7c, 0x00, 0x00, 0x00, 0x00, 0x00, 0x00, 0x00, 0x00, 0x00, 0x00, 0x00, 0x00, 0x00,
    0xd0, 0xff, 0x7c, 0x00, 0x00, 0x00, 0x00, 0x00, 0x00, 0x00, 0x00, 0x00, 0x00, 0x00, 0x00, 0x00,
    0xd0, 0xff, 0x7c, 0x00, 0x00, 0x00, 0x00, 0x00, 0x00, 0x00, 0x00, 0x00, 0x00, 0x00, 0x00, 0x00,
    0xd0, 0xff, 0x7c, 0x00, 0x00, 0x00, 0x00, 0x00, 0x00, 0x00, 0x00, 0x00, 0x00, 0x00, 0x00, 0x00,

    /* U+0073 "s" */
    0x00, 0x00, 0x16, 0x88, 0xd2, 0xf5, 0xfe, 0xeb, 0xc1, 0x7f, 0x1a, 0x00, 0x00, 0x00, 0x00, 0x00,
    0x00, 0x29, 0xe9, 0xff, 0xff, 0xff, 0xff, 0xff, 0xff, 0xff, 0xb6, 0x00, 0x00, 0x00, 0x00, 0x00,
    0x00, 0xbe, 0xff, 0xda, 0x45, 0x0d, 0x03, 0x1b, 0x54, 0xbf, 0x36, 0x00, 0x00, 0x00, 0x00, 0x00,
    0x01, 0xfb, 0xff, 0x54, 0x00, 0x00, 0x00, 0x00, 0x00, 0x00, 0x00, 0x00, 0x00, 0x00, 0x00, 0x00,
    0x00, 0xf4, 0xff, 0x8f, 0x01, 0x00, 0x00, 0x00, 0x00, 0x00, 0x00, 0x00, 0x00, 0x00, 0x00, 0x00,
    0x00, 0x9a, 0xff, 0xff, 0xd9, 0x94, 0x62, 0x34, 0x04, 0x00, 0x00, 0x00, 0x00, 0x00, 0x00, 0x00,
    0x00, 0x08, 0x8e, 0xf4, 0xff, 0xff, 0xff, 0xff, 0xf0, 0x96, 0x15, 0x00, 0x00, 0x00, 0x00, 0x00,
    0x00, 0x00, 0x00, 0x09, 0x43, 0x75, 0xa2, 0xd8, 0xff, 0xff, 0xd4, 0x05, 0x00, 0x00, 0x00, 0x00,
    0x00, 0x00, 0x00, 0x00, 0x00, 0x00, 0x00, 0x00, 0x50, 0xff, 0xff, 0x40, 0x00, 0x00, 0x00, 0x00,
    0x00, 0x1d, 0x00, 0x00, 0x00, 0x00, 0x00, 0x00, 0x08, 0xfe, 0xff, 0x4d, 0x00, 0x00, 0x00, 0x00,
    0x06, 0xe1, 0xcd, 0x6b, 0x2a, 0x0a, 0x0a, 0x2b, 0xa7, 0xff, 0xf9, 0x17, 0x00, 0x00, 0x00, 0x00,
    0x35, 0xf6, 0xff, 0xff, 0xff, 0xff, 0xff, 0xff, 0xff, 0xfd, 0x65, 0x00, 0x00, 0x00, 0x00, 0x00,
    0x00, 0x16, 0x74, 0xbb, 0xe9, 0xfd, 0xf9, 0xdd, 0x9e, 0x2f, 0x00, 0x00, 0x00, 0x00, 0x00, 0x00,

    /* U+0074 "t" */
    0x00, 0x00, 0x7c, 0xff, 0xd4, 0x00, 0x00, 0x00, 0x00, 0x00, 0x00, 0x00, 0x00, 0x00, 0x00, 0x00,
    0x00, 0x00, 0x7c, 0xff, 0xd4, 0x00, 0x00, 0x00, 0x00, 0x00, 0x00, 0x00, 0x00, 0x00, 0x00, 0x00,
    0x00, 0x00, 0x7c, 0xff, 0xd4, 0x00, 0x00, 0x00, 0x00, 0x00, 0x00, 0x00, 0x00, 0x00, 0x00, 0x00,
    0xa4, 0xff, 0xff, 0xff, 0xff, 0xff, 0xff, 0xff, 0x78, 0x00, 0x00, 0x00, 0x00, 0x00, 0x00, 0x00,
    0x97, 0xec, 0xf6, 0xff, 0xff, 0xec, 0xec, 0xec, 0x6f, 0x00, 0x00, 0x00, 0x00, 0x00, 0x00, 0x00,
    0x00, 0x00, 0x7c, 0xff, 0xd4, 0x00, 0x00, 0x00, 0x00, 0x00, 0x00, 0x00, 0x00, 0x00, 0x00, 0x00,
    0x00, 0x00, 0x7c, 0xff, 0xd4, 0x00, 0x00, 0x00, 0x00, 0x00, 0x00, 0x00, 0x00, 0x00, 0x00, 0x00,
    0x00, 0x00, 0x7c, 0xff, 0xd4, 0x00, 0x00, 0x00, 0x00, 0x00, 0x00, 0x00, 0x00, 0x00, 0x00, 0x00,
    0x00, 0x00, 0x7c, 0xff, 0xd4, 0x00, 0x00, 0x00, 0x00, 0x00, 0x00, 0x00, 0x00, 0x00, 0x00, 0x00,
    0x00, 0x00, 0x7c, 0xff, 0xd4, 0x00, 0x00, 0x00, 0x00, 0x00, 0x00, 0x00, 0x00, 0x00, 0x00, 0x00,
    0x00, 0x00, 0x7c, 0xff, 0xd4, 0x00, 0x00, 0x00, 0x00, 0x00, 0x00, 0x00, 0x00, 0x00, 0x00, 0x00,
    0x00, 0x00, 0x7c, 0xff, 0xd4, 0x00, 0x00, 0x00, 0x00, 0x00, 0x00, 0x00, 0x00, 0x00, 0x00, 0x00,
    0x00, 0x00, 0x73, 0xff, 0xe8, 0x01, 0x00, 0x00, 0x00, 0x00, 0x00, 0x00, 0x00, 0x00, 0x00, 0x00,
    0x00, 0x00, 0x44, 0xff, 0xff, 0x73, 0x05, 0x10, 0x4e, 0x00, 0x00, 0x00, 0x00, 0x00, 0x00, 0x00,
    0x00, 0x00, 0x02, 0xc6, 0xff, 0xff, 0xfd, 0xff, 0xfb, 0x1b, 0x00, 0x00, 0x00, 0x00, 0x00, 0x00,
    0x00, 0x00, 0x00, 0x10, 0x95, 0xe8, 0xfe, 0xe6, 0x9a, 0x12, 0x00, 0x00, 0x00, 0x00, 0x00, 0x00,

    /* U+0075 "u" */
    0xf0, 0xff, 0x60, 0x00, 0x00, 0x00, 0x00, 0x00, 0x00, 0x44, 0xff, 0xff, 0x0c, 0x00, 0x00, 0x00,
    0xf0, 0xff, 0x60, 0x00, 0x00, 0x00, 0x00, 0x00, 0x00, 0x44, 0xff, 0xff, 0x0c, 0x00, 0x00, 0x00,
    0xf0, 0xff, 0x60, 0x00, 0x00, 0x00, 0x00, 0x00, 0x00, 0x44, 0xff, 0xff, 0x0c, 0x00, 0x00, 0x00,
    0xf0, 0xff, 0x60, 0x00, 0x00, 0x00, 0x00, 0x00, 0x00, 0x44, 0xff, 0xff, 0x0c, 0x00, 0x00, 0x00,
    0xf0, 0xff, 0x60, 0x00, 0x00, 0x00, 0x00, 0x00, 0x00, 0x44, 0xff, 0xff, 0x0c, 0x00, 0x00, 0x00,
    0xf0, 0xff, 0x60, 0x00, 0x00, 0x00, 0x00, 0x00, 0x00, 0x44, 0xff, 0xff, 0x0c, 0x00, 0x00, 0x00,
    0xf0, 0xff, 0x60, 0x00, 0x00, 0x00, 0x00, 0x00, 0x00, 0x45, 0xff, 0xff, 0x0c, 0x00, 0x00, 0x00,
    0xee, 0xff, 0x66, 0x00, 0x00, 0x00, 0x00, 0x00, 0x00, 0x55, 0xff, 0xff, 0x0c, 0x00, 0x00, 0x00,
    0xdc, 0xff, 0x8b, 0x00, 0x00, 0x00, 0x00, 0x00, 0x00, 0x92, 0xff, 0xff, 0x0c, 0x00, 0x00, 0x00,
    0xa8, 0xff, 0xe6, 0x0f, 0x00, 0x00, 0x00, 0x00, 0x25, 0xf4, 0xff, 0xff, 0x0c, 0x00, 0x00, 0x00,
    0x40, 0xff, 0xff, 0xcf, 0x4a, 0x1a, 0x24, 0x69, 0xea, 0xff, 0xff, 0xff, 0x0c, 0x00, 0x00, 0x00,
    0x00, 0x84, 0xff, 0xff, 0xff, 0xff, 0xff, 0xff, 0xfc, 0x81, 0xff, 0xff, 0x0c, 0x00, 0x00, 0x00,
    0x00, 0x00, 0x4b, 0xb3, 0xec, 0xfe, 0xe9, 0xa9, 0x32, 0x24, 0xff, 0xff, 0x0c, 0x00, 0x00, 0x00,

    /* U+0076 "v" */
    0x01, 0xd5, 0xff, 0x91, 0x00, 0x00, 0x00, 0x00, 0x00, 0x00, 0x00, 0x11, 0xf5, 0xff, 0x3a, 0x00,
    0x00, 0x68, 0xff, 0xf1, 0x0c, 0x00, 0x00, 0x00, 0x00, 0x00, 0x00, 0x75, 0xff, 0xcc, 0x00, 0x00,
    0x00, 0x0b, 0xef, 0xff, 0x68, 0x00, 0x00, 0x00, 0x00, 0x00, 0x03, 0xdf, 0xff, 0x5e, 0x00, 0x00,
    0x00, 0x00, 0x8d, 0xff, 0xd4, 0x00, 0x00, 0x00, 0x00, 0x00, 0x50, 0xff, 0xea, 0x07, 0x00, 0x00,
    0x00, 0x00, 0x21, 0xfd, 0xff, 0x3f, 0x00, 0x00, 0x00, 0x00, 0xbe, 0xff, 0x82, 0x00, 0x00, 0x00,
    0x00, 0x00, 0x00, 0xb2, 0xff, 0xaa, 0x00, 0x00, 0x00, 0x2c, 0xff, 0xfb, 0x1b, 0x00, 0x00, 0x00,
    0x00, 0x00, 0x00, 0x44, 0xff, 0xfb, 0x1b, 0x00, 0x00, 0x99, 0xff, 0xa8, 0x00, 0x00, 0x00, 0x00,
    0x00, 0x00, 0x00, 0x01, 0xd5, 0xff, 0x81, 0x00, 0x11, 0xf6, 0xff, 0x3a, 0x00, 0x00, 0x00, 0x00,
    0x00, 0x00, 0x00, 0x00, 0x6a, 0xff, 0xe8, 0x05, 0x75, 0xff, 0xcd, 0x00, 0x00, 0x00, 0x00, 0x00,
    0x00, 0x00, 0x00, 0x00, 0x0b, 0xf0, 0xff, 0x5b, 0xdf, 0xff, 0x5e, 0x00, 0x00, 0x00, 0x00, 0x00,
    0x00, 0x00, 0x00, 0x00, 0x00, 0x8e, 0xff, 0xf0, 0xff, 0xea, 0x08, 0x00, 0x00, 0x00, 0x00, 0x00,
    0x00, 0x00, 0x00, 0x00, 0x00, 0x23, 0xfe, 0xff, 0xff, 0x84, 0x00, 0x00, 0x00, 0x00, 0x00, 0x00,
    0x00, 0x00, 0x00, 0x00, 0x00, 0x00, 0xb3, 0xff, 0xfb, 0x1b, 0x00, 0x00, 0x00, 0x00, 0x00, 0x00,

    /* U+0077 "w" */
    0xad, 0xff, 0x82, 0x00, 0x00, 0x00, 0x00, 0x00, 0x00, 0x54, 0xff, 0xf4, 0x0a, 0x00, 0x00, 0x00, 0x00, 0x00, 0x00, 0xcf, 0xff, 0x41, 0x00, 0x00, 0x00, 0x00, 0x00, 0x00, 0x00, 0x00, 0x00, 0x00,
    0x50, 0xff, 0xdb, 0x01, 0x00, 0x00, 0x00, 0x00, 0x00, 0xb3, 0xff, 0xff, 0x5b, 0x00, 0x00, 0x00, 0x00, 0x00, 0x2c, 0xff, 0xe2, 0x02, 0x00, 0x00, 0x00, 0x00, 0x00, 0x00, 0x00, 0x00, 0x00, 0x00,
    0x07, 0xed, 0xff, 0x39, 0x00, 0x00, 0x00, 0x00, 0x16, 0xfb, 0xff, 0xff, 0xb8, 0x00, 0x00, 0x00, 0x00, 0x00, 0x8a, 0xff, 0x85, 0x00, 0x00, 0x00, 0x00, 0x00, 0x00, 0x00, 0x00, 0x00, 0x00, 0x00,
    0x00, 0x96, 0xff, 0x94, 0x00, 0x00, 0x00, 0x00, 0x70, 0xff, 0xc1, 0xfb, 0xfc, 0x18, 0x00, 0x00, 0x00, 0x03, 0xe5, 0xff, 0x29, 0x00, 0x00, 0x00, 0x00, 0x00, 0x00, 0x00, 0x00, 0x00, 0x00, 0x00,
    0x00, 0x38, 0xff, 0xeb, 0x04, 0x00, 0x00, 0x00, 0xd0, 0xff, 0x4b, 0xb1, 0xff, 0x71, 0x00, 0x00, 0x00, 0x44, 0xff, 0xcc, 0x00, 0x00, 0x00, 0x00, 0x00, 0x00, 0x00, 0x00, 0x00, 0x00, 0x00, 0x00,
    0x00, 0x01, 0xdb, 0xff, 0x4b, 0x00, 0x00, 0x2d, 0xff, 0xe6, 0x03, 0x54, 0xff, 0xce, 0x00, 0x00, 0x00, 0xa4, 0xff, 0x6d, 0x00, 0x00, 0x00, 0x00, 0x00, 0x00, 0x00, 0x00, 0x00, 0x00, 0x00, 0x00,
    0x00, 0x00, 0x7e, 0xff, 0xa6, 0x00, 0x00, 0x8c, 0xff, 0x88, 0x00, 0x07, 0xed, 0xff, 0x2b, 0x00, 0x0c, 0xf4, 0xfb, 0x15, 0x00, 0x00, 0x00, 0x00, 0x00, 0x00, 0x00, 0x00, 0x00, 0x00, 0x00, 0x00,
    0x00, 0x00, 0x21, 0xff, 0xf6, 0x0c, 0x04, 0xe8, 0xff, 0x28, 0x00, 0x00, 0x94, 0xff, 0x88, 0x00, 0x5c, 0xff, 0xb3, 0x00, 0x00, 0x00, 0x00, 0x00, 0x00, 0x00, 0x00, 0x00, 0x00, 0x00, 0x00, 0x00,
    0x00, 0x00, 0x00, 0xc4, 0xff, 0x5d, 0x4b, 0xff, 0xc8, 0x00, 0x00, 0x00, 0x34, 0xff, 0xe3, 0x02, 0xbb, 0xff, 0x54, 0x00, 0x00, 0x00, 0x00, 0x00, 0x00, 0x00, 0x00, 0x00, 0x00, 0x00, 0x00, 0x00,
    0x00, 0x00, 0x00, 0x67, 0xff, 0xb9, 0xa9, 0xff, 0x67, 0x00, 0x00, 0x00, 0x00, 0xd4, 0xff, 0x5d, 0xfd, 0xf0, 0x08, 0x00, 0x00, 0x00, 0x00, 0x00, 0x00, 0x00, 0x00, 0x00, 0x00, 0x00, 0x00, 0x00,
    0x00, 0x00, 0x00, 0x10, 0xf9, 0xfc, 0xf9, 0xf6, 0x0f, 0x00, 0x00, 0x00, 0x00, 0x78, 0xff, 0xf3, 0xff, 0x9a, 0x00, 0x00, 0x00, 0x00, 0x00, 0x00, 0x00, 0x00, 0x00, 0x00, 0x00, 0x00, 0x00, 0x00,
    0x00, 0x00, 0x00, 0x00, 0xac, 0xff, 0xff, 0xa4, 0x00, 0x00, 0x00, 0x00, 0x00, 0x1a, 0xfd, 0xff, 0xff, 0x3c, 0x00, 0x00, 0x00, 0x00, 0x00, 0x00, 0x00, 0x00, 0x00, 0x00, 0x00, 0x00, 0x00, 0x00,
    0x00, 0x00, 0x00, 0x00, 0x4f, 0xff, 0xff, 0x44, 0x00, 0x00, 0x00, 0x00, 0x00, 0x00, 0xb8, 0xff, 0xde, 0x01, 0x00, 0x00, 0x00, 0x00, 0x00, 0x00, 0x00, 0x00, 0x00, 0x00, 0x00, 0x00, 0x00, 0x00,

    /* U+0078 "x" */
    0x1e, 0xee, 0xff, 0x84, 0x00, 0x00, 0x00, 0x00, 0x00, 0x42, 0xfd, 0xfe, 0x46, 0x00, 0x00, 0x00,
    0x00, 0x4d, 0xff, 0xfe, 0x45, 0x00, 0x00, 0x00, 0x17, 0xe8, 0xff, 0x84, 0x00, 0x00, 0x00, 0x00,
    0x00, 0x00, 0x8c, 0xff, 0xe9, 0x18, 0x00, 0x02, 0xba, 0xff, 0xbd, 0x03, 0x00, 0x00, 0x00, 0x00,
    0x00, 0x00, 0x05, 0xc7, 0xff, 0xbd, 0x03, 0x7c, 0xff, 0xe8, 0x18, 0x00, 0x00, 0x00, 0x00, 0x00,
    0x00, 0x00, 0x00, 0x1e, 0xee, 0xff, 0xab, 0xfd, 0xfd, 0x43, 0x00, 0x00, 0x00, 0x00, 0x00, 0x00,
    0x00, 0x00, 0x00, 0x00, 0x4d, 0xff, 0xff, 0xff, 0x7f, 0x00, 0x00, 0x00, 0x00, 0x00, 0x00, 0x00,
    0x00, 0x00, 0x00, 0x00, 0x03, 0xdc, 0xff, 0xfc, 0x17, 0x00, 0x00, 0x00, 0x00, 0x00, 0x00, 0x00,
    0x00, 0x00, 0x00, 0x00, 0x84, 0xff, 0xff, 0xff, 0xb9, 0x02, 0x00, 0x00, 0x00, 0x00, 0x00, 0x00,
    0x00, 0x00, 0x00, 0x47, 0xfe, 0xfe, 0x5e, 0xed, 0xff, 0x7c, 0x00, 0x00, 0x00, 0x00, 0x00, 0x00,
    0x00, 0x00, 0x1b, 0xea, 0xff, 0x83, 0x00, 0x4a, 0xff, 0xfd, 0x43, 0x00, 0x00, 0x00, 0x00, 0x00,
    0x00, 0x04, 0xc2, 0xff, 0xc1, 0x03, 0x00, 0x00, 0x8c, 0xff, 0xe8, 0x1a, 0x00, 0x00, 0x00, 0x00,
    0x00, 0x87, 0xff, 0xea, 0x1b, 0x00, 0x00, 0x00, 0x06, 0xca, 0xff, 0xc1, 0x04, 0x00, 0x00, 0x00,
    0x49, 0xfe, 0xfe, 0x49, 0x00, 0x00, 0x00, 0x00, 0x00, 0x22, 0xf1, 0xff, 0x86, 0x00, 0x00, 0x00,

    /* U+0079 "y" */
    0x01, 0xd5, 0xff, 0x92, 0x00, 0x00, 0x00, 0x00, 0x00, 0x00, 0x00, 0x11, 0xf5, 0xff, 0x3a, 0x00,
    0x00, 0x67, 0xff, 0xf1, 0x0d, 0x00, 0x00, 0x00, 0x00, 0x00, 0x00, 0x72, 0xff, 0xcb, 0x00, 0x00,
    0x00, 0x0a, 0xef, 0xff, 0x6a, 0x00, 0x00, 0x00, 0x00, 0x00, 0x02, 0xdc, 0xff, 0x5e, 0x00, 0x00,
    0x00, 0x00, 0x89, 0xff, 0xd7, 0x01, 0x00, 0x00, 0x00, 0x00, 0x48, 0xff, 0xe9, 0x07, 0x00, 0x00,
    0x00, 0x00, 0x1e, 0xfc, 0xff, 0x44, 0x00, 0x00, 0x00, 0x00, 0xb4, 0xff, 0x82, 0x00, 0x00, 0x00,
    0x00, 0x00, 0x00, 0xab, 0xff, 0xb1, 0x00, 0x00, 0x00, 0x22, 0xfe, 0xfb, 0x19, 0x00, 0x00, 0x00,
    0x00, 0x00, 0x00, 0x3e, 0xff, 0xfd, 0x21, 0x00, 0x00, 0x8c, 0xff, 0xa6, 0x00, 0x00, 0x00, 0x00,
    0x00, 0x00, 0x00, 0x00, 0xcf, 0xff, 0x89, 0x00, 0x0a, 0xef, 0xff, 0x38, 0x00, 0x00, 0x00, 0x00,
    0x00, 0x00, 0x00, 0x00, 0x62, 0xff, 0xed, 0x09, 0x62, 0xff, 0xca, 0x00, 0x00, 0x00, 0x00, 0x00,
    0x00, 0x00, 0x00, 0x00, 0x08, 0xea, 0xff, 0x62, 0xcf, 0xff, 0x5d, 0x00, 0x00, 0x00, 0x00, 0x00,
    0x00, 0x00, 0x00, 0x00, 0x00, 0x83, 0xff, 0xe9, 0xff, 0xe9, 0x06, 0x00, 0x00, 0x00, 0x00, 0x00,
    0x00, 0x00, 0x00, 0x00, 0x00, 0x1b, 0xfb, 0xff, 0xff, 0x80, 0x00, 0x00, 0x00, 0x00, 0x00, 0x00,
    0x00, 0x00, 0x00, 0x00, 0x00, 0x00, 0xa8, 0xff, 0xfa, 0x17, 0x00, 0x00, 0x00, 0x00, 0x00, 0x00,
    0x00, 0x00, 0x00, 0x00, 0x00, 0x00, 0xa4, 0xff, 0xa3, 0x00, 0x00, 0x00, 0x00, 0x00, 0x00, 0x00,
    0x00, 0x00, 0x00, 0x00, 0x00, 0x1f, 0xfa, 0xff, 0x36, 0x00, 0x00, 0x00, 0x00, 0x00, 0x00, 0x00,
    0x02, 0xa9, 0x49, 0x08, 0x23, 0xc6, 0xff, 0xbb, 0x00, 0x00, 0x00, 0x00, 0x00, 0x00, 0x00, 0x00,
    0x54, 0xff, 0xff, 0xff, 0xff, 0xff, 0xea, 0x23, 0x00, 0x00, 0x00, 0x00, 0x00, 0x00, 0x00, 0x00,
    0x09, 0x7d, 0xd7, 0xfd, 0xef, 0xaa, 0x22, 0x00, 0x00, 0x00, 0x00, 0x00, 0x00, 0x00, 0x00, 0x00,

    /* U+007A "z" */
    0x00, 0xe4, 0xff, 0xff, 0xff, 0xff, 0xff, 0xff, 0xff, 0xff, 0xff, 0x6c, 0x00, 0x00, 0x00, 0x00,
    0x00, 0xd2, 0xec, 0xec, 0xec, 0xec, 0xec, 0xec, 0xf7, 0xff, 0xff, 0x56, 0x00, 0x00, 0x00, 0x00,
    0x00, 0x00, 0x00, 0x00, 0x00, 0x00, 0x00, 0x15, 0xe1, 0xff, 0xa9, 0x00, 0x00, 0x00, 0x00, 0x00,
    0x00, 0x00, 0x00, 0x00, 0x00, 0x00, 0x03, 0xbd, 0xff, 0xd3, 0x0c, 0x00, 0x00, 0x00, 0x00, 0x00,
    0x00, 0x00, 0x00, 0x00, 0x00, 0x00, 0x89, 0xff, 0xf0, 0x24, 0x00, 0x00, 0x00, 0x00, 0x00, 0x00,
    0x00, 0x00, 0x00, 0x00, 0x00, 0x55, 0xff, 0xfe, 0x4c, 0x00, 0x00, 0x00, 0x00, 0x00, 0x00, 0x00,
    0x00, 0x00, 0x00, 0x00, 0x2a, 0xf4, 0xff, 0x83, 0x00, 0x00, 0x00, 0x00, 0x00, 0x00, 0x00, 0x00,
    0x00, 0x00, 0x00, 0x0e, 0xda, 0xff, 0xb5, 0x02, 0x00, 0x00, 0x00, 0x00, 0x00, 0x00, 0x00, 0x00,
    0x00, 0x00, 0x01, 0xaf, 0xff, 0xdc, 0x10, 0x00, 0x00, 0x00, 0x00, 0x00, 0x00, 0x00, 0x00, 0x00,
    0x00, 0x00, 0x7c, 0xff, 0xf5, 0x2e, 0x00, 0x00, 0x00, 0x00, 0x00, 0x00, 0x00, 0x00, 0x00, 0x00,
    0x00, 0x48, 0xfd, 0xff, 0x59, 0x00, 0x00, 0x00, 0x00, 0x00, 0x00, 0x00, 0x00, 0x00, 0x00, 0x00,
    0x07, 0xee, 0xff, 0xff, 0xec, 0xec, 0xec, 0xec, 0xec, 0xec, 0xec, 0x90, 0x00, 0x00, 0x00, 0x00,
    0x0c, 0xff, 0xff, 0xff, 0xff, 0xff, 0xff, 0xff, 0xff, 0xff, 0xff, 0x9c, 0x00, 0x00, 0x00, 0x00
};

/*---------------------
 *  GLYPH DESCRIPTION
 *--------------------*/

static const lv_font_fmt_txt_glyph_dsc_t glyph_dsc[] = {
    {.bitmap_index = 0, .adv_w = 0, .box_w = 0, .box_h = 0, .ofs_x = 0, .ofs_y = 0} /* id = 0 reserved */,
    {.bitmap_index = 0, .adv_w = 103, .box_w = 0, .box_h = 0, .ofs_x = 0, .ofs_y = 0},
    {.bitmap_index = 0, .adv_w = 324, .box_w = 20, .box_h = 17, .ofs_x = 0, .ofs_y = 0},
    {.bitmap_index = 544, .adv_w = 223, .box_w = 12, .box_h = 12, .ofs_x = 1, .ofs_y = 3},
    {.bitmap_index = 736, .adv_w = 147, .box_w = 7, .box_h = 3, .ofs_x = 1, .ofs_y = 6},
    {.bitmap_index = 784, .adv_w = 87, .box_w = 4, .box_h = 4, .ofs_x = 1, .ofs_y = 0},
    {.bitmap_index = 848, .adv_w = 135, .box_w = 11, .box_h = 23, .ofs_x = -1, .ofs_y = -2},
    {.bitmap_index = 1216, .adv_w = 256, .box_w = 14, .box_h = 17, .ofs_x = 1, .ofs_y = 0},
    {.bitmap_index = 1488, .adv_w = 142, .box_w = 7, .box_h = 17, .ofs_x = 0, .ofs_y = 0},
    {.bitmap_index = 1760, .adv_w = 220, .box_w = 13, .box_h = 17, .ofs_x = 0, .ofs_y = 0},
    {.bitmap_index = 2032, .adv_w = 220, .box_w = 13, .box_h = 17, .ofs_x = 0, .ofs_y = 0},
    {.bitmap_index = 2304, .adv_w = 257, .box_w = 16, .box_h = 17, .ofs_x = 0, .ofs_y = 0},
    {.bitmap_index = 2576, .adv_w = 220, .box_w = 13, .box_h = 17, .ofs_x = 0, .ofs_y = 0},
    {.bitmap_index = 2848, .adv_w = 237, .box_w = 14, .box_h = 17, .ofs_x = 1, .ofs_y = 0},
    {.bitmap_index = 3120, .adv_w = 230, .box_w = 14, .box_h = 17, .ofs_x = 0, .ofs_y = 0},
    {.bitmap_index = 3392, .adv_w = 247, .box_w = 14, .box_h = 17, .ofs_x = 1, .ofs_y = 0},
    {.bitmap_index = 3664, .adv_w = 237, .box_w = 14, .box_h = 17, .ofs_x = 0, .ofs_y = 0},
    {.bitmap_index = 3936, .adv_w = 281, .box_w = 19, .box_h = 17, .ofs_x = -1, .ofs_y = 0},
    {.bitmap_index = 4480, .adv_w = 291, .box_w = 15, .box_h = 17, .ofs_x = 2, .ofs_y = 0},
    {.bitmap_index = 4752, .adv_w = 274, .box_w = 16, .box_h = 17, .ofs_x = 1, .ofs_y = 0},
    {.bitmap_index = 5024, .adv_w = 317, .box_w = 17, .box_h = 17, .ofs_x = 2, .ofs_y = 0},
    {.bitmap_index = 5568, .adv_w = 257, .box_w = 13, .box_h = 17, .ofs_x = 2, .ofs_y = 0},
    {.bitmap_index = 5840, .adv_w = 244, .box_w = 13, .box_h = 17, .ofs_x = 2, .ofs_y = 0},
    {.bitmap_index = 6112, .adv_w = 296, .box_w = 16, .box_h = 17, .ofs_x = 1, .ofs_y = 0},
    {.bitmap_index = 6384, .adv_w = 312, .box_w = 15, .box_h = 17, .ofs_x = 2, .ofs_y = 0},
    {.bitmap_index = 6656, .adv_w = 119, .box_w = 3, .box_h = 17, .ofs_x = 2, .ofs_y = 0},
    {.bitmap_index = 6928, .adv_w = 197, .box_w = 11, .box_h = 17, .ofs_x = -1, .ofs_y = 0},
    {.bitmap_index = 7200, .adv_w = 276, .box_w = 16, .box_h = 17, .ofs_x = 2, .ofs_y = 0},
    {.bitmap_index = 7472, .adv_w = 228, .box_w = 13, .box_h = 17, .ofs_x = 2, .ofs_y = 0},
    {.bitmap_index = 7744, .adv_w = 367, .box_w = 19, .box_h = 17, .ofs_x = 2, .ofs_y = 0},
    {.bitmap_index = 8288, .adv_w = 312, .box_w = 15, .box_h = 17, .ofs_x = 2, .ofs_y = 0},
    {.bitmap_index = 8560, .adv_w = 323, .box_w = 19, .box_h = 17, .ofs_x = 1, .ofs_y = 0},
    {.bitmap_index = 9104, .adv_w = 277, .box_w = 15, .box_h = 17, .ofs_x = 2, .ofs_y = 0},
    {.bitmap_index = 9376, .adv_w = 323, .box_w = 19, .box_h = 20, .ofs_x = 1, .ofs_y = -3},
    {.bitmap_index = 10016, .adv_w = 279, .box_w = 15, .box_h = 17, .ofs_x = 2, .ofs_y = 0},
    {.bitmap_index = 10288, .adv_w = 238, .box_w = 14, .box_h = 17, .ofs_x = 0, .ofs_y = 0},
    {.bitmap_index = 10560, .adv_w = 225, .box_w = 14, .box_h = 17, .ofs_x = 0, .ofs_y = 0},
    {.bitmap_index = 10832, .adv_w = 304, .box_w = 15, .box_h = 17, .ofs_x = 2, .ofs_y = 0},
    {.bitmap_index = 11104, .adv_w = 273, .box_w = 19, .box_h = 17, .ofs_x = -1, .ofs_y = 0},
    {.bitmap_index = 11648, .adv_w = 432, .box_w = 27, .box_h = 17, .ofs_x = 0, .ofs_y = 0},
    {.bitmap_index = 12192, .adv_w = 258, .box_w = 16, .box_h = 17, .ofs_x = 0, .ofs_y = 0},
    {.bitmap_index = 12464, .adv_w = 248, .box_w = 17, .box_h = 17, .ofs_x = -1, .ofs_y = 0},
    {.bitmap_index = 13008, .adv_w = 252, .box_w = 15, .box_h = 17, .ofs_x = 1, .ofs_y = 0},
    {.bitmap_index = 13280, .adv_w = 230, .box_w = 12, .box_h = 13, .ofs_x = 1, .ofs_y = 0},
    {.bitmap_index = 13488, .adv_w = 262, .box_w = 14, .box_h = 18, .ofs_x = 2, .ofs_y = 0},
    {.bitmap_index = 13776, .adv_w = 219, .box_w = 12, .box_h = 13, .ofs_x = 1, .ofs_y = 0},
    {.bitmap_index = 13984, .adv_w = 262, .box_w = 14, .box_h = 18, .ofs_x = 1, .ofs_y = 0},
    {.bitmap_index = 14272, .adv_w = 235, .box_w = 13, .box_h = 13, .ofs_x = 1, .ofs_y = 0},
    {.bitmap_index = 14480, .adv_w = 136, .box_w = 10, .box_h = 18, .ofs_x = 0, .ofs_y = 0},
    {.bitmap_index = 14768, .adv_w = 265, .box_w = 14, .box_h = 18, .ofs_x = 1, .ofs_y = -5},
    {.bitmap_index = 15056, .adv_w = 262, .box_w = 13, .box_h = 18, .ofs_x = 2, .ofs_y = 0},
    {.bitmap_index = 15344, .adv_w = 107, .box_w = 4, .box_h = 18, .ofs_x = 1, .ofs_y = 0},
    {.bitmap_index = 15632, .adv_w = 109, .box_w = 9, .box_h = 23, .ofs_x = -3, .ofs_y = -5},
    {.bitmap_index = 16000, .adv_w = 236, .box_w = 13, .box_h = 18, .ofs_x = 2, .ofs_y = 0},
    {.bitmap_index = 16288, .adv_w = 107, .box_w = 3, .box_h = 18, .ofs_x = 2, .ofs_y = 0},
    {.bitmap_index = 16576, .adv_w = 406, .box_w = 22, .box_h = 13, .ofs_x = 2, .ofs_y = 0},
    {.bitmap_index = 16992, .adv_w = 262, .box_w = 13, .box_h = 13, .ofs_x = 2, .ofs_y = 0},
    {.bitmap_index = 17200, .adv_w = 244, .box_w = 14, .box_h = 13, .ofs_x = 1, .ofs_y = 0},
    {.bitmap_index = 17408, .adv_w = 262, .box_w = 14, .box_h = 18, .ofs_x = 2, .ofs_y = -5},
    {.bitmap_index = 17696, .adv_w = 262, .box_w = 14, .box_h = 18, .ofs_x = 1, .ofs_y = -5},
    {.bitmap_index = 17984, .adv_w = 157, .box_w = 8, .box_h = 13, .ofs_x = 2, .ofs_y = 0},
    {.bitmap_index = 18192, .adv_w = 192, .box_w = 12, .box_h = 13, .ofs_x = 0, .ofs_y = 0},
    {.bitmap_index = 18400, .adv_w = 159, .box_w = 10, .box_h = 16, .ofs_x = 0, .ofs_y = 0},
    {.bitmap_index = 18656, .adv_w = 260, .box_w = 13, .box_h = 13, .ofs_x = 2, .ofs_y = 0},
    {.bitmap_index = 18864, .adv_w = 215, .box_w = 15, .box_h = 13, .ofs_x = -1, .ofs_y = 0},
    {.bitmap_index = 19072, .adv_w = 345, .box_w = 22, .box_h = 13, .ofs_x = 0, .ofs_y = 0},
    {.bitmap_index = 19488, .adv_w = 212, .box_w = 13, .box_h = 13, .ofs_x = 0, .ofs_y = 0},
    {.bitmap_index = 19696, .adv_w = 215, .box_w = 15, .box_h = 18, .ofs_x = -1, .ofs_y = -5},
    {.bitmap_index = 19984, .adv_w = 200, .box_w = 12, .box_h = 13, .ofs_x = 0, .ofs_y = 0}
};

/*---------------------
 *  CHARACTER MAPPING
 *--------------------*/

static const uint16_t unicode_list_0[] = {
    0x00, 0x05, 0x0b
};

/*Collect the unicode lists and glyph_id offsets*/
static const lv_font_fmt_txt_cmap_t cmaps[] =
{
    {
        .range_start = 32, .range_length = 12, .glyph_id_start = 1,
        .unicode_list = unicode_list_0, .glyph_id_ofs_list = NULL, .list_length = 3, .type = LV_FONT_FMT_TXT_CMAP_SPARSE_TINY
    },
    {
        .range_start = 45, .range_length = 13, .glyph_id_start = 4,
        .unicode_list = NULL, .glyph_id_ofs_list = NULL, .list_length = 0, .type = LV_FONT_FMT_TXT_CMAP_FORMAT0_TINY
    },
    {
        .range_start = 65, .range_length = 26, .glyph_id_start = 17,
        .unicode_list = NULL, .glyph_id_ofs_list = NULL, .list_length = 0, .type = LV_FONT_FMT_TXT_CMAP_FORMAT0_TINY
    },
    {
        .range_start = 97, .range_length = 26, .glyph_id_start = 43,
        .unicode_list = NULL, .glyph_id_ofs_list = NULL, .list_length = 0, .type = LV_FONT_FMT_TXT_CMAP_FORMAT0_TINY
    }
};



/*--------------------
 *  ALL CUSTOM DATA
 *--------------------*/

#if LVGL_VERSION_MAJOR == 8
/*Store all the custom data of the font*/
static  lv_font_fmt_txt_glyph_cache_t cache;
#endif

#if LVGL_VERSION_MAJOR >= 8
static const lv_font_fmt_txt_dsc_t font_dsc = {
#else
static lv_font_fmt_txt_dsc_t font_dsc = {
#endif
    .glyph_bitmap = glyph_bitmap,
    .glyph_dsc = glyph_dsc,
    .cmaps = cmaps,
    .kern_dsc = NULL,
    .kern_scale = 0,
    .cmap_num = 4,
    .bpp = 8,
    .kern_classes = 0,
    .bitmap_format = 0,
#if LVGL_VERSION_MAJOR == 8
    .cache = &cache
#endif
    .stride = 16
};

extern const lv_font_t lv_font_montserrat_14_aligned;


/*-----------------
 *  PUBLIC FONT
 *----------------*/

/*Initialize a public general font descriptor*/
#if LVGL_VERSION_MAJOR >= 8
const lv_font_t lv_font_montserratMedium_24 = {
#else
lv_font_t lv_font_montserratMedium_24 = {
#endif
    .get_glyph_dsc = lv_font_get_glyph_dsc_fmt_txt,    /*Function pointer to get glyph's data*/
    .get_glyph_bitmap = lv_font_get_bitmap_fmt_txt,    /*Function pointer to get glyph's bitmap*/
    .line_height = 29,          /*The maximum line height required by the font*/
    .base_line = 7,             /*Baseline measured from the bottom of the line*/
#if !(LVGL_VERSION_MAJOR == 6 && LVGL_VERSION_MINOR == 0)
    .subpx = LV_FONT_SUBPX_NONE,
#endif
#if LV_VERSION_CHECK(7, 4, 0) || LVGL_VERSION_MAJOR >= 8
    .underline_position = -2,
    .underline_thickness = 1,
#endif

#if LV_VERSION_CHECK(9, 3, 0)
    .static_bitmap = 1,    /*Bitmaps are stored as const so they are always static if not compressed */
#endif

    .dsc = &font_dsc,          /*The custom font data. Will be accessed by `get_glyph_bitmap/dsc` */
#if LV_VERSION_CHECK(8, 2, 0) || LVGL_VERSION_MAJOR >= 9
    .fallback = &lv_font_montserrat_14_aligned,
#endif
    .user_data = NULL,
};



#endif /*#if LV_FONT_MONTSERRATMEDIUM_24*/
